user_id,screen_name,followers_count,friends_count,statuses_count,location
187680645,LLinWood,909931,8105,13441,"Atlanta, GA"
3018960919,RebelNewsOnline,209015,17255,39757,Canada and the world
48459553,KatiePavlich,886572,1840,50306,On Instagram/Off Twitter wknds
18005085,MZHemingway,691917,1313,105205,Justice on Trial: The Kavanaugh Confirmation and the Future of the Supreme Court
22956220,HeyTammyBruce,450359,1608,126796,New York/Los Angeles
121574367,LisaMarieBoothe,428246,2551,30282,"Miami, FL"
1272452696,CWink44,342,679,630,
201066140,pnjaban,234758,2125,71135,San Francisco
1141011401575714816,Budlitemama1,960,1272,3683,
217811262,pstroybrewer,5111,5095,14088,Joshua Texas & Burleson Texas
58120509,dagenmcdowell,200622,646,17993,
2719515935,PrayFightTrust,2800,3958,112435,
895954495116644352,tom2badcat,88746,4419,8242,United States
1021461090671030272,SaltyCracker9,39515,1107,9173,616
36528126,kirstiealley,1612396,917,78150,Hollywood
1321154961829359617,Taco_LocoFoSho,2650,1637,15744,"California, USA"
1006474869570093056,samanthamarika1,299389,249,6820,IG: samanthamasonmarikaa
23213621,sherrylynne60,32853,36137,146795,United States
132220975,RayRenzi0520,3850,3847,13566,
19091173,scrowder,1340650,2746,59295,Ghostlike
