user_id,screen_name,followers_count,friends_count,statuses_count,location
1305543113172226048,MagnumGun357,14397,14270,12727,United States of America 
1338250993062973440,MermanEthal,18718,1111,1405,
951450180,JoeyAndy0,729,1714,316,"Paris, France"
1066918647174590464,Jamz129,1009,1215,52802,
1265449182388617217,jmcpatisserie,790,2468,1353,
1134907689476210688,PennieBaileyMa1,1125,3387,979,"Ecru, Ms"
787468464,dookie_jackley,159,472,12722,United States
1001865677639122944,MarilynCoulonge,50,168,184,
2347557425,ShannonDemick,939,3220,14552,
1087725689741164544,ReasonedTruth,1160,2817,1891,
735139041797152770,Trumpetarian,1167,1154,5411,
301178192,KieranEleison,554,390,84170,
1343192431425150981,DPen142,1200,1085,670,
1294126339746942977,iamright_handed,39,260,316,landofthefreehomeofthebrave
18604137,RonColeman,162921,1131,240532,"New Jersey, USA"
15142117,djayme7,136,305,4141,in a technocratic shithole
2815614288,ILstaceyk,85,230,3887,Conservative Stuck in IL
1334300969266507782,BobbyPiton3,116870,66,1657,
1231747141090988032,SonsOfLiberty_1,643,707,61,
1320862603850244098,zazblog,2527,4924,18136,
