user_id,screen_name,followers_count,friends_count,statuses_count,location
1686926166,Moira_EL62,424,1184,6051,
1343969530960179205,Md2Roth,226,445,8,"Los Angeles, CA"
1334300969266507782,BobbyPiton3,117875,66,1662,
1337531542114078722,JovanHPulitzer,73457,86,1938,
758328251861401600,_nalexander,8652,888,13776,"Riverton, NJ"
2388042907,christina_bobb,112596,8683,2007,"Washington, DC"
1097348008407191553,Investigator_51,43168,39681,22046,"Nunya, Business"
1201953403099893760,RonnyJacksonTX,118872,296,1632,"Amarillo, Texas"
1881296893,PatrickByrne,198691,175,3533,Inside Deep State's OODA-Loop
1272381082009247744,trydbt,1299,2292,4591,
4258100188,NDIRISH1964,494,1633,3587,
1253271810193399809,samsam767676,214,206,10222,
1214892104700366848,shervalenzuela2,16,190,1009,
3338072925,MagentaMarv,2640,3036,201,Kentucky
405598077,finwiz416,19674,18331,47334,
23951440,BGOnTheScene,98261,1232,20731,United States
919915731961237505,KevinSoltow,4818,4462,459,Switzerland
131546062,SenRickScott,356049,2730,18151,The Sunshine State
31092203,artelliott7,3278,4405,16948,"Texas, USA"
843904157081845762,USMarshalsHQ,87790,380,3339,"Washington, DC"
