user_id,screen_name,followers_count,friends_count,statuses_count,location
1018627848,JimBelushi,107345,231,1124,
46303458,paulbenedict7,28698,26917,103629,Southern California
2363961183,survivinglife3,7881,6765,106541,
1095129347969638400,Georgeous113,401,628,5214,
47833617,ScrapperChris,17917,14450,170890,
348590880,CFBONFOX,226343,3836,29838,
736989573201301504,KelemenCari,144695,14197,68911,Texas
2790221072,Patriot1Kelly,5707,6245,35179,"Texas, USA"
14362404,bradheath,122639,1211,43428,Washington
2233154425,StephenKing,6307717,131,5618,
44385628,gregkellyusa,286621,1463,2992,
46479416,mikebarnicle,153465,1738,8232,
365606579,ELF1955,16312,16589,82023,D/FW TEXAS
1430942660,LevensonLaura,10497,11337,70657,"Blackhawk, CA"
1112018017943080960,RobertW38113039,11869,9478,18883,"URN , NEW MEXICO !"
1163708465526792192,elton_johnso,2703,3899,4459,Minnesota
3544123154,MilsteinFF,68293,44149,3074,"Los Angeles, CA"
1325172083559604226,AndrewKAG2020,16446,4912,22725,United States
20009204,ArlenWms,33746,27557,69856,"""the free and independent [U]nited States of America"""
231183280,NetflixUK,875610,1854,51092,UK & Ireland
