user_id,screen_name,followers_count,friends_count,statuses_count,location
3236814146,WendyMc2886,98,836,1963,
53423770,pdisante,356,2208,9016,USA
213023788,grace77127,136,680,6093,
853446674420826112,bornofhislove,500,2103,2651,
791691709134491648,NickCavelove67,2817,3556,7994,Ca USA
553162118,missygayletn,41,966,132,
37652165,Tliberty2018,129,702,12127,
3308832888,VriesUp,12,600,1,
1656978151,17SimplySteve,1300,2297,19610,
22951229,SwtCherBear,157,716,405,"Atlanta, GA"
927188373604794370,DeecodeQ,80,262,15964,
36249365,PiaX,36,353,1322,"Florida, USA"
965364776393150464,TwoSathers,1356,4990,247,
1102432699245981696,Patriot4life4,21,96,62,
2886893817,cshalluck,222,511,3974,
27370224,skohpay,360,3009,4275,Oklahoma
534601388,jtvigg,51,682,17076,TEXAS / PENNSYLVANIA
537546233,lynne_bish,9,388,192,
880174057,Hoek_13,625,1432,28086,
263432402,verygreenmoss,376,2381,7,Oklahoma
