user_id,screen_name,followers_count,friends_count,statuses_count,location
2486804308,bd020514,10109,10155,26867,"Georgia, USA"
1251925554594373633,TaterSa43719483,5558,6114,41016,OREGON
2267452640,MadeInAmericaCo,17729,877,5916,USA
3697635196,WayWEcIT,4166,4667,40358,"Virginia, USA"
207780089,tieman2010,1890,4548,16163,Las Vegas Nevada
4104741734,realpecosbill,1027,1441,25795,"Pecos, TX"
938072800929239040,lgutwein99_31,3243,642,370,"Indiana, USA"
16223834,RovingPoet,11822,11617,59255,Heartland
1226694334071726080,KeithEMorrison1,1585,1846,87616,West Coast Veteran
930796926,DaneDeArmond,170,340,7648,In your Head...
423891211,realjonathanT,329,609,2494,"Brunswick, GA"
1338436711290990593,KAG17USA,250,1235,742,"Chicago, IL"
10014412,The_Lorax,4022,4917,7731,"Albany, OR, USA"
792270532565671936,thewondergeezer,1322,1515,109541,
1245368885131399168,JMRose11785397,608,933,2572,
896924409927225345,NaylorFran,1138,1584,12101,United States
888106937698603009,chefjoe22,738,1356,15564,NJ
750807975955091457,falkirkcenter,32,22,74,"1408 Mission Avenue at E Street San Rafael, CA 94901"
1199115767092072448,falkirk_center,28158,1063,1957,Liberty University
874465187394330625,DOITQ_GO17,13430,45,15381,
