user_id,screen_name,followers_count,friends_count,statuses_count,location
226357569,SybilLuddington,2415,4960,40543,
1313966902704771072,BlueSky_Report,42588,1581,1429,
397305151,BeijingJoeBiden,1162,861,4552,Back on Twitter after 8 years
79578096,uneedtoknow1,742,1278,3392,"Maine, uSA"
32911909,Quickwitnitwit,7448,772,7975,Uk
813745126216441856,JennieSTaer,8976,3034,4639,"Washington, DC"
958408514807967751,NewDayForNJ,82265,22685,36284,"New Jersey, USA"
10292132,joelpollak,188608,3717,75862,"Pacific Palisades, CA"
1257129114114424832,LitecoinLeader,4488,4939,8822,
741113412357357568,CoralineElise,35383,6586,26325,333
2812797948,ItalyQanons,21957,4350,31482,
1208085411945431040,EthanBenMiller,23453,17086,375,"Massachusetts, USA"
838157665805070336,RichDB214,3202,4741,22830,"San Diego, CA"
3301847203,BenKTallmadge,69341,17643,260049,
752131519569731584,nolitehypocrita,240,690,9615,"Austin, TX"
526599601,GeorgeEPaton,391,742,7940,Central Virginia
4498499074,FreedomFromNWO,1155,4500,25355,Royaume de dieu
15411120,classicbrew,47,220,1511,
1259984421878411265,jonahjonas77,18377,9989,6567,Canadian patriot 🇨🇦🇨🇦🇨🇦
34722773,davidiwinski,2849,4972,7530,"Pittsburgh, PA"
