user_id,screen_name,followers_count,friends_count,statuses_count,location
592730371,JackPosobiec,1266997,965,73764,Valley Forge
275276082,Thomas1774Paine,307183,53164,177484,Muckraker at TruePundit.com
98956941,afbranco,48144,2182,35138,Washington State
3194920178,Swirlds,7209,117,244,"Dallas, TX"
169686021,kanyewest,30876465,240,1915,
21105896,Reserveage,4352,4440,2165,"Boca Raton, FL"
812135885328236551,RealSaavedra,353125,494,60401,TX
25320639,jerome_corsi,131895,36775,57225,"New York, NY"
128861308,boggywood,1498,1524,237977,Ireland
739610364975808513,paulsperry_,338533,4834,19514,Washington DC
382296431,phxazlife,246,172,691,"Fort Lauderdale, FL"
44852237,Brennan55777,1657,4986,73441,
167903718,ShepardAmbellas,10905,930,28468,
21951518,thealtlord,68583,1645,6521,
233000889,fleccas,250655,4152,11090,"St. Petersburg, FL"
17599264,Mark_Sisson,133844,466,9423,"Malibu, CA"
818263996524613633,LongLifePursuit,542,837,345,"Austin, TX"
242812526,Bladetriggerzan,438,2771,1272,
894746377015525376,BakerSonPeekay,1316,3021,325397,
3297022953,kwilli1046,173171,128268,183227,"North Carolina, USA"
