user_id,screen_name,followers_count,friends_count,statuses_count,location
1199466960,vikingsrule111,66,208,3074,spirit lake iowa
488016503,canderhall,1,2,1270,"Louisville, KY"
911706758611132416,Ronnie69972,3,0,0,
4433849656,giveawayfunlive,1157,833,509,
996161741670309893,AthenasGalaxy,43,110,188,United States
883277174605840384,PhantomGamer964,2,3,1,
757709912,TrevTomlinson,10099,6092,3590,
857589237314662400,BeachGirlMS,34,37,117,"Mississippi, USA"
708817370672857089,nobroworld,71,13,51,
512751063,crisrocks6,8540,368,8248,
861272083,trish_abello,1204,937,7811,
1032386157110280192,DighTim,3467,4976,12062,"Mount Holly, NC"
1051539295125852161,BrandonMize4,3652,4493,5882,United States
821474941799432192,bleu6666,611,910,20772,
1037006041484079105,DavidEley16,5646,6211,145169,"Louisiana, USA"
1010366637206224896,NickRod1776,1462,1810,1661,"Santa Barbara, CA"
218720357,buckeyebabe1313,348,2850,2245,"Goodyear, AZ"
1030844287909601285,SaconaGlenn,31,61,342,"Pennsylvania, USA"
422220225,rmead777,17056,18942,56361,
1008096779664060417,_n2k18,5659,5783,62512,🇺🇸
