user_id,screen_name,followers_count,friends_count,statuses_count,location
458764095,GavinWince,11009,1727,8824,"Philosophy, MA"
74303349,MarkFinchem,54553,1383,3755,"Tucson, AZ"
1308118442,Ben_Chasteen,36679,648,1760,Earth (for now 😉)
1255857923839995906,ChrisHa66339659,24,116,2010,
1343019123706654720,TexasWhiteHats3,2823,406,467,"Austin, Tx"
166990746,MonicaCrowley,543571,708,26677,"New York, NY"
869592891315847168,ByeGone1,323,215,9484,
1246465057845686273,RoseWin71234815,16040,14888,108864,OneNationUnderGod
1303753764122308608,THELAST_BELL,15190,14808,35045,
710680280282107905,Crank_the_crank,3329,5001,22034,
44385628,gregkellyusa,286332,1463,2990,
1340736119646896129,4Restored2,138,0,283,Fort McHenry
888591782153338880,RichardStiller4,14951,11754,158063,
2920023271,AnnInquirer,25817,17877,131189,
1015029427284127745,HizbkKhan,29417,2294,16711,NY & Kab
1024775399736311808,GA_peach3102,62048,53297,135987,"Georgia, USA"
948464246064427008,JulieReichwein1,154466,137274,442238,Colorado & Santa Fe
1159452002646134786,BMcCodeOvets125,15512,16361,129522,Valhalla/ManchVegas/The Fray 
801203059359678464,DrEliDavid,19089,2042,1375,
