user_id,screen_name,followers_count,friends_count,statuses_count,location
373364557,Philip_Rizzo,4296,1776,7959,New Jersey
84184644,BJsWholesale,22247,3824,16943,"Westborough, MA"
472872558,MrT,241288,17,1699,
1323243451887030276,GregAndersonred,28255,108,17,Philly
17880018,Garin,220983,8528,39923,"Barrie, Ontario"
1321894741735342087,Goodtok22808152,157,247,1219,
1242050687271395328,stormis_us,54314,5212,36017,
1617153601,MaryErben,3652,4944,11040,"New Braunfels, TX"
461864619,Elizabethtja970,730,4058,5310,USA
2997240767,jbthayer07,20144,7407,1756,"Minnesota, USA"
1142421493932052480,Vincent__Fusca,204521,138,324,
1321683627445374978,allcommiesuck,65,156,617,Commie-fornia
44385628,gregkellyusa,286581,1463,2992,
2217045360,lmegordon,12769,2336,65760,"Good Missouri, USA"
950057997706735617,AndyFrisella,10438,1,1359,Worldwide
1262009744451084291,TheOnlyKCJosh,123,260,3300,Hmm? Need something?
1141352946623492100,Concealcarrygrl,84375,70862,273551,Charlotte
816554862,PatrickChapple,137,317,1547,
798544154049544193,MissM80M,2103,2421,28848,
1812055789,CodeMonkeyZ,510005,396,4103,
