user_id,screen_name,followers_count,friends_count,statuses_count,location
252649665,drspago,12274,57,18799,
95092020,jordanbpeterson,1745167,110,15476,Toronto
48770208,mlsline,1125,698,6540,New York
37180972,minzer315,367,72,2924,
14448017,charlino,2641,2670,103703,My World
146139825,greglamatrice,1086,1264,24473,"Columbus, OH - Las Vegas, NV "
106519283,toolooney,296,686,9629,
824458780679217152,truthbombsaway,477,2428,6396,
1034665733005959168,lisastark351,68497,10166,34988,
548384458,JoyceWhiteVance,699453,1304,35001,Alabama
19084896,TheRickWilson,1250106,6228,331634,"Florida, Man."
872615153065275392,ItsMrsRabbitToU,86255,35382,46009,ToonTown insta:itsmrsrabbittou
3223426134,SethAbramson,875654,12,96219,All views are my own.
3947025803,bridget_joy_,50042,32014,40342,Eating
14298769,MollyJongFast,803299,5946,221854,
91279573,AdamBaldwin,349842,187,91,USA
379209090,TheReelRandom,127215,21009,74730,Wilds of Ohio
971051135996964864,stucam7771,94280,37355,8287,"Aberdeen, Scotland"
18231308,JohnMMcKee,12478,13284,20320,"Everywhere. And nowhere, baby."
83932539,prayingmedic,481106,107868,78882,"Phoenix, AZ"
