user_id,screen_name,followers_count,friends_count,statuses_count,location
2771375455,rgmar84,2247,2202,17133,Ciudad de México
1121192422476673024,RobertEvans1953,15411,15355,26877,
877221853642842112,politixlive,5717,5852,1690,"Washington, DC"
829032295147388930,BDDonBuck,160,149,16283,
2793536181,elizabetrepp1,52825,53427,31111,United States
150105386,PRus51,1722,2769,33663,Puerto Rico US 
122782280,olivesagan,7291,6106,43819,pen island
1014508964971720704,RockBlues8,1573,1969,1469,"Edmond, OK"
1106215307629088768,RonGonzalesRG5,334,396,6444,
2575387230,CCEPR51,1025,1297,1956,
132242473,Lorenze42,7586,5391,11762,"Maryland, USA"
1111290462361407488,SaintBrothel,6663,6499,12795,
862287318593490944,Tony64caveman,18637,19611,14260,"South, USA"
133042251,guedslines,14463,15743,23262,"Florida, USA"
1190715998564950027,us_freedom4,365,653,3719,
988905162,BulldogLoyalty,8392,8738,33040,United States
4068281356,hachtc,26412,26826,19397,"New Jersey, USA"
1156998945211658241,HenryN2020,29133,8343,80198,🇺🇸  🚫No DM and 𝖭o Groups🚫
1213874306515554306,AwakenedOutlaw,120371,15402,64304,
1638963284,BamaNC15,5925,4135,72870,Beautiful Ala Gulf Coast 😎☀️
