user_id,screen_name,followers_count,friends_count,statuses_count,location
796431922939494408,MELANIAJTRUMP,23763,392,3790,The White House
1343312417070051329,CowboysBack,4030,146,112,Arizona
1330888366020243456,ManInAmericaUS,5306,142,41,"Ohio, USA"
1323243451887030276,GregAndersonred,28263,108,17,Philly
25073877,realDonaldTrump,88581265,51,59410,"Washington, DC"
2927503877,annielaulainen,7854,5504,26550,"Hollywood, California "
1338250993062973440,MermanEthal,18814,1111,1409,
985666432922017792,ToddKHinson1,1179,661,6655,Costa Rica
1316218894927888384,PepeNewsNow,57119,2073,9772,
187680645,LLinWood,908873,8105,13441,"Atlanta, GA"
763967774787940353,SAMcKay3,11042,346,3383,"Dallas, TX"
440499185,AlietaEck,16382,2256,5801,"Somerset, NJ"
1489411698,lebronsonroids,62400,3084,13811,
235839823,HerschelWalker,444720,3287,1178,
1207874097251639296,CawthornforNC,174380,116,367,"Hendersonville, NC"
1329146557246140421,ArkToLight,884,405,1730,
1138020147296317440,vincent_fusca,189710,1,24,
1021511338265260032,LightworkerCain,42802,841,24714,Desert Dweller
1142421493932052480,Vincent__Fusca,204415,138,324,
1318463341677993984,richardgibb8,56380,1442,3774,SLAVES NO MORE 
