user_id,screen_name,followers_count,friends_count,statuses_count,location
2352629311,HawleyMO,489371,990,5069,"Missouri, USA"
18929234,CitizenFreePres,22689,287,47175,Zero Ads On Citizen Free Press
586707638,SidneyPowell1,1242020,1984,107796,USA
832595812039417858,mamabearrp,176,962,664,
1223035280833372160,ACathrynDavis,349,487,4120,"Alabama, USA"
2375574962,BarrJared,29,91,1150,"Avon, IN"
944655036172460032,realACaldwell,2298,96,111,United States
2968121509,MikeNificent813,17524,292,4315,"Florida, USA"
778395228147417088,philiptirino,40015,194,1649,Always Traveling ✈️
1113500254450737152,LibbyKrieger6,3107,304,536,
862488673886937088,ibahko41,29,61,72,"San Diego, CA"
1058807868,GovRonDeSantis,664864,1290,4481,
960285302899298304,EvanAKilgore,93981,1771,27065,"Ohio, USA"
33608041,ksorbs,495069,305,18128,California
23951440,BGOnTheScene,98266,1232,20731,United States
20545835,newsmax,918402,573,106716,United States
1131935075623415810,BowenXiao_,23338,939,1747,"New York, NY"
2744689467,TaoOfWes,745,1601,7168,Where I Belong
1265813502364733440,maga2020ky,146,1530,1710,United States
889708899498119168,gracesaldanaa,22566,230,3913,"San Diego, CA"
