user_id,screen_name,followers_count,friends_count,statuses_count,location
1108020329643823109,akkitwts,165039,33,449,Dm for Promo
1006784613421809664,Crux41507251,130169,1776,8816,
240454812,GenFlynn,1202736,29562,2002,"Parler, America"
2331828038,WillRBishop,98151,381,7921,"Adelaide, South Australia"
14235097,ronsamuelson,1696,1350,9813,"Baltimore, MD"
635334091,2BallsOfBrass,433,1124,6282,Missouri
1114904063047557121,CherylandCody,20534,20448,21368,"Hudson Valley, NY"
272103688,sinaa23,13325,382,215240,Germany
712453724585775104,dsolutionsllc,499,959,10573,"Richmond, VA"
274001384,W_Pilgrim,530,1001,6380,In Cognito
70512292,MyDVC,1309,1452,4341,
24892844,phoenix_de,120527,945,57791,Bonn/Berlin
1054124381360832512,thebias_news,83019,90,444,
1136298964477730817,BailesCassidy,4744,73,292,"North Carolina, USA"
1023296229432864769,SimRem3,510,881,13982,"Nordrhein-Westfalen, Deutschla"
809950886755758081,All_LePrem,882,1246,3209,"Florida, USA"
414466536,WebSmartAdvisor,8141,3203,48907,"Lakes Region, NH"
947637714060529664,432wps,4298,2211,79696,
271787365,occpal,23450,1331,304097,24/7 News Palestine | فلسطين
269458560,rwerkh,670,157,157770,
