user_id,screen_name,followers_count,friends_count,statuses_count,location
1337531542114078722,JovanHPulitzer,72239,86,1892,
1239307288717991936,TArrived17,26863,1470,6078,
1334300969266507782,BobbyPiton3,116988,66,1657,
3452617943,RebekahRassel,10621,1256,1361,
1285448895296712705,ExpectingRain_,28434,2817,9421,
125128723,RaheemKassam,344195,2149,20497,
3092043222,82ndarborne,968,1791,2481,"Texas, USA"
1477254595,shannon_maga,1209,1406,1140,"Michigan, USA"
2263942453,TierzaBishop,4354,4748,16327,"Southern Indiana, USA"
4914384040,TheBabylonBee,863892,60,11593,
966896107488886784,LindaCreed12,1508,1937,18077,
1341060463933714434,lionoftruth3,944,334,389,
812317302775545856,Rparkerscience,41811,22164,104830,"Alabama, USA"
739326540,ninoboxer,64493,899,2545,USA
41063062,RobertPLewis,60246,6947,101653,"Los Angeles, CA, USA"
1340124483655507969,MajorKillSwitch,10776,978,116,USA
1246237186267152391,Jhomes551,18143,382,8775,
1179532310900858880,Blondecracker2,3170,4461,7459,No DM 
222278803,connieragsdale,2934,4996,38092,Arkansas
923200791904702464,Jlk4USA,3002,3369,49496,Florida 
