user_id,screen_name,followers_count,friends_count,statuses_count,location
25893896,SonicDethM0nkey,173,779,1535,Nebraska
870636748572770304,emiliailimee,535,1086,16599,"Iowa City, IA"
1061761767221604352,NoCoCMAD,2650,293,2757,Northern Colorado
1326044822835134464,RWParlerWatch,2872,531,1833,
1141990131869425669,AntifaSac_,5559,70,4019,"Sacramento, CA"
1088960859366481921,OmahaTenants,1106,58,80,"Omaha, NE"
789664535267377152,Mr_Zyla,320,106,298,"Omaha, NE"
173774813,itsa_talia,44507,780,31715,bkny
2885543426,jaredlholt,93634,1788,1146,"Washington, DC"
505865032,KELLYWEILL,28647,1209,24646,heck
1227536283519668225,HornAnarchists,1188,331,1805,
1272405721922113536,copsoutofNU,3603,40,1905,
1297722574491664384,TwilightZoneAFA,2587,265,707,
1302781628658446336,ShieldWallChi,714,566,1308,Chicago
1312375317714018304,312Antifa,188,385,160,
833015012700651522,gztstatistics,829,1250,911,"Indiana, USA"
1299166523337199616,DSM_ALL,289,12,87,
762979179746832384,Cwj,501,490,843,"Iowa City, IA"
1186051639704207366,sunriseiowacity,379,195,391,Iowa City 
873983630221115392,IAStudentAction,1566,824,919,"Iowa, USA"
