user_id,screen_name,followers_count,friends_count,statuses_count,location
704391334128394240,conservmillen,349499,679,22402,
44067298,michaelmalice,163136,959,118985,Brooklyn
807309197348077568,thewillwitt,101176,104,6437,"Los Angeles, CA"
1144430742698487808,GuardianOne75,92,300,255,
1537161584,PatMcNamara65,4912,22,116,NC
1500129642,MattWalshBlog,520292,532,47747,
4081106480,realDailyWire,564924,3398,132799,"Nashville, USA"
27000730,Timcast,820119,787,9050,"Washington, DC"
42670638,mercedesschlapp,221746,2651,29176,"Alexandria, VA"
121574367,LisaMarieBoothe,428270,2551,30282,"Miami, FL"
753318552514551809,blkgunsmattr,33995,10529,4570,"Philadelphia, PA"
902672134920654849,kkoh1776,458,486,20166,Land of The Free
138103050,Magpul_HQ,137957,82,1642,
186646579,ainsleyearhardt,468154,510,10600,"New York, NY"
18313747,HARRISFAULKNER,378977,3641,16198,"New York, Arizona"
18983793,ShannonBream,550649,1675,32427,"Washington, DC"
17337857,hickok45,72815,12,2202,Middle Tennessee
1394399438,JohnLegere,6250535,329,57347,Florida/New York City
1080894931311431682,RepDanCrenshaw,717934,135,1073,"Houston, TX"
117513228,theArmaLite,31436,62,2473,"Geneseo, IL"
