user_id,screen_name,followers_count,friends_count,statuses_count,location
17939037,ProfBrianCox,3051177,882,28549,"The Earth, with everyone else"
19725644,neiltyson,14418840,39,7121,New York City
1264353259352920064,galacticbeingz,20347,220,35,(Galactic Federation)
385562752,litecoin,454759,23,907,
426639321,mykhyn,1076,0,702,
187680645,LLinWood,908861,8105,13441,"Atlanta, GA"
1186231606169735169,r1r_zilla_r1r,2214,4054,28865,
1237612672373248000,Rothbard1776,172474,358,10990,The United States of America
887763541754880000,Pastorbobjoyce,19414,562,1674,
1199190455985917953,goldorcrypto,11354,611,3561,
1185669084903624706,Forecast432hz,43300,555,8772,
1298828851867418624,Bill_Binney,66267,32,125,
1399148563,krakenfx,433256,126,3207,"San Francisco, CA"
352518189,Bitstamp,363264,43,3702,Luxembourg
944462285573099520,XRPcryptowolf,49134,1954,16578,
1011068228603441152,WillyWonkaXRP,21973,604,40109,Wonka Factory
1039833297751302144,whale_alert,310989,19,22808,Worldwide
1098955584907431936,FlareNetworks,54361,374,852,
1179233381126529025,RippleXDev,22238,73,338,
1312036582422196224,ArtOfWarNews,47513,310,4427,"Florida, USA"
