user_id,screen_name,followers_count,friends_count,statuses_count,location
794658733846622208,sundancekid220,583,451,55279,GLOBAL
3415037892,2LarryJohnson7,153702,617,7961,"Florida, USA"
620571475,DanScavino,1308941,776,11855,
1110684264243302400,GoJackFlynn,227790,5353,18241,
798290430936891392,Truth1sfreedom,12085,13107,23414,America the Beautiful
1242539267169157127,anonpatriotq,113778,5215,24695,
41144411,som3thingwicked,55207,95,14473,Texas
919384988268630016,realPowerTie,47986,1222,5869,
1126134432899923968,Will_of_Ockham,34291,10716,25264,
1238008042421129217,8finjackson3,5990,2974,37292,Jungle
1137420472801476608,ir_re_deem_able,4241,3197,16590,ℕ𝕖𝕨 𝕐𝕠𝕣𝕜🗽
61827068,MolotovMemes,6580,4465,21046,"New Jersey, USA"
1187723974551244801,BlackFlagArmy10,11957,12127,24575,"Lowndes County ,GA"
1281071196319203329,Lesser_Scaup,2980,3400,1780,Parler - @LesserScaup
1242572827414474752,AskTheQue,5647,690,3931,
1208737719599476736,6unf46,41951,1766,26118,
1102665028350558208,kate_awakening,257822,1569,18979,
1093774442264707072,VincentCrypt46,299249,912,23882,"Pic is edited, edited for a reason."
1193251639530049536,mil_ops,218520,15006,8352,FEMA Region VI 
1291492364121407494,JennWinters17,326,651,53,
