user_id,screen_name,followers_count,friends_count,statuses_count,location
725064846056640512,ReneeCarrollAZ,138436,57543,746109,Arizona
2336050548,infinitechan,116423,24,2389,The Darkest Reaches of the Internet
57461026,lbecker18,1944,2234,33192,Missouri
375721095,Breaking911,833423,0,301,Nashville
24060607,Mamadoxie,8757,7986,159825,"NUNOYOBIZZNESS, USA"
47293791,w_terrence,1206449,673,6183,United States
18247062,JudicialWatch,1852953,1893,81442,"Washington, DC"
1105998429396840449,RippyBeauregard,937,996,25296,"Tennessee, USA"
14347972,Heminator,81425,5274,15204,
826419253347745792,99freemind,124928,2131,144504,"Ontario, Canada"
800320759109275648,TrueCanuck11,34391,10338,52849,
935580000312426497,ElizabethHeng,26214,478,1329,"Fresno, California"
1034792523313627136,LettersToVoters,2725,1465,344,You can write letters from any state!
1153042794375712770,HowleyReporter,81395,2283,31785,
601535938,RealMattCouch,541545,113484,323552,"NW Arkansas, USA"
900896700,scottystroll,6102,6495,29002,
925495909697306624,CABrown1031,7569,8245,10714,WA State
29097819,EpochTimes,463007,84,182321,"New York, USA"
1147253398670102529,UncoverDC,100689,71,1876,
1408003598,FDRLST,291396,739,51540,United States of America
