user_id,screen_name,followers_count,friends_count,statuses_count,location
15449301,Culinary_orgasm,2005,1549,57540,
1215444012322172928,KizzyPhD,96820,606,6946,"Bethesda, MD"
370122957,DrPhillipsMD,102262,1180,3890,"Washington, DC"
983474494349152258,AaronFromTV,126,206,4257,"Ferndale, MI"
1341611422401384450,TBiggsTequila,1072,1578,531,"Wisconsin, USA"
1317814062084988929,GabrielQuinne16,164,281,4483,
49151622,StellaParton,58718,62,5658,"Nashville, TN"
3337726865,ProfJeffries,18635,1792,17947,"Columbus, OH"
20609133,ShontelMBrown,3070,40,23,"Cuyahoga County, Ohio "
3353144234,Will34890,420,1055,4482,"Iowa, USA"
1082436384973967360,cannabananaRN,7861,8041,63216,"Arizona, USA"
36261242,jduffyrice,108814,1992,48430,"Atlanta, GA"
1663172653,TerribleMaps,419177,857,875,
874896877,dionnewarwick,403154,4945,3274,
953924228306305024,Cleavon_MD,107229,3194,26447,"NYC, California, Arizona"
45832693,Snapandbud,4346,4999,245659,
2199786713,Mermaids_Gender,74352,3642,7122,United Kingdom
1325542311883923456,girouard337,3628,433,5,
1333168873860984832,BidenInaugural,126608,5,67,
47626551,pilitobar87,29178,5160,16359,"Washington, DC"
