user_id,screen_name,followers_count,friends_count,statuses_count,location
1111991879531286528,Emawats81815312,94,403,105,
1113904316606238723,AlexSmi10165049,105,238,1,
531209621,AMCE001,10287,10498,100367,USA
33529092,SandraSentinel,209302,55102,251014,"Texas, USA"
33280581,obianuju,124618,118,17372,Africa-Europe-America       
933380744705167362,3LindaEvans7,40597,40834,42129,Cayman Islands/U.S.A.
803260509353111557,Catmandu50,47187,0,78065,USA
899437524103254017,AshleyW838,62554,61724,66195,World’s 5th Largest Economy
789300582435565570,GoBulldogs22,22928,15124,180439,Texas
750377949065535488,ROCKONOHIO,68848,50571,354927,"Ohio, USA"
1249831310,PoliticallyRYT,48859,37082,122474,"Texas, USA"
20952906,emmeffemm,2385,2082,51961,Home: where my wife & dogs are
818910970567344128,VP,10395006,15,9356,"Washington, D.C."
818876014390603776,FLOTUS,16486902,8,1364,"Washington, D.C."
52544275,IvankaTrump,10360052,1535,18147,"Washington, DC"
832965832837885955,LisaS4680,50797,24261,206230,United States
4765364386,ChuckCallesto,325669,135965,27000,"Florida, USA"
784027950,Guessmodabykiki,6367,5460,5577,"USA, Texas"
451491354,InTheElections,18221,19438,125384,Sweet Home Alabama
907677835170639872,GoodGearTV,4052,4240,2176,United States
