user_id,screen_name,followers_count,friends_count,statuses_count,location
1043185714437992449,catturd2,506649,15088,51183,
28991169,BethKaras,71229,1058,2786,New York
1375684140,MikayesFiona,70731,28648,81995,
1085225533623783424,KanekoaTheGreat,90174,4172,10316,Hawaii
1326922319193890817,GregOnTheRight,15258,56,81,
1290635110149169152,Wizard_Predicts,187237,1693,11906,The Swamp
3932768472,EmeraldRobinson,364909,12735,13840,Washington D.C.
1298828851867418624,Bill_Binney,66246,32,125,
30063770,NedStaebler,39861,2776,94,Doxxed already thanks
1003671173568352256,Lizzys_Ghost,10791,414,1913,
1196441152486072320,CBS_Herridge,480991,21,1565,"Washington, D.C."
586707638,SidneyPowell1,1241487,1983,107792,USA
592730371,JackPosobiec,1266904,965,73754,Valley Forge
14504859,DuckDuckGo,1667814,1261,43602,
16745055,Roblox,2300496,882,9652,California
23951440,BGOnTheScene,98260,1233,20731,United States
1241490841669115919,adoptmefandom,478,164,123,
1304108161373097985,AM_Concepts_,504,18,213,In PST time zone
2835451658,MrAndyNgo,837841,821,18427,
