user_id,screen_name,followers_count,friends_count,statuses_count,location
2352629311,HawleyMO,487091,990,5069,"Missouri, USA"
1212806053907185664,TheLeoTerrell,440110,456,3805,Los Angeles
778763106289758208,JennaEllisEsq,881320,1279,27835,"Washington, DC"
33256808,TaxReformExpert,52530,8602,5094,
1157277186988171264,DanielsCongress,37158,1681,697,United States
191264356,OptimisticCon,7282,1773,58901,
1237612672373248000,Rothbard1776,172568,358,10995,The United States of America
1881296893,PatrickByrne,198593,175,3532,Inside Deep State's OODA-Loop
759081003168112640,jonvoight,512694,9,90,
29495695,KLoeffler,237371,574,3090,"Atlanta, GA"
1262899563381305352,Neo081001,8315,2672,67410,
1340124483655507969,MajorKillSwitch,10776,978,116,USA
1029094268542099457,Lancegooden,70535,377,981,"Terrell, TX"
48979575,Sabre3611,2135,2435,38075,"Jacksonville Beach, FL"
151930383,GordonGChang,153213,917,13871,
4041824789,RSBNetwork,382055,527,18342,"Auburn, AL"
1050459109202518016,cain_nate,112459,17059,8122,"West Virginia, USA"
990354473930256386,restartleader,39203,4841,2100,"California, USA , #PlanB"
1133781254959239168,SenMastriano,191468,810,896,"Fayetteville, PA"
25429371,KatrinaPierson,746959,840,56338,"Washington, DC"
