user_id,screen_name,followers_count,friends_count,statuses_count,location
1311527207089524736,CarolLuna626,15,67,128,"Santa Ana, CA"
2314055840,mayaharris_,387849,992,6870,CA↔NYC
574795929,meenaharris,311890,1567,8946,"San Francisco, CA"
61263431,cindymccain,237466,1289,5739,Arizona
821784477076750338,DrBiden,2753507,22,947,
1095419303040598022,jkfellow23,3045,4824,24002,
1192160073897988096,natsechobbyist,103503,1321,8076,
23043294,Dodgers,2248683,418,128803,1000 Vin Scully Avenue
1005846500583321601,AVindman,502181,581,257,Northern Virginia
14515799,brianstelter,766361,7020,209806,New York City
18170896,drsanjaygupta,2565492,282,5284,Home
17372405,aboutKP,54229,1665,12844,"Oakland, Calif."
1205226529455632385,ProjectLincoln,2732190,761,8923,The United States of America
40358743,Browns,1344761,392,51422,"Cleveland, OH"
36711022,DanRather,1791690,692,18222,"New York, NY"
816201896,NaomiBiden,193801,75,303,
225265639,ddale8,1213396,1393,106686,Washington DC
14642495,sarahcpr,2432394,3233,38736,"New York, NY"
39349894,EricTrump,4544987,1050,7250,
818927131883356161,PressSec,6348701,330,4309,"Washington, D.C."
