user_id,screen_name,followers_count,friends_count,statuses_count,location
712798026,RichmanMartin,9319,9117,61323,
3172708728,IlanaSolomon5,58,332,1420,"Boca Raton, FL"
869272478102601728,MrHunter112,53,157,531,
1340106898176155650,rinapilled,216,293,356,he/him mlm
735213556543684609,shoujorin,260,490,7194,BLACK LIVES MATTER
561127766,prettycureita,262,166,2746,
1047613525336711170,PeachieCure,72,104,674,
811876391314563073,maimooncat,234,49,16190,
3445032740,Rose_DArts,24,276,348,Australia
1264569255246409730,fakemanss_,4358,81,272,
1035995517250088965,alucardpogo,802,303,3469,SHINY HUNTERS -  LightBorn
1250909372932395011,SabreenaPrecure,237,914,316,"Hastings, England"
776390359563632640,ghostrenren,429,763,22124,
719060622432956417,MarioBrothBlog,147902,0,2765,
1061352090596007936,TypicalGamer091,9,72,103,
1219833872009039872,Refractory__,553,528,18209,Fuck Off
740346616536805376,PennieDPortgas,917,1464,41127,Animal Crossing: New Horizons
1048773918541172738,JacobAwesome119,180,236,6685,Palkia too
979212105533440000,BigBlueWaveUSA,84148,82627,10262,
723969738146222080,cure_loopy,88,350,2822,
