user_id,screen_name,followers_count,friends_count,statuses_count,location
875856268056969216,DC_Draino,444315,391,6408,IG: DC_Draino
19218053,JennPellegrino,216637,1837,1548,"Washington, DC"
235251868,govkristinoem,406289,486,7701,
20545835,newsmax,918186,573,106707,United States
39349894,EricTrump,4544894,1050,7250,
25202268,SaraCarterDC,1416736,5467,33943,"Washington, D.C."
166751745,RyanAFournier,1124883,297315,15001,"Washington, DC"
52338305,BrandonStraka,665283,431,17444,"New York, USA"
3530404094,DavidJHarrisJr,713899,2180,23771,"Texas, USA"
204967872,FreeSpeechAmer,86310,787,6334,"Reston, Va."
2583039313,Marvel0usJesus,181787,138412,47041,Everywhere
18247062,JudicialWatch,1852918,1893,81448,"Washington, DC"
2353605901,GOPChairwoman,1057378,2577,17140,
18166778,Jim_Jordan,2014385,3981,4755,"Washington, D.C. "
931286316,ScottPresler,922800,39586,82676,Make Kindness Cool Again
15416505,GovMikeHuckabee,1787849,582,13377,United States
292929271,charliekirk11,1928412,220886,49639,"Phoenix, AZ"
166270127,TimTebow,4707220,85,2598,
2746741969,SteveScaliseGOP,67747,742,810,"Jefferson, LA"
18956212,FAIRImmigration,468479,1316,43103,"Washington, DC"
