user_id,screen_name,followers_count,friends_count,statuses_count,location
778763106289758208,JennaEllisEsq,881635,1279,27837,"Washington, DC"
4765364386,ChuckCallesto,325557,135971,26994,"Florida, USA"
1237612672373248000,Rothbard1776,172716,358,10995,The United States of America
3932768472,EmeraldRobinson,365187,12733,13848,Washington D.C.
812317302775545856,Rparkerscience,41823,22169,104865,"Alabama, USA"
1316604692504489985,ErinVendetti,446,518,5464,
187680645,LLinWood,912163,8103,13441,"Atlanta, GA"
586707638,SidneyPowell1,1241809,1983,107792,USA
1337531542114078722,JovanHPulitzer,73721,86,1938,
972909709,Braveheart_USA,109106,41742,89401,United States
319901933,KatieDaviscourt,71116,4156,6251,"Seattle, WA"
1097590418131292161,ChadwickRogers9,2892,2920,7756,"South Carolina, USA"
1247566780337356800,3rdACCOUNT18,214,259,71,
607274006,lorrainekaack,12661,13823,61106,"Florida, USA"
1023311301773287429,warlordf15,1898,2213,11407,Cherokee Co. Oklahoma
1434677276,siIentmajority,29407,28452,16922,United States of America
1193911830357237765,fortunate119,9619,9975,6273,Canada 
349203369,EllenMisbach,891,1368,248,"Meriden, CT"
1249699143188127744,OliviaMayNYC,19812,629,321,NYC 
973721440456495106,Toneman807,20030,10183,65820,"New York, USA"
