user_id,screen_name,followers_count,friends_count,statuses_count,location
3074470992,kstreet111,60064,66070,712623,Northern Virginia
1169016223755096065,angie_keathly,21768,21455,123877,The South
31739856,Audimaster,334,2328,1752,"Indiana, USA"
1171593213217595392,BethalSh,1762,4223,1128,"Pennsylvania, USA"
1334591844110508033,wattzzz3,79,121,1525,
26738994,PatriciaByers,541,818,2623,United States
1211148456292601856,Summer73317133,507,514,20694,"California, USA"
86131132,KKGWI09,1192,4335,22910,Enfield Connecticut
2186988817,doctoralexa,10634,11693,147482,"Boston area, from Hamburg DE"
18072452,Daytripp3r67,1361,1810,60769,"Sierra Vista, AZ"
24089735,terryamerson,3643,3620,33346,"iPhone: 42.985680,-88.269096"
1278349019245432833,VoteBlueUS,9113,9358,7783,
1898699682,pavancharvaka,7484,7479,9026,
121514436,MaMaDonnae,2943,3774,76171,USA
450474254,Bijan_Cyrus,2815,2378,126023,The World Of Love & Kindness. 
1230011019390382080,Meidas_LaurenA,3027,4908,28479,"Studio City, California"
3631201814,ShelleyJohansso,546,1232,11589,"Johnstown, PA"
1323730225067339784,Transition46,1237655,49,263,United States of America
23228918,JocelynBenson,96829,821,2190,
841489249157468161,DemocracyDocket,112420,23,986,United States
