user_id,screen_name,followers_count,friends_count,statuses_count,location
900758321216585729,WdwStats,4782,25,83321,"Orlando, FL"
1102631312161046528,DEPLORABLEREEG1,68367,32655,85602,So Cal
17469289,nypost,2116637,11370,363078,"New York, NY"
37841185,Alyssafarah,86707,932,5369,"Washington, D.C."
3472073657,DrDHennen,37652,36464,8654,"Warren, OH"
1285280404514185216,Constitution369,5891,6432,5006,
1236007366174412800,GeorgeDarwin15,1276,3998,12,
925072203267432448,PatriotPennsy,52131,56914,236832,"North Carolina, USA"
806347865073315844,DFBHarvard,214631,169044,82218,USA
37127042,woohoo9,17245,18990,104895,
181143438,SNOtwistR,8462,7875,677,"Keswick,On Canada"
18019121,Palinspired,23077,19507,195087,GOD BLESS AMERICA!
1224143260073054210,YuriRiv02558750,1065,5000,16415,
1343221765,Dkmorris0204,13090,14168,176931,"Washington, USA"
1269954911892131841,ElenaCox2,13,90,4,
1255411986038427649,ArturKaminsky,2025,3926,185,"Washington, DC"
4203824716,fdmaynard,6374,6534,35555,"MN, USA"
42670638,mercedesschlapp,221750,2651,29176,"Alexandria, VA"
247981000,PoliticalShort,198435,6832,145679,United States 
3039579287,SantiWest100,717,1070,68849,
