user_id,screen_name,followers_count,friends_count,statuses_count,location
2876420003,CJTFOIR,74790,2261,10737,Southwest Asia
906440328533741568,TFSpartan,2944,92,882,Kuwait
975744440164933632,42_commando,11076,234,894,
855363234836230144,40commando,16569,316,1234,Norway
1054372706899111936,47CdoRM,4706,160,239,HMNB Devonport
22120359,UKinUSA,65490,5100,28447,"Washington, DC"
14856951,USAinUK,68615,1873,34596,"U.S. Embassy London, UK"
818910970567344128,VP,10394513,15,9356,"Washington, D.C."
913689951191085056,45CdoGp,8700,509,498,"Arbroath, Scotland"
1283775062,USAmbUK,55596,1503,6544,"London, UK"
897014319296204800,43Commando,6878,93,496,"Faslane, Scotland"
1075487007000940544,MTKernow,295,434,300,GREAT Britain
4764882552,DominicRaab,281707,328,4175,"London, England"
29097819,EpochTimes,463192,84,182339,"New York, USA"
1322693567765237761,EzraACohen,107543,61,59,Pentagon
1209936918,OANN,1730149,78,132058,
3245135844,HumaAbedin,65154,138,27,"New York, NY"
76543481,BorisEP,114353,1768,16143,"ÜT: 40.744258,-73.995578"
4041824789,RSBNetwork,382105,527,18344,"Auburn, AL"
2954167529,addicted2newz,29139,9835,53607,"London, England"
