user_id,screen_name,followers_count,friends_count,statuses_count,location
4284388994,blacksanta,896,791,634,The South Pole 
709138308,RMout29,3143,1428,44625,"Houston, Tx"
1711659282,naknbd,118678,371,3826,"Boston, MA"
65045121,OwenJones84,1012171,5817,66108,London
1221242033530195970,ReverendWarnock,561281,843,1973,Georgia
814302058786361344,lezleedee2,15253,14148,35646,"Malibu, CA~KC, MO"
822131894540083201,vanitaguptaCR,116936,760,11261,
63316602,MusiqCityWalls,33225,1151,51478,"Houston, TX"
852307656672813056,tygordonsworld,51794,1219,1743,"San Jose, CA"
31730514,JoyTaylorTalks,202329,1167,83697,LA|Miami|The Burgh|Outer Space
3306497440,WPalmerCurl,2977,764,66552,NYC
75066625,MitchAlbom,80651,422,8378,"Detroit, MI"
346384098,DLanceBlack,94821,1681,6721,Texas - London
737402868076969984,LindaT_G,141986,300,2004,"Virginia, USA"
1095089718264512514,AGEllison,22963,178,1240,"St Paul, MN"
16396588,washingtondc,171242,1331,37006,"Washington, DC"
14238142,washingtonian,303055,1075,64235,"Washington, DC"
14437161,wcp,176056,1986,45381,"Washington, D.C."
1522468057,Metrorailinfo,101693,83,106783,"Washington, DC"
18938912,wmata,298618,64,52156,Washington DC
