user_id,screen_name,followers_count,friends_count,statuses_count,location
872148729184362497,DrPaulGosar,120666,911,4143,"Prescott, AZ"
1544653724,lofly727,101236,15801,20764,
1052225335318712320,annvandersteel,112299,5473,43700,"Florida, USA"
1881296893,PatrickByrne,199396,175,3543,Inside Deep State's OODA-Loop
2411942305,ChristianWalk1r,147664,400,10120,IG: @christianwalk1r
1193251639530049536,mil_ops,219895,15006,8355,FEMA Region VI 
4561185033,Mile_Voli_Disk0,29743,19631,42968,"In God We Trust, IN"
24822993,tracybeanz,512385,989,66911,
1249982359,senatemajldr,2161130,106,4447,"Washington, DC"
759081003168112640,jonvoight,513264,9,90,
1108472017144201216,TrumpWarRoom,1276509,285,27152,MAGA Country
1314703570822930432,RealRLimbaugh,632283,1,130,"Palm Beach, Florida"
942618447443144709,elenochle,184737,1790,36813,"Michigan, USA"
1322693567765237761,EzraACohen,108008,61,59,Pentagon
1336162878185824258,DeborahBlakema1,4,0,0,
1812055789,CodeMonkeyZ,510106,396,4108,
20217019,dougducey,142190,1837,20611,"Arizona, USA"
778763106289758208,JennaEllisEsq,882132,1278,27842,"Washington, DC"
877985300466745344,JosephJFlynn1,418499,3537,4774,"Florida, USA"
948025605009879040,CryptoKoba,84249,1,225,"Pic is edited, edited for a reason."
