user_id,screen_name,followers_count,friends_count,statuses_count,location
1337531542114078722,JovanHPulitzer,73127,86,1938,
799764016885329921,stevenmnuchin1,314194,131,1264,"Washington, DC"
19612749,EagleEdMartin,32640,12797,46058,"Virginia, USA"
1157277186988171264,DanielsCongress,37158,1681,697,United States
1256718394663096320,ZNeveri,13968,14,5719,
4312282894,Maximus_4EVR,117464,200,72853,🇺🇸🇪🇸🇮🇹🇰🇷🇬🇧
1112724144427139072,JamesBradleyCA,39961,1940,3905,"California, USA"
1340124483655507969,MajorKillSwitch,10776,978,116,USA
1183226870529187840,UsaLovethe,2644,4972,3454,
3018140491,BorthwickKathy,16061,17626,184445,Medicine Hat Ab Canada
1057694683202170880,BLUEBOYGEO,6462,6494,6291,VISALIA CALIFORNIA
1367742536,FarnsworthEddie,6404,434,272,
2610905833,JJohnsonNow,4610,321,1965,
1881296893,PatrickByrne,198593,175,3532,Inside Deep State's OODA-Loop
1197202009973231616,StrategicMelis,17286,5872,13367,
753727262634246145,Richard74195773,15815,16693,79838,California 
80924518,MaryamHenein,22269,5445,45895,YOUTUBE deleted me. Back up 
903638722490576897,kdgsdmom,2889,4971,6675,
1209504263346384896,RQueeninc,12812,5385,11773,Sacramento
1267866948743892992,BluntForceTrut1,29320,955,368,"Kerrville, TX"
