user_id,screen_name,followers_count,friends_count,statuses_count,location
154532994,ActivistPost,40258,624,134724,The Blacklist
23323939,DBrozeLiveFree,14805,402,6269,"Houston, Texas"
317901599,MistressAmba,56327,225,14080,"England, United Kingdom"
1156323526200049664,happyday702,11543,112,149,Orange County/ Scottsdale
1097377022232297472,EllaMichaels15,9504,151,251,
1240732632771526656,EmiReiVip,5891,182,199,Las Vegas
1272588077458841600,MelanieeBenson,5853,110,149,
1296465910786490368,Modelsonline0,3841,154,143,
1219647430129606658,BelleofNola,5424,318,743,"New Orleans, Louisiana"
1299018689035948033,Onlinemodels3,4434,0,54,
1166343566022459393,BrookeBardot,4347,658,609,"Melbourne, Victoria"
935033217521987584,giselle_J__,23006,8081,8638,"Los Angeles, CA"
1087439016910147584,LucySkyevip,16230,149,313,
1079588628160868352,OnlineModels2,23541,306,671,USA
1115753327910764544,ParisLemoi,19391,1540,2619,"Las Vegas, NV"
1243196496452911105,rolf_roxana,8436,695,3152,"Manhattan, NY"
840798661617561600,Olive_Oren,27387,652,1416,"Los Angeles, CA"
4776076214,xodanicarrera,28393,366,1511,"San Francisco, CA"
1118968658129235976,MiaaMinxx,6338,153,980,"Toronto, Ontario"
1151096340438552576,BrittanyLovexxx,6357,4357,808,Under your bed
