user_id,screen_name,followers_count,friends_count,statuses_count,location
2417586104,SebGorka,1076298,4672,87380,"Washington, DC"
27995424,johncardillo,275213,1269,112251,Florida 
42787714,TexasBoy2011,1091,1050,17925,Mid - America
2835451658,MrAndyNgo,837895,821,18430,
1124369758768586752,WildBillAG,3904,1,4834,
1201953403099893760,RonnyJacksonTX,118943,296,1632,"Amarillo, Texas"
17995040,benshapiro,3506205,264,162533,
195271137,larryelder,958119,135,64044,"L.A., Calif."
7702542,DLoesch,1268136,4285,137025,"Texas, USA"
22677397,atensnut,498407,6468,23848,"Fort Smith, Arkansas"
1077299451293827072,FatiLarry3,629,2714,19,"Douglas, WY"
1147277396804022272,JulieLe57760868,180,833,2,
1150637638925398016,Annjenn76814628,48,161,11,"Newark, DE"
105355215,XenaMAGAWarrior,70422,63835,50192,
1145500729337090048,MaryJam04656153,820,1978,0,
1119158875725295616,LindaCatchings4,4575,4874,111,"Brooklyn, NY"
1151488624472408066,WandaZavala3,2455,1734,4,uk
1151246564687601667,Sandra60372077,33,35,2,
1159737607758196736,isla_esther,88,480,1,
1140331828177440768,Jacqlin04194125,598,2271,3,"Virginia, USA"
