user_id,screen_name,followers_count,friends_count,statuses_count,location
218975278,JRubinBlogger,538799,849,105952,Washington DC
93634334,WalmartWorld,224993,1437,11954,"Bentonville, AR"
1629971328,stu_mcmillan,27682,29420,4185,"Yorkshire and The Humber, Engl"
1196675348538118144,LasVegas_NFR,5573,1812,237,"Arlington, TX"
1156808333329870848,JamesKi31447559,936,1976,2679,
3306173819,dontcavitate,27999,21221,290661,The Colonies
236075251,thfitts,3580,4018,11096,"Tupelo, MS"
176306447,JIMMMYUSA,32845,36137,79787,United States 🇺🇸
383779674,SpellTruth,7377,6806,23700," Deep South, USA"
27633847,dannyantell,5234,5709,1720,
2981092428,JamesVLacy1,23519,81,1256,"California, USA"
2426425417,dalebrisby,37144,275,4188,
1055856285781053441,PShiffner,4409,4492,15502,
1164530538721554432,MrRepublican5,13112,12307,3056,Trump’s America 
3951370763,claudiascompan1,13123,12949,147844,
941968104900280321,md_rejuar,2260,2537,4031,"Dhaka, Bangladesh"
91583544,NickAdamsinUSA,172307,154840,7243,"Dallas, TX"
767329581837783040,xbrooklynite21,8171,8109,115588,United States
1004387720,RedBirdRight,15942,15856,95712,"Poland,Indpls IN/ Northern KY "
872233432276926470,ya_pheq,26645,24313,55816,last red spot in Vermont
