user_id,screen_name,followers_count,friends_count,statuses_count,location
1110452407505506304,Foxylad82602009,478,510,1556,
1161906789195165697,Nix64261997,712,377,14879,Дебар Маало
841715078105878528,Serdar_Martoloz,849,644,21635,OPPIDVM•VOLCADVNVM•TECTOSAGIVM
202982523,denicmarko,27299,399,6730,𝘈𝘶𝘴𝘵𝘳𝘪𝘢 🌍
958928545,ivan__jordanov,439,73,158,
508876398,mk_kajak,2474,3378,1414,Former Yugoslav Republic of Ma
100341839,erdilseali,50,184,0,
1252976146234343425,ISlatinski,534,1028,1607,
1201212224,Xomep3boHapoT,799,1451,5186,
1316837011534360577,kalincekapince,832,1079,125,
1166742433775980545,PekarotP,414,1061,248,Панама
1317623619317600258,mkdpoezija,1978,0,468,Macedonia
1110208116547829762,Liderishte,704,1207,1154,Skopje
1312861802766704640,suspendiranata,659,1245,453,Macedonia
1314837453530894336,Majevtika,640,524,1206,Штип
1228095564765704192,ZoroX_Macedonia,1372,1285,14481,Macedonia
1305640385981579264,sdenkovskaa,152,180,19,
1228796133507584001,gluvarche_19,1035,1221,887,Велес
717792095138918400,Mukomanche,2281,1477,15925,Провинција
1313429394816405504,HenryCh95671173,32,36,15,
