user_id,screen_name,followers_count,friends_count,statuses_count,location
560765705,retinaldoctor,7664,1605,23490,"Denver, CO"
822215673812119553,WhiteHouse,26095465,14,24085,"Washington, D.C."
18266688,TomFitton,1368915,3303,47142,"Washington, DC"
18247062,JudicialWatch,1852977,1893,81452,"Washington, DC"
19295519,JanissMcCamish,5317,4878,54148,"Colorado, USA "
1205268076473794560,dyolltrah,37495,39886,56485,
87615334,BadAndy167,14073,13506,12093,"Marrero, LA"
65451975,eastbaydre,77,37,4210,Bay Area Northern California
815642625139036160,DerekWadeWeller,33064,30123,5253,
1484661792,producepassion,2878,4490,10911,"Florida, USA"
1095772012717453312,LeeAnn88962115,437,712,6231,"Clearwater, FL"
874612346,raniecep,4277,4914,210461,Florida
1123923918006435840,NWorthy25,3047,4254,23806,
1616128092,JoeFainSr,3371,3763,6217,
1155821644864204800,RokJohannes,22511,17253,739,
19338880,blair_bs459,3042,4533,8604,
1067913419632840704,Chgogirl3,2911,4712,22952,"SW side of Chicago, Illinois"
1066469945754537985,Tim77349156,13966,13971,95,
4380273612,thedonalddotwin,66929,255,21405,
1001173159675072513,eckyimp,7953,8575,121924,
