user_id,screen_name,followers_count,friends_count,statuses_count,location
187680645,LLinWood,914075,8102,13442,"Atlanta, GA"
291328339,JackMaxey1,45547,525,7699,
1337437614857728020,Aimless99706821,5,26,0,
138490752,RJHarrisWHP580,2575,145,659,"Harrisburg, PA USA"
2772489674,IzzySmith_101,30082,30035,7914,
51131276,ljbonner,540,1297,1812,"Dallas, TX"
110542860,robsmithonline,206047,402,16786,NYC/FL
1267482743493058564,EssentialBusin7,561,1551,7610,Dark Side of the Moon
1302749290628956160,AtsGhost,10,1,2,
26572460,SpaceForceDoD,445464,803,10130,Washington D.C.
1077418096938442752,SunTzu03871658,6533,7131,64579,"Jacksonville, FL USA"
1264254176953057280,OD_ant,47716,2351,1252,"Indiana, USA"
90480218,RichardGrenell,710438,2700,10471,"LA, Rancho Mirage"
46233559,rosemcgowan,1022331,5361,14408,Planet 9
1292497485454290944,Brad80548635,87,180,127,"Indiana, USA"
1196441152486072320,CBS_Herridge,481014,21,1565,"Washington, D.C."
3132471359,realJZervos,2543,4984,12828,
18382684,josejorgeruiz,33441,19790,16501,"Houston,  TX"
827473845170950146,RadajJoei,26454,7165,6474,United States
1165674617853231105,realTheresaVR,7040,6008,86777,"Gilbert, AZ"
