user_id,screen_name,followers_count,friends_count,statuses_count,location
929614926963970048,DidiPacela,16029,5,494,"Isole Canarie, Spagna"
4239551,amuse,61516,1560,2095,"Dallas, TX"
315928288,GabinoGrhymes,887,684,18217,Salt Lake City
1217559748557647872,RealChrisLangan,33656,48,870,
44385628,gregkellyusa,286323,1463,2991,
999153867374841856,KAGWAR2020,25545,179,7972,"Los Angeles, CA"
1147253398670102529,UncoverDC,100689,71,1876,
1052225335318712320,annvandersteel,112003,5475,43697,"Florida, USA"
1267866948743892992,BluntForceTrut1,29316,955,368,"Kerrville, TX"
1881296893,PatrickByrne,198080,175,3517,Inside Deep State's OODA-Loop
911605567948341250,Raindroplet70,2657,4834,16192,
1088436554807287819,HYVEE7,38079,235,33279,FORWARD UNTO DAWN
1327907980788985856,Lur_kinggg,30,348,310,
1329919859900227587,derf_famous,11940,239,721,
1128475843557249027,McKaylaRoseJ,101610,2433,18589,"Dallas, TX"
1334300969266507782,BobbyPiton3,116987,66,1657,
2847221717,DNI_Ratcliffe,429314,859,29,"Washington, DC"
1268174125,AHeijstek,97,342,4479,holanda
869653976832233475,MArepublican18,11209,493,2602,
1444913180,wyo_mbb,13472,146,8831,"Laramie, Wyoming"
