user_id,screen_name,followers_count,friends_count,statuses_count,location
31047836,michaeljknowles,415327,1613,41901,"Xs in TX, so hang my 🎩 in TN"
1133781254959239168,SenMastriano,191418,810,896,"Fayetteville, PA"
592730371,JackPosobiec,1267026,965,73761,Valley Forge
1024930357,Michael_Voris,30960,374,19966,"Detroit, Michigan, USA"
229141520,CortesSteve,202788,588,31977,“MAGA Country”
2333707213,X22Report,563921,21,9769,
156523002,EVerastegui,202086,271,13905,
850036892,Project_Veritas,863454,879,9646,"In a bunker, Greater NYC"
819201209991041024,WarNuse,128501,47,19653,Way North
606400487,Church_Militant,45768,641,36548,USA
15513604,foxandfriends,1340493,1062,93426,New York City
87679233,AlexBerenson,238312,189,12744,New York
381678556,Johnny_Joey,133035,3571,44866,"Atlanta, GA"
1269452617551212544,ArchbpVigano,12218,1,642,
19738104,TaylorRMarshall,83761,263,4439,"Texas, USA"
3047722897,realMikeLindell,393536,9560,2373,"Chaska, MN"
33280581,obianuju,124108,118,17369,Africa-Europe-America       
217543151,SenatorTimScott,539250,3860,9430,
78685709,JackBrewerBSI,85200,1778,15719,#GloryToGod
29658469,MillerStream,106120,2252,10267,"Los Angeles, CA / DC"
