user_id,screen_name,followers_count,friends_count,statuses_count,location
1193251639530049536,mil_ops,219190,15007,8355,FEMA Region VI 
349208364,JasperFakkert,18325,37,370,"New York, NY"
2847221717,DNI_Ratcliffe,429436,859,29,"Washington, DC"
2795404498,PVeritas_Action,248058,710,3158,United States of America
187680645,LLinWood,910302,8103,13441,"Atlanta, GA"
26637348,TulsiGabbard,1016999,2573,10673,Hawai'i
995812375432433664,PioyCOLX,13850,591,5673,United States
2395318063,_Kevin_Pham,23967,6356,85828,
358464377,AntonioParis,405898,130851,55947,3rd Rock from the Sun
3180247177,KevinKileyCA,38731,1409,2356,"Rocklin, CA"
160404593,kimrunner,41787,7081,32409,"Chicago, IL"
8470932,jefferymyers,5633,4102,61060,"Grand Prairie, TX"
468056608,BlazeGirlNM,808,1260,5820,New Mexico
27185431,KingfaceF1,110514,3641,49584,www.kingface.net 
1074107268,JOCombsUSD,779,188,2636,"San Tan Valley, Arizona"
2620190359,bellaaabryant,1564,108,5973,"Mesa, AZ"
806743221627797504,clicker2017,2018,2258,39402,
1285949564437041157,MsBevelynBeatty,78922,4,88,
32897787,TheLeeGreenwood,50490,1171,16338,"Nashville, Tennessee "
1269119513116606466,jolene_redland,9,74,3,
