user_id,screen_name,followers_count,friends_count,statuses_count,location
1337531542114078722,JovanHPulitzer,75099,86,1976,
2852597261,julie_kelly2,72670,947,77422,Orland Park IL
742735530287304704,WarrenDavidson,27122,4093,4270,"Washington, DC"
1009563233425022976,SteelhorseQ,50995,39196,84088,
1302002439265161220,1stitch2gether7,1750,4483,7438,
487864290,Kime3x,1655,3324,11453,AMERICA THE BEAUTIFUL
28756573,P8R1OT,56960,25148,243,"Illinois, USA"
96549745,marygerdt,3466,4876,139926,"Louisa,Virginia"
830662533237215234,richjalvarez,4938,4980,19589,"Palm Springs, CA"
372011009,vicnanc,6881,6950,56070,Iowa &. Florida
91804163,BebeBertino,1910,4973,50106,"Somewhere, Tx"
89083397,JoshJPhilipp,60516,1969,8812,New York City
760128364950724608,dbsdey681,3673,4774,141405,"Florida, USA"
817138492614524928,RepTedBudd,37328,526,2729,"Davie County, North Carolina"
3343532653,josephpcampo,21182,21396,809,USA
1945927555,darwins_irony,398,357,11113,Over Yonder
1192933113535639552,GradQuantico,2491,4990,11768,
1342979325625331715,ReduxCarrie,1896,1053,1261,"Idaho, USA "
227426714,Kathy4Truth,14038,2840,11061,Wherever logic is needed.
