user_id,screen_name,followers_count,friends_count,statuses_count,location
33608041,ksorbs,494777,305,18127,California
52642209,oldguy_steve,31520,31229,13640,USA
407311236,mikedinow,10565,339,1306,"Los Angeles, CA"
749686190,jennfranconews,116537,2881,9442,"California, USA"
515951593,LILIFIFIELD,17831,576,3355,"Los Angeles, CA"
952977622400577536,ElmaAksalic,34921,149,3185,New York • California
56257903,senatormelendez,41627,1096,10864,"Lake Elsinore, CA"
35218566,AriFleischer,446978,1562,18646,
220081296,HeatherChilders,189200,4218,25667,"New York, NY / Charlotte, NC"
29495695,KLoeffler,237559,575,3092,"Atlanta, GA"
488679352,FoxFriendsFirst,144777,838,28472,"New York, NY"
146569971,CDCgov,3491233,267,29200,"Atlanta, GA"
248113252,RealOmarNavarro,297883,58141,9553,"Los Angeles, CA"
1187835922118787073,lavern_spicer,20911,4460,2959,"Miami, FL"
1178293200907313152,bellamaria1776,34708,264,306,
2618663308,alisciaandrews,16213,2362,3156,"Ashburn, VA"
36053695,EagleReturns,2280,3734,72358,
1138464855462096896,MAGA_G3M,4989,3089,55469,
3168663944,Bone_Brake,26247,17779,152303,
18313747,HARRISFAULKNER,378990,3641,16198,"New York, Arizona"
