user_id,screen_name,followers_count,friends_count,statuses_count,location
2704681687,EthicalSkeptic,93215,1061,23531,USA and Client Nations
822057240060370944,Trholtz,6308,6351,8098,"Pennsylvania, USA"
871887372425850884,Four_fun_stuff,712,1172,8905,never home
2999720269,kdawngonzales,1969,1636,10155,"Texas, USA"
1263246263509643265,Brixea,62706,62079,43285,
1313068221969436672,__PatriotUSA,1900,2328,5448,
274250332,sahacubo,9999,10680,11673,Texas
1329573232513572864,BeccaBtn,3576,3696,4613,Tennessee 
1219377880213356544,BayCitySean,15886,15965,10409,"Michigan, USA"
1312012176455020544,WillLeftridge,2084,1986,2193,
1293431329812619264,willcainSZN,2730,2931,1396,The Volunteer State
803783112,ToddMcGee1,1305,1416,652,Arizona
1324745284547682304,MoralScold,1404,1455,9464,New York
1382936677,mobilebayKK,7557,7421,8028,"Mobile,  Alabama"
1327847559428251651,ThatsGunnyToYou,6636,6175,2295,
1812055789,CodeMonkeyZ,509662,396,4103,
449901857,FatPopm,19999,17828,130047,United States 🇺🇸 
957641791506866176,CaliConsNews,9364,6507,37074,"California, USA"
804518437708005381,ccinthemiddle,31916,20983,71012,United States of America
28703355,610maggie,310,108,7365,"Fort Loudon, PA"
