user_id,screen_name,followers_count,friends_count,statuses_count,location
1196441152486072320,CBS_Herridge,480995,21,1565,"Washington, D.C."
1243895121353027584,EverHedge13,98,410,403,
319212345,Bobssxdj,545,432,10414,None of your business 
440510545,dpeoplesjones,59720,808,7452,"Detroit, MI"
1707031387,realgrantdelpit,80762,530,2828,
770781940341288960,RudyGiuliani,1337209,545,3327,"New York, NY"
51263592,AdamSchefter,8101415,3307,53176,New York
175409819,Sling,56915,135,13202,
751489901116424192,kim_sax1,5883,1126,66668,NJ
629963553,lazyzimms,11866,12252,135454,United States
788256096834072576,isitwetyet,33167,13,908,"Mississippi, USA"
744766385843101696,NEO_Scan,37960,412,41652,"Cleveland, OH"
2670054340,Mr_MayNorthSS,360,781,4144,
992482015223123968,ScottishHammer7,24678,233,540,"Inverness, Scotland"
157157264,NFLFantasy,834414,197,42731,
22326749,j_lifeexplorer,7876,12,23668,Everywhere
1130893345075716096,US_CYBERCOM,64238,227,508,"Fort George G Meade, MD"
240454812,GenFlynn,1202297,29560,2002,"Parler, America"
384910109,KimStrassel,489950,494,7306,
620571475,DanScavino,1309118,776,11855,
