user_id,screen_name,followers_count,friends_count,statuses_count,location
1290599993422819328,mostlytired3,544,1458,1948,Doesn't matter
960285302899298304,EvanAKilgore,93960,1771,27057,"Ohio, USA"
778763106289758208,JennaEllisEsq,881539,1279,27836,"Washington, DC"
33608041,ksorbs,493583,305,18127,California
821741361644892161,fake_news_u_r,7297,277,36557,"Scrantonicity, PA"
807309197348077568,thewillwitt,101178,104,6435,"Los Angeles, CA"
2778328297,MajorPatriot,291882,92,2649,
187680645,LLinWood,911695,8103,13441,"Atlanta, GA"
1003671173568352256,Lizzys_Ghost,10788,414,1932,
1216741229595111424,NicoleOrem5,645,284,32,"Pennsylvania, USA"
43257803,AdamCrigler,88606,979,9489,
1316595714164752384,TheLibertyWarr1,8035,853,1572,
801563783751532544,Skillsetmag,7443,736,3196,
948025605009879040,CryptoKoba,84246,1,225,"Pic is edited, edited for a reason."
1110684264243302400,GoJackFlynn,227881,5350,18241,
1052225335318712320,annvandersteel,112185,5473,43697,"Florida, USA"
2812234960,kelmerica78,12708,6592,17794,United States
42670638,mercedesschlapp,221743,2651,29176,"Alexandria, VA"
241382835,prattprattpratt,7930137,477,4148,
1142421493932052480,Vincent__Fusca,204493,138,324,
