user_id,screen_name,followers_count,friends_count,statuses_count,location
1317129865,MattxRed,66116,2749,18944,"Parkland, FL"
1787201851,Sarahchadwickk,283230,529,7982,She/ Her/ Hers 
965231053119148032,JaclynCorin,177443,340,2672,
907759856429527040,lauren_hoggs,78822,379,1419,
18698555,wesley_jordan,115361,106306,42965,"Utah, USA"
825829081866436608,irishrygirl,81597,33761,62510,"Boston, MA"
1612067526,bryanbehar,178964,92096,49790,"Studio City, CA"
26548315,soledadobrien,1336246,439785,102522, New York
17341358,VolvoCarUSA,238876,489,79798,USA
149553612,bustybabes_69,20191,5658,61813,Boston
2440279188,MyBustyBabesXXX,49415,17199,72051,
95093611,amateurpornme,27057,2,21,The Land That Liberated Porn
2866419460,BustyUK777,78850,333,15364,
2909566663,AsianBustyBabes,1094,117,58872,"Los Angeles, CA"
13393052,ACLU,1975008,5676,54047,"50 states, DC, & Puerto Rico"
7334402,alfranken,912347,43085,3671,Minnesota
19570960,realDonaldTrFan,332412,248856,2123,You can help support at:
1601667661,ChieSmith35,187,424,419,"Richardson, Texas"
2380528884,JClaireBurke,64,223,9574,Chicago / Kilkee Co. Clare
785209740,brycetache,211691,98023,43514,"St Paul, MN"
