user_id,screen_name,followers_count,friends_count,statuses_count,location
2352629311,HawleyMO,485563,990,5069,"Missouri, USA"
1322693567765237761,EzraACohen,106997,61,59,Pentagon
1298828851867418624,Bill_Binney,66246,32,125,
1264353259352920064,galacticbeingz,20346,220,35,(Galactic Federation)
1334300969266507782,BobbyPiton3,117083,66,1658,
19574537,KYRunnerGirl,2687,3837,5497,"Kentucky, USA"
1192156101132931074,GoubeauxKen,4201,4991,15678,Midwestern State
29458079,JudgeJeanine,2566817,488,17917,"New York, NY"
208155240,MariaBartiromo,1003475,1464,33304,"New York, NY"
1325516096749907968,dubs_reid,1113,1571,1697,United States
1242534200634478593,RealPNavarro,118453,10,428,"Washington, DC"
2480268229,TheOfficerTatum,614946,1301,6166,"Arizona, USA"
1323243451887030276,GregAndersonred,28263,108,17,Philly
1096571449777770497,svp_39,7842,848,253,
701825647,SeanParnellUSA,207531,977,34710,"Pittsburgh, PA"
537489859,emandlio,3418,1719,10961,Worldwide
1110188691329298432,HCopperbottom,207,559,1119,
1812055789,CodeMonkeyZ,509692,396,4103,
17993620,kenblackwell,28478,10842,5272,"Cincinnati, Ohio"
823884230065291265,bart_loftin,261,289,1196,United States
