user_id,screen_name,followers_count,friends_count,statuses_count,location
1018627848,JimBelushi,107357,231,1124,
4228591154,NeededaName,2357,2446,41276,
1321927396971421701,SusanStJames3_,13375,9845,533,
634039696,ycosey,789,1154,119705,
114388293,KristiNoem,191838,3781,3396,"South Dakota, USA"
130003817,JodyHice,8670,2284,844,
353890966,timburchett,49808,1806,21700,"Knox County, Tennessee"
16187637,ChadPergram,134318,18977,111556,Capitol Hill
935942321756966912,RealAmVoice,94704,1134,10492,13276 East Freemont Place Cent
1917731,thehill,4066927,270,823309,"Washington, DC"
1285208111008100357,RealignmentPod,3142,5,158,"Washington, DC"
408806531,esaagar,195542,2750,21230,"Washington, DC"
187680645,LLinWood,914482,8102,13442,"Atlanta, GA"
2251103190,abigailcfrye,50940,868,1037,"Washington, DC "
240454812,GenFlynn,1202726,29561,2002,"Parler, America"
778763106289758208,JennaEllisEsq,882061,1278,27842,"Washington, DC"
579093145,lionelressi,12267,12575,8439,California
22677397,atensnut,498427,6467,23848,"Fort Smith, Arkansas"
1084375028,JasonMillerinDC,268960,3548,49233,"Washington, DC"
1277439038077784064,BillStepien,56727,1,29,"Arlington, VA"
