user_id,screen_name,followers_count,friends_count,statuses_count,location
1265457211712692225,IAkining,2385,1692,10310,
1120953847940124673,NokooTV,340,834,18345,
169244010,absitminded,6711,74,172,
1071999323812982784,Star3Gazer,24,43,384,
855261525426229248,GodInANutshell3,1973,38,9,
975476977598681099,Danomaniac1,69,627,969,
2573453335,Pena23Pena,172,834,8515,
1008820165297999872,casino_lady,2010,2300,15787,
1344597146,StaciaPound,1191,2773,14305,"Arizona, USA"
1093108663861035008,Robin42860628,39,153,79,
1029870852878295040,CatesDuane,58505,4102,161449,CATES COMMAND CENTER
1110718480788213760,JTQ3692020,1798,2381,43429,"Texas, USA"
27774027,reneejyeo,71,241,674,
233935823,ChickeePooPrays,888,3022,8676,Behind enemy lines.
316420084,NanMorr,381,606,5146,Mitten State
1047508594701172737,kclarkprof,480,1068,5994,"Alberta, Canada"
2378613905,DohoGg,120,49,10711,
944092680102993920,obi1patrizi,110,210,4491,
936635203031879680,Ciph3r313,385,803,3666,Gods Earth
1292514388822368256,DoubleJ61871445,68,297,457,
