user_id,screen_name,followers_count,friends_count,statuses_count,location
914029581610377217,HuobiGlobal,214742,25209,7976,
903434091650883586,Waltonchain,54783,67,1258,People's Republic of China
250980843,cameron,238663,1389,4118,
1285409312085471232,bounce_finance,12637,89,247,
1308908961538535424,BoratSagdiyev,393523,33,45,
146008010,CryptoMichNL,93782,471,54412,"Amsterdam, The Netherlands"
2301546955,JAcKAL_1982,265,476,7853,
1304609819504984067,VenusProtocol,13678,8,118,Venus
932564811929460736,GabiCryptoKing,10437,10859,4978,
1266639088851042305,BitTony3,376,940,441,Israel
69279952,Chris_Mischler,26678,6016,6560,"Bangkok, Thailand"
720487892670410753,CoinbasePro,234948,7,891,"San Francisco, CA"
984188226826010624,UniswapProtocol,157035,72,900,
77246513,PlayStationCA,107691,456,8957,Canada
1283378359561576449,iexecutioner1,119,67,593,
24222556,tyler,304418,2369,9077,"New York, NY"
775658150179508224,iEx_ec,33727,2424,1913,"Lyon, France"
902926941413453824,cz_binance,669979,1565,7068,
174534924,MatthewLillard,303047,697,7508,
958118843636854784,AltcoinDailyio,50941,258,4209,"Los Angeles, CA"
