user_id,screen_name,followers_count,friends_count,statuses_count,location
782973815496192000,AnthonyHopkins,742970,41,466,"Los Angeles, CA"
52181976,NateDiaz209,1655270,539,2287,Stocktown 💯
2444081149,khaosOXwilliams,17325,98,146,United States
57690247,BrendanSchaub,812278,233,34784,"Venice Beach, CA ☀️"
939091,JoeBiden,22102403,45,7046,"Wilmington, DE"
74712538,PaulMcCartney,4151040,15,5470,England
232696549,harryhiggs1991,19964,180,1027,
16357635,KeeganHall,31390,498,12535,"Seattle, WA"
61283362,TimKennedyMMA,315476,304,15813,"Austin, TX"
433801680,CalvinKattar,19074,171,886,
2990135868,MatBest11x,91470,51,665,
117577703,leesyatt,62328,99,20121,Los Angeles
353422065,TimJDillon,273514,694,16253,"Los Angeles, CA"
17955081,TheoVon,364015,26556,10083,Los Angeles and Nashville
46233559,rosemcgowan,1022365,5360,14408,Planet 9
33152005,EricRWeinstein,448041,839,13055,Argleton
191590813,Logancouture,340990,210,5010,"London, Ontario/ San Jose, CA"
33131538,JoeyKing,535425,779,116,
3015189603,SecretGolf,19527,798,6800,
1054756909566308352,FromTheBackTees,14911,7550,4547,The Back Tees
