user_id,screen_name,followers_count,friends_count,statuses_count,location
1571866412,ameliasimb,1142,411,24976,#NoLivesMatter
1336150964261228545,THEREALTRDJ,4532,65,6497,
1100980625534828544,Deb77711,1203,1951,12947,TX Sam Houston Natl Forest
539647424,timpinon,958,1877,8382,
865680789383544832,StorieswithM,398,925,6255,"Edinburgh, Scotland"
185292905,TUBINTEXAS,1136,2444,1547,"Texas, USA"
870428636607782912,BAB4RL,716,1315,7829,"Colorado, USA"
797074381642076160,RNtcc17,2380,3490,31265,United States
1421021257,RuhRohRaggieroo,5035,5338,164922,United States
251431596,KenW0202,1093,2454,10348,Mississippi
525966425,specialistgi,2667,2650,26229,Alabama
1114515411058548736,Crazy_German17,5342,3157,34174,Everywhere 
795099402926956544,GDujanovic,3854,4996,59086,"Ohio, USA"
39344374,DonaldJTrumpJr,6586392,1500,40799,
1124473015872438273,OsamaLadden,120,244,1195,
991305983560441859,VictorVescovo,2339,9,184,
1270843106364026880,sec420x,579,139,1966,
974435384271630336,litecoin_bull,17852,3273,38719,"Brisbane, Queensland"
1093774442264707072,VincentCrypt46,299416,913,23882,"Pic is edited, edited for a reason."
1201282115599392769,VFuska,145987,105,564,
