user_id,screen_name,followers_count,friends_count,statuses_count,location
389206573,PK9Mag,6158,1573,3270,"Paducah, KY"
1298828851867418624,Bill_Binney,66338,32,125,
878239454313447424,Stop007now,4889,121,9398,International
1125168380837801986,Ccensorshipwor1,3787,4987,20192,USA
886749077819535360,DavidRMartin8,4131,4990,134211,"Connecticut, USA"
65159946,JohnBasham,81950,8491,83884,"Fort Worth, TX"
1269892967805919232,GenieQ17,270,705,673,East Texas
1230961593451712513,WeTheInevitable,110046,791,12107,
146456142,DocRock1007,42083,13821,73226,gab.com/DocRock1007
1268510585903370240,Kyanon88691437,77,328,2256,
23763207,launa_usa,18074,4315,45886,Earth
939366737413251072,doqholliday,94390,777,21319,"Tombstone, AZ"
307039459,molmccann,154527,793,6634,"Texas, USA"
877985300466745344,JosephJFlynn1,418500,3537,4774,"Florida, USA"
4798259061,BarbaraRedgate,200222,11152,28844,"San Diego, CA"
2251103190,abigailcfrye,50942,868,1037,"Washington, DC "
149681153,jbinnall,117355,1118,1593,"Alexandria, VA"
586707638,SidneyPowell1,1242020,1984,107796,USA
1812055789,CodeMonkeyZ,510106,396,4108,
1326222997649231872,1n1ruthwe1rus1,616,36,2768,
