user_id,screen_name,followers_count,friends_count,statuses_count,location
324154061,MajorLeagueFish,64834,140,17064,"Tulsa, OK"
20107544,FLWFishing,105657,956,38056,"Benton, KY"
34943976,MinnKotaMotors,24982,189,3013,"Mankato, MN"
30035090,MercuryMarine,38337,1187,7424,"Fond du Lac, WI USA"
55239071,RangerBoats,33192,216,1698,"Flippin, AR"
138809881,mschlapp,296944,1555,58677,Alexandria VA
22672938,chemicalguys,19063,183,15656,Los Angeles CA
783022049702707200,speakersamerica,14482,0,89973,United States
935148134505828353,SecNielsen,110571,313,792,"Washington, DC"
542962969,hrkbenowen,127783,89352,290762,
181302278,garyrextanner,52190,37659,18127,New Album: The Hollywood Ride
822444348977463296,poetWOAgun,61559,67301,25876,"California, USA"
109441206,RWSalt,302695,268305,64779,USA
2588677063,Hhicaniac,1179,1079,174,"South Carolina, USA"
3250141399,polishprincessh,136896,74059,82882,"Texas, USA"
98851120,Airbornex82nd,77503,75995,126933,"Dropzone,in Woods"
33594385,Trojan_jo,3319,3827,2582,"Texas, USA"
2510362008,Patrici15767099,92531,14875,73122,United States
741680976,mollyday15,83836,92157,172769,"Texas, USA"
2782361627,83marine83,1078,1621,15474,Texas / Arizona
