user_id,screen_name,followers_count,friends_count,statuses_count,location
1313128625680592896,DrLiMengYAN1,75011,123,443,
63077720,WJMcGinley,5687,1417,3082,United States of America
1337531542114078722,JovanHPulitzer,72402,86,1892,
1210794547548045312,King83NJ,1346,2296,23498,
1128726768511221760,CaliRaisedRed,5378,391,798,"California, USA"
790668245992869889,JL227713,12054,490,3038,
131007516,LizHarrisMBA,11156,497,4750,"Chandler, Arizona"
2362767015,CBATrainers,920,2646,47527,"Tampa, FL"
881813910327672832,australialotus,773,193,27250,
1150260596211765249,RideWithC4T,61041,25530,136900,United States of America
1258111737829765121,CockneyChristi1,3120,3539,6862,England Q Alerts 🇬🇧🇺🇸
637138985,BrianGoodlife,5322,5684,63074,"Orange County, CA"
1253417929619603459,qmerican100,1081,1706,14023,
1293321006212292608,TullimonstrumC,2614,5000,11735,
1275947302054748161,PiperOligee,87,390,861,United States
17001516,eternity_echoes,6713,4281,27393,CLE
4827594804,LouieGohmertTX1,7932,137,120,
1301520301700907011,WorldWarKy3w,2045,524,8001,
1191757749052477446,HeroAtLarge323,6902,7405,57592,
1021842124743090176,Sarah25540235,4222,4990,85428,
