user_id,screen_name,followers_count,friends_count,statuses_count,location
19275549,DominicSola,5238,5284,20366,Florida
1095031648674967553,DoxHunderson,348,373,2290,1776
1104735415880298497,DrewGranger6,170,201,141,
548646200,XPoseCrime,3505,4999,37969,"New Jersey, USA"
1070982384869347328,Hulkanon,560,823,3343,"New York, USA"
1455286956,JewelsJones1,35701,35185,359807,Hollywood -&- San Francisco
3879759869,Chuck_U_Farlee,4266,4240,114110, Catskills Amateur Radio
745783065683820544,darrell1925,4278,4985,3139,ohio
832763991487164416,realTT2020,131035,101874,611738,"Denver, CO"
893672222010875904,USAPatriot45,1474,2323,51309,USA
704804324921061376,rychase01,2247,2873,21156,"Washington, USA"
777990899544559616,PuneSaloon82,340,405,29674,"Niagara, Ontario"
831659025213251584,KarlousNaderi,30210,28385,6916,"Glendale, CA, USA"
927769437096177664,KWitt20,1966,2546,91680,
1088733886899617792,Allen15184436,8,50,343,
906973569074307072,Powergenerator9,34,108,1573,
722635060856406018,BernieFireball,655,421,83260,"New York, NY"
1062778619783720967,electionnewsbay,143,0,167731,Global
1497002244,asanchez1607,3705,4530,81927,
301226702,Tim_Auger,797,1513,15775,
