user_id,screen_name,followers_count,friends_count,statuses_count,location
40451753,ShaunBaileyUK,72299,1426,9302,"London, UK"
224659331,Tyson_Fury,1724147,8670,19379,Jesus loves us all.
172511244,T_S_P_O_O_K_Y,131319,20941,51451,Earth..mostly...
4041824789,RSBNetwork,382076,527,18342,"Auburn, AL"
254389036,goodfella999z,310,1188,1602,NY
718475378751381504,BethesdaSupport,144297,29,63180,Available Mon-Fri: 9am-6pm ET
963602948499570689,BenGrierson2,129,103,12628,Anon
36528126,kirstiealley,1612389,917,78150,Hollywood
1259714432,kimKBaltimore,558489,3209,35601,Mary Land
14511951,HuffPost,11460584,5633,571751,
16834659,SkyNewsAust,512952,15217,265018,"Sydney, Australia"
429751008,Mark_J_Harper,23037,809,2418,Forest of Dean
1220095092855205889,Methusaleh5,214,510,535,
187680645,LLinWood,910745,8103,13441,"Atlanta, GA"
2251103190,abigailcfrye,50920,868,1037,"Washington, DC "
1215611444105969664,TruthAbtChina,59992,13784,1519,
778763106289758208,JennaEllisEsq,881388,1279,27835,"Washington, DC"
4219463128,martinpmurray,8072,6803,12103,Cannock Staffordshire England 
11392102,markjeffrey,44161,4702,44188,"Marina del Rey, CA"
17936949,KMCRadio,148666,4327,50103,New York City
