user_id,screen_name,followers_count,friends_count,statuses_count,location
17995040,benshapiro,3506155,264,162533,
112047805,brithume,1269528,820,23481,Southwest Pennsylvania
22203756,Mike_Pence,6073750,46,13155,
81936590,CascadeCorp,3409,1532,1458,
890319316327047168,StumpforTrump,149323,145930,21291,
61001395,TheDoochMan,44822,1383,5653,"Seattle, WA"
2259809232,Super70sSports,410926,999,38727,"Chicago, IL"
242387485,TT_sstout,1358,29,3484,"Ottawa, Illinois"
65362138,IVCCEagles,1291,141,2821,"Oglesby, IL"
468646961,TomiLahren,1741014,1119,16855,"Nashville, TN"
4914198133,TRBrewingCo,746,615,2343,"Ottawa, IL"
1000770365801590784,doanfilm,6703,280,3104,
37666984,AmbNikkiHaley,1542643,330,5813,"New York, NY"
742792681026375680,BFT_Podcast,24595,259,44299,
794683134,AugieObserver,951,212,3342,"Rock Island, IL"
4839917813,rhonudelta,336,470,213,"Augustana College, IL"
73366544,1073WRSW,1097,267,3026,"Warsaw, Indiana"
25512685,Battlefields,41934,1072,14592,"Washington, DC"
779022266067783680,4Marquette,561,265,1949,
910534539763683329,OTHS_Basketball,733,41,960,"Kingman Gym - Ottawa, IL"
