user_id,screen_name,followers_count,friends_count,statuses_count,location
1314563319903268865,PatriotMomma3,218,647,5003,
1303373205898440704,INDIANO73776880,155,340,821,
1276596579949072389,SaltedWith,787,637,11068,
1312495432484835330,NikkiJF3,2337,4736,539,NZ
1373074304,lmoffett3,217,336,865,
1322355706775953408,amandalipponen,9,97,0,
468956703,SavedByGrace_08,1037,1959,93732,United States
1087783497249497089,SusanHu40099588,5,173,20,
1286994474862878721,Harmonymusiq2,100,191,3466,
1269684593059340291,kb____17,190,743,367,
1313989712156061697,thrillbilly19,308,578,1308,"British Columbia, Canada"
2380474497,clabbe87,38,361,66,
29862838,LynnPatriot17,2177,5001,17543,"Somewhere, US "
23380338,maggymag,1135,1402,31028,AMERICA
1046089180844036096,EvelynVlvrt,53,322,781,
1115858550,AnnLeeHumes,183,904,2606,
169390755,MissKittyKat714,303,613,4553,
110744644,maryeffinmo,316,702,4341,
1242091622009131018,Patrick2020h,2821,4991,29071,
1258776306877112323,Warrior573,441,1454,6782,Florida 
