user_id,screen_name,followers_count,friends_count,statuses_count,location
2573925348,nancyleeca,48360,44120,93384,United States
2792740129,SkitterComic,19711,17952,18063,"Chicago, IL"
374426962,OohFa,24114,24769,52134,41d 7' 25 x -73d 23' 40
1209614814315597825,AliStarr777,3948,4599,3913,"California, USA"
1223761588747894785,TheWholeReport,550,1343,98,
4291004005,DIYMikes,18906,11518,539354,"Salt Lake City, UT"
386739284,allthingsenigma,3191,768,7982,Vancouver
293267862,lesstaxingcpa,41404,43275,141273,"Fairfax, VA"
1350600788,dawnegurl,37672,34046,49304,Midwest
50347501,edwincwc,30964,31467,42721,"milky way, Earth🌏"
1042758400805941248,QArmyInfo,30242,28494,85006,United States
2490574814,JourMajesty,60470,39697,10534,"Los Angeles, CA"
822702247,KenLaCorte,15578,3312,4447,"San Francisco, CA"
1178296505951805440,fMcMeme,2980,3336,3322,USA!
1230536574951198720,Brandon92405133,4,4,2,
1599141961,Mac72Terry,54188,49349,11972,New York Comedian
2418718791,BillyDaKidA1,2222,2221,2961,
1177962123445432321,BeLightHK,14980,14000,13762,
19790638,alaphiah,19354,19472,189450,California
1182036058617384960,Truther19_ABN,6537,6704,6890,
