user_id,screen_name,followers_count,friends_count,statuses_count,location
1337531542114078722,JovanHPulitzer,74166,86,1964,
942618447443144709,elenochle,184669,1788,36807,"Michigan, USA"
278145569,MarshaBlackburn,312754,2282,10014,"Brentwood, TN"
1309508228292673536,RepGreene,676,100,734,
1881296893,PatrickByrne,199163,175,3542,Inside Deep State's OODA-Loop
854925663752536064,OIF_survivor,1022,1178,22509,
15937190,AZGOP,91855,2314,21435,"Phoenix, AZ"
1249982359,senatemajldr,2161062,106,4447,"Washington, DC"
1334300969266507782,BobbyPiton3,118272,66,1662,
472872558,MrT,241288,17,1699,
1334940153127837698,FactsMatterRB,242,4,37,
3047722897,realMikeLindell,393826,9559,2374,"Chaska, MN"
620571475,DanScavino,1309567,776,11855,
151930383,GordonGChang,153260,917,13871,
1126003543,WoltzHowell,1461,417,13178,"Warsaw, Poland"
23216714,NicoleArbour,233611,514,19654,Airplanes
233737858,SenRonJohnson,221988,853,6043,"Oshkosh, WI"
15719232,JanJekielek,61964,3765,25608,"New York, New York"
26163517,BlacklistedNews,73393,760,79539,
15392486,disclosetv,242553,470,1878,Join our community 👉
