user_id,screen_name,followers_count,friends_count,statuses_count,location
1273428642954194944,maggmountains,41585,5490,20852,IG and Parler: @maggmountains 
307039459,molmccann,154538,793,6634,"Texas, USA"
826065164504006657,mtgreenee,231222,1928,10258,"Georgia, USA"
164070785,Lauren_Southern,392216,966,2279,laurensoutherndocs@gmail.com
1323991248567332865,Vera14064306,1,11,0,
17060573,ComfortablySmug,222636,5956,346907,"New York, New York"
107210947,andrewklavan,226769,1607,24309,California
41634520,seanhannity,5629685,6,9699,NYC
23970102,BillOReilly,3406085,80,16038,
19091173,scrowder,1340632,2745,59295,Ghostlike
940409602155282432,FogCityMidge,107564,3034,6769,"San Francisco, CA"
4081106480,realDailyWire,564920,3398,132798,"Nashville, USA"
878087280321335298,KaitMarieox,405233,598,3661,Ohio
233000889,fleccas,250644,4150,11090,"St. Petersburg, FL"
14458643,rooshv,84692,1,393,Washington D.C.
862374578,ConservCityGirl,14192,2082,17518,"Brooklyn, NY"
391157282,IliaNelly,3,13,13,
44196397,elonmusk,41244839,102,13241,
116319448,JulieBorowski,72163,8861,63178,
41266395,GovernorLittle,17301,372,2624,"Boise, ID"
