user_id,screen_name,followers_count,friends_count,statuses_count,location
2352629311,HawleyMO,485254,990,5069,"Missouri, USA"
15937190,AZGOP,91585,2314,21434,"Phoenix, AZ"
472872558,MrT,241283,17,1698,
1308805076069351426,LouwenMandy,4857,4896,452,
1011710358799740928,RunStoical,9582,9785,19041,
1308782235420631040,IreneToner,6100,6028,17375,Co Down Northern Ireland 
77597579,leemack2,26782,23245,105289,USA
1305482663382446080,therealcpittman,3306,2111,451,
4810083143,CTFGHO,23299,23440,30051,formerly @FIREGHOSTOTTO 
754743809670520832,BlssdHghlyFvrd1,16907,16965,17213,Disney World 
529604764,Ps5725,35456,37678,206739,California
2266156826,luv_america4,31399,34079,75087,
19076077,va_maga_,6661,6853,79777,RIGHT here in VA
1252337074096742400,QueenOfTypos_17,5632,5223,11929,Somewhere over the rainbow 
1027346622848671744,MNRick4Trump,33902,34029,97787,FromTheLandOfSkyBlueWaters..
1254866491066982402,JohnMStubbins,19817,11994,27315,
362416963,lugohely,43717,33352,52362,"Ciudad Ojeda, Venezuela"
1338214524290207747,FLPatriotParty,1324,882,1463,
1286057638090940418,BMcLain61,14125,14641,48120,
12524522,mercola,297126,29689,78616,"Cape Coral, FL"
