user_id,screen_name,followers_count,friends_count,statuses_count,location
1262172458238517248,rass68461857,534,2794,35,
1241459386784022532,EyegirlLoria,3299,2909,29292,Clemson
1220118171828531206,S92263579,1330,2235,6705,I pledge allegiance to USA.   
22512462,SecretGardenGrl,1738,2251,5864,Earth
1135333561534431233,JordynTrump1,70074,71364,66148,Westminster
2472441433,Dav1491David,2339,3143,3366,"Wallace, NC"
1053617161875476480,Zibbly1,804,2713,1142,"West, TX"
1059520931205386240,walkawaylib,21513,21737,50967,40 years of looking deeper...
832639939879661568,judah_ariella,282,1055,2016,
850900444272611328,DerryDowney1,1354,3696,5065,
1026109618492198914,mobycat6969,13604,13544,193197,Currently on Couch sleeping 
41340377,lennibird,11994,12187,27166,MA VA AZ 
1661094252,13thethe,41220,26886,246387,𝐖𝐖𝐆𝟏𝐖𝐆𝐀
825873500120420353,Renatab55,14967,15334,98601,off
1129580639290830848,linthdem,10193,10212,59214,United States
968845575591530496,thomaswood312,369,4541,13,United States
249697511,packingrocks,11044,12086,19437,Oklahoma
885197367003295748,Chrisssmustang,31546,31381,50881,"Maryland, USA"
568546463,bella1955_,739,1065,2694,USA
21785269,NavyWifeAlison,34044,32518,45796,"Alabama,SoCal, NYC,ROCKET CITY"
