user_id,screen_name,followers_count,friends_count,statuses_count,location
137741758,DannyZook,12175,12537,24282,"Oregon, USA"
1295173121696124928,centrright4trmp,5883,575,7794,Arizona 
86177206,TPPatriots,214279,33250,39212,USA
6742412,jennybethm,105259,19424,26543,"Atlanta, Ga"
37862226,hppyjesusfreak,25614,3386,18570,United States
983009009358790657,izabella1955,4281,4055,575,
1258876687166713858,blessedbygrac11,6593,7238,39463,🇺🇸🇺🇸🇺🇸🇺🇸🇺🇸
2513907421,MySherrie6,7359,314,8898,
810943316,Destiny3650,64228,52757,139848,USA
835619126274113536,pnjkrull,17089,14158,43738,"Texas, USA"
1148267711031627777,LDiverted,1909,2615,3988,"Orange Beach, AL"
457273464,Reagans_Legacy,864,1413,7981,New York
2163208946,SusanCabrera19,856,4237,21577,
943185633438203904,ToddmCynic,106,490,3521,South Dakota
111412750,815wrldtrvlr,35129,38232,417471,USA 🇺🇸
762932101,MatthewJshow,42459,8857,126001,"Philadelphia, PA"
2801177472,ExDemLatina,84577,9499,125893,United States
247368688,BlueBoxDave,31977,1065,73067,BKNY
29495695,KLoeffler,237518,575,3092,"Atlanta, GA"
1334300969266507782,BobbyPiton3,118215,66,1662,
