user_id,screen_name,followers_count,friends_count,statuses_count,location
1072366327,chazjeanie,1585,2207,2874,
1043739978940014592,skinsallin1,1090,3315,23286,"San Antonio, TX"
54208281,Kelseynicki,2085,4745,4188,
24604480,Itzme_n_cali,1413,3027,9481,United States Of America 
1007746197195456513,TheRepublicanG1,389,481,63,
1314956780338806785,BridgetWeston5,3,5,4,
1318587222497570819,VincentWeinhar1,80,296,1072,
757752143289786369,LoriWill213,14355,8929,125016,"Rocklin, CA"
117871689,Lundit,1002,2013,11520,"Montgomery, AL"
37089787,DebbieBrandt1,4693,5160,86704,Sunshine State
2757482865,guardianangell3,2439,4774,962,
798893543058264065,BigSandyDreams,1481,3836,4837,Panama City Beach
1311322384528486402,Marshal07773425,312,0,1,
3533106556,gerryAugustonog,17707,18319,18872,"New Hampshire, USA"
438036500,npcmike,6082,6454,13780,United States
39248772,venturaryan,876,2348,13322,"Ventura, California"
36017021,carebearcs82,887,2518,12668,Indiana
1499249480,GregRemsen,758,5001,1751,Laguna Beach California 
1364596837,id2506,2507,4998,46987,
755974477343850496,bullitt4248,3208,4849,97225,United States
