user_id,screen_name,followers_count,friends_count,statuses_count,location
469347511,mcowgerFL,1550,1592,82786,Florida
1333651376124157952,WallaceKJ2,238,656,2205,East Texas
39672887,BillEvansN112WN,2056,3873,268,"Nipomo, CA"
1093774442264707072,VincentCrypt46,299289,912,23882,"Pic is edited, edited for a reason."
551301457,tpjohn5454,3470,4974,18640,United States
307039459,molmccann,154561,793,6634,"Texas, USA"
1322693567765237761,EzraACohen,107057,61,59,Pentagon
406290234,Raiklin,185341,107,475,United States
968530474837729280,17_knowingly,7033,4925,4494,"Los Angeles, CA"
1325148949179629576,ODDMQNSTER,6715,54,2506,
606400487,Church_Militant,45766,641,36548,USA
895954495116644352,tom2badcat,88746,4419,8242,United States
44385628,gregkellyusa,286367,1463,2991,
1285264045977800704,Angela12712731,575,1569,510,
1250417359715799041,GalMacon,1783,2859,34290,"Gainesville, GA"
1324579241430798339,BrianTh37895972,29234,381,15157,
1243041750970707968,CKLOVE9976,179,572,2399,
36529101,seanmdav,380443,5189,1988,"Anytown, USA"
1142421493932052480,Vincent__Fusca,204368,138,324,
882661564997812224,ZakuraMotto,974,1964,25520,
