user_id,screen_name,followers_count,friends_count,statuses_count,location
853786042830401536,Carolyn10311944,3347,4893,177209,United States
20897273,PAMsLOvE,635650,601510,241504,"Colorado Springs, CO"
612959808,SilkSunflowers,27997,30297,156476,"Texas, USA"
814530975350792192,STUinSD,48048,6329,160433,
2915105288,Geek4MAGA,6661,6759,24890,"Utah, USA"
989874844689936385,SChuckles3,10041,10938,11446,"Florida, USA"
767424168669229057,VotingFemaIe,123582,124753,66338,"San Angelo, Texas"
2533636190,JonFournier1,10748,11579,2893,"Webster, Ma"
959505157095673856,mikebro_usa,30112,30372,25663,Ohio
788548986592452612,SocialClaude,16597,16591,198,From the foot of Mount Belzoni
1037118979423125505,usmc_ss,363,341,464,"Honolulu, Hawaii"
817382752731463680,buzzman888,44820,8179,223261,USA  #MAGA  # KAG 💯 🇺🇸
804435407400095745,dyro874,63143,59097,331202,USA
771151618100322304,justice4Kanata,5399,5931,20919,TRUE NORTH STRONG AND FREE
952225095640080386,republican_jo,10497,10933,7231,"Springfield, MO"
813466712,DMShockley,49010,49336,123204,"Glendale, AZ"
829061327800954882,JanetTXBlessed,100334,86300,633841,"Texas, USA"
4086750921,MAGA2ARIGHTS,61380,60725,274950,👿NY👿
457029141,GewoonRobbert,124117,154,12467,Zwolle
178314194,carded426_ed,3610,4992,71561,"Brooklyn Park, MN"
