user_id,screen_name,followers_count,friends_count,statuses_count,location
218666554,NULOOKREFINISH,22230,329,19952,Boston Ma.
1018176579833384960,royal_soul91,431,470,8496,
889405548449452032,Death__Ray,153,184,1412,
18173841,pigeonwhispers,3497,911,4544,"nice try, fedboi"
27012070,robertsepehr,13530,6,1543,"Los Angeles, CA"
2724227049,ADalassio,4819,1668,26272,Tartaria 
26572460,SpaceForceDoD,445306,803,10130,Washington D.C.
1329055229699104771,CoomersPostingL,27976,77,231,
2960737793,donovan_pauline,1957,4971,25018,
3214466631,Know_More_News,23899,787,21551,
1155986243450093570,JPagajos,1658,611,6919,"San Juan, Puerto Rico"
1249502708,space_treasure8,7863,8300,40865,Antarctica
854982762,2020Maxfield,10922,12012,222704,random opium den~19th c London
1331207767152005121,BBobulinsky,49,159,395,
3222909799,theemrsmcafee,32134,423,21472,House McAfee
1018664731836600320,Furstyyy,29,59,227,
952116686819295232,ProtestChris,2182,1731,50623,"Washington, DC"
990354473930256386,restartleader,39194,4842,2099,"California, USA , #PlanB"
1156303226188324869,Cosmictruth369,2901,2394,5219,Divine Spirit 
765950035561484288,angelodepr,8,48,1112,De aqui y alla from everywhere
