user_id,screen_name,followers_count,friends_count,statuses_count,location
739863724694110208,RealMFlynnJr,65004,1012,2856,
1093510526389444608,SpankinR,5762,4995,58712,
498151860,Enigma1746,12844,97,126,
1881296893,PatrickByrne,199090,175,3537,Inside Deep State's OODA-Loop
850507814023942144,GeorgePapa19,754340,15130,7220,
758554804792602624,Black_C_Patriot,40676,463,7429,
45676731,TimMurtaugh,275840,1695,6053,"Alexandria, VA"
138809881,mschlapp,296937,1555,58677,Alexandria VA
1209504263346384896,RQueeninc,12812,5383,11776,Sacramento
788256096834072576,isitwetyet,33163,13,908,"Mississippi, USA"
1290635110149169152,Wizard_Predicts,187328,1692,11919,The Swamp
165039823,Peoples_Pundit,225170,5266,82522,"Florida, USA"
360723409,Adam_Taxin,3366,4109,29774,"Native of Rose Valley, PA"
27000730,Timcast,820133,787,9050,"Washington, DC"
1314703570822930432,RealRLimbaugh,631907,1,130,"Palm Beach, Florida"
10292132,joelpollak,188616,3717,75862,"Pacific Palisades, CA"
39308549,DailyCaller,828023,7641,320250,"Washington, DC"
18005085,MZHemingway,691907,1313,105205,Justice on Trial: The Kavanaugh Confirmation and the Future of the Supreme Court
940430173517811714,intheMatrixxx,257511,68074,60827,"Florida, USA"
1294293569499365376,judithrose91,48952,259,1956,Earth
