user_id,screen_name,followers_count,friends_count,statuses_count,location
487297085,RonDeSantisFL,300774,1098,3010,Florida
78523300,RealJamesWoods,2745797,5169,36133,
850036892,Project_Veritas,863454,879,9646,"In a bunker, Greater NYC"
147586500,EdWhelanEPPC,34446,121,11279,D.C.
3290046383,minds,13325,3428,712,
54412900,DevinNunes,1369024,728,3137,
14669951,NEWS_MAKER,1204959,392,125774,US
4909531542,ngeAct64,13304,13843,25099,
1367531,FoxNews,20185736,260,422218,U.S.A.
860844710805614593,hershey_2,8150,8888,46846,
824405067755352067,Johnsmithup,6249,6244,47332,"Michigan, USA"
980537541819551744,StevenPatrickW3,3752,3911,10961,"Hartselle, AL"
4165642155,CRRJA5,279334,33907,235332,
478855762,JessieJaneDuff,260097,55193,159760,"Washington, DC"
176336596,david121549,58694,58748,1821,"Alexandria, Virginia"
20774353,ChristopherHull,22191,18436,16480,"Washington, DC"
822215679726100480,POTUS,33300210,39,10996,"Washington, D.C."
990794821907304448,rolf_risberg,4,14,5,
43003845,paramore,5499868,3,5716,"nashville, tn"
20597460,SenBillNelson,334732,98,1579,"Florida/ Washington, D.C."
