user_id,screen_name,followers_count,friends_count,statuses_count,location
707570448800862208,soozeyb,119,162,4285,"Brighton, England"
625632538,kpeebles8,3162,3959,15770,"Orlando, FL"
1337531542114078722,JovanHPulitzer,72677,86,1892,
1246962612115554304,abii58934190,8,77,1,
471849310,texbex007,82,726,6125,Denton TX
1252263610992058368,VaxxDamaged,322,408,288,"California, USA"
1066438718268022796,luaacl,7,9,12,"Lisbon, Portugal"
23699614,libertyharlow,2380,274,14326,🇦🇺 Made in Australia 🇦🇺
968940553999212544,OutoftheG8TE,6024,4648,14148,"Texas, USA"
1190958718730592256,jujubeamer,441,669,8264,"Derry, Ireland"
2594131094,WeayayaIsSunset,320,613,1891,
713699540029734912,kylenz99,329,344,3054,
1250238867271188482,truthisabitch11,1207,290,21284,New York City
1375684140,MikayesFiona,70761,28651,82012,
462256342,Palmtown99,322,674,41343,
159511054,MeazyWags,433,464,3451,
229535170,saminakim,1323,1347,34976,"Seoul, South Korea"
897281480610775040,Daygos720,939,1502,4398,
22571081,m0m0ntherun,59,265,676,
153936525,spacehooligan,2507,3324,2281,Arizona
