user_id,screen_name,followers_count,friends_count,statuses_count,location
495476615,stan51773,2976,0,3194,United States
1096083747512991744,0patriot2,10032,9487,42507,🚫 iz!am / politically correct
1169438480,OldSalz,9199,10117,544870,"NJ, USA"
1192152512930828288,DMarceeux,3170,4175,109192,"Woodland, CA"
36763706,renny587984,1895,1568,27280,
4737842607,muhmyth,13354,13453,61338,
859430009097789440,decofab25_f8,4231,4734,89360,"Phoenix, AZ"
22285374,irishvanguard,601,1393,2727,
1193251639530049536,mil_ops,219122,15007,8355,FEMA Region VI 
1147518921307774976,Shorty56167141,3020,2993,51823,
970400365173661697,Nocoincidence33,1693,333,33778,
891518845071966210,leslieshawne1,3926,5000,8870,
558061687,BethEckenrod,2936,5000,57451,"Pennsylvania, USA"
819827218201251840,DinahMightLaugh,5614,6044,1563,"New Mexico, USA"
45676731,TimMurtaugh,275849,1695,6053,"Alexandria, VA"
3233872641,vsafeswm49,2660,325,160994,AMERICA 
1109669644158332928,KayeLynnie,12682,12354,35637,Mississippi
273015323,DeplorablDamsel,9976,10199,44945,"Ohio, USA"
1280165673461862400,KatieForChrist1,5973,5135,43306,USA
1188395388463656960,NotTheMacAnon1,4819,5023,124657,
