user_id,screen_name,followers_count,friends_count,statuses_count,location
350064290,dewikarunias,393,136,1067,
290929052,sarkarbivas2009,354,4999,902,"howrah,kolkata,india"
30051816,DarleneHS,73,725,1121,"Carolina Beach, NC"
1070756126461849600,canvascosmoline,9,205,89,
934614302,Spret79,7,323,2494,"Georgia, USA"
95901670,zee64,3982,4136,1542,United States
1088918776433836032,drlivingbyfaith,87,806,1102,
905788146520121345,72BarbaraTX,6263,6869,7280,"Fort Worth, TX"
1170148940613861376,Hansen4Congress,26090,28596,4836,"Decorah, IA"
1177727860313874433,Dominoman6,441,513,28,
1182425900949880832,ORespectfully,3958,4996,3761,Oklahoma
816708566132215808,MichaelPaulhei2,42873,44053,196617,"Montana, USA"
1156569142973149184,EtheElephant1,51177,44406,37797,"Ohio, USA"
1045725235817918466,HughTen,9586,10543,147548,"Timber Pines, FL/Wyoming County, NY"
828237836633665536,jessssiesgirl,3286,3586,8218,United States
4557272129,RdrHrly,8234,5669,14652,MAGA NATION 
1181952938266304512,JodyBelcher7,48370,45110,265255,"Alabama, USA"
873628196591325186,theR_Man_,53101,53223,42007,
1239215096,Muted_Not,13169,14032,2789,
788740729518424065,markjfunston50,3602,3823,463,"Columbus, OH"
