user_id,screen_name,followers_count,friends_count,statuses_count,location
1337531542114078722,JovanHPulitzer,72237,86,1892,
1273076653057589249,Allenma15086871,25690,8205,18089,Fort hood TX
28904844,BarryRChapman,45167,43584,125957,"Valdosta, Georgia"
965365356398194688,DisclosureBP,26809,857,16518,Japan
912670903749812224,RGazzetti,33241,33621,5032,
822227358799302657,ColonelUSAR,5584,1691,38543,
2658842593,GJohnston2014,23604,25851,230039,"Washington, USA"
824795751905685506,EthicalHackerXs,18054,1239,12255,"Denver, CO"
850732390972522496,DeplorableNew,5038,3845,128334,", USA"
104850722,DocWashburn,22298,12885,776404,"Little Rock, AR"
1179800913210482689,steelergirl777,3436,3593,6023,
3115898899,PeakOfTruth,7203,7249,25670,#VOTETrumpPence2020!
1264994062962171908,CoffeeeAndJesus,3707,4924,624,The Land Of The Free🇺🇸
29495695,KLoeffler,237268,574,3089,"Atlanta, GA"
89772792,ReluctantMower,5325,5220,14955,The American Yard
2396667985,vitty_M1,2144,4291,29458,"Ohio, USA"
732842614949548032,Qanuck4truth,6467,3604,150908,Planet Earth
864083197075873794,lisa_giorgi,3097,4073,45935,
240790429,FLproud,3090,4494,10265,
49487253,UGAbulldoggs,4495,5001,182009,Georgia
