user_id,screen_name,followers_count,friends_count,statuses_count,location
1059768704,peter_mathai,1,10,4,"Kerala, india"
2822153101,Content_promo_,111,79,523,United States
1167079058271850496,TheRightAnomaly,5120,5326,72615,USA
4323735923,INTJutsu,47390,33715,7971,Clown World Hell
929786011198124035,bentley_maxie,19026,18715,77208,United States
1183104087786541056,MrThinkerIAm,20125,20702,1030,Seattle
1196555903694200832,sillah_alasana,71,446,3,
784566226999767040,HindmanDebra,4291,4986,186744,"Texas, USA"
2970291035,XWIGs,14872,14795,28,"Florida, USA"
1178024469945827328,JohnMarra2,24128,24573,16063,"New York, USA"
827934563070525441,michelle_kag,14263,13901,14612,"Kentucky, USA"
22768457,JimmyChitown,14303,15523,28202,"Kentucky, USA"
1157575885861588992,sensaycommon2,4144,4038,86901,"East Midlands, England"
27158110,fb2002,10829,11243,15269,"Florida, USA"
62620046,Babz46,16568,18092,66671,"Lakeland, Florida"
1177962123445432321,BeLightHK,14983,14001,13762,
1055187125031915521,dsaidit1,3295,4653,69463,"Florida, USA"
235672285,WidowFike,45539,49721,162127,
1394399438,JohnLegere,6250535,329,57347,Florida/New York City
757274353889341440,ElizabethVlaho1,9781,10641,100954,"New York, USA"
