user_id,screen_name,followers_count,friends_count,statuses_count,location
1134968409127411713,Aerogrudge,258,698,2197,United States
1196279970726846465,KocherRaymond,626,781,71,
1188420503796477952,JEDKH2019,3576,4452,793,Bipartisan Truthers Unite
35829818,chesleydohl,31343,30081,78381,Jayhawk in L.A.
6742412,jennybethm,105244,19425,26543,"Atlanta, Ga"
14789291,Hankon7News,1119,102,163,"Boston, MA"
25837289,BernardKerik,250696,6231,22998,NYC
1314703570822930432,RealRLimbaugh,631078,1,130,"Palm Beach, Florida"
778763106289758208,JennaEllisEsq,881164,1279,27835,"Washington, DC"
3420421481,N1ckSandmann,237100,229,1357,United States
912841735860047873,MikeinKansas17,20135,19998,22260,"Overland Park, KS"
199841160,MrMichaelBurkes,255980,43,40166,In A Hollywood Bungalow
187680645,LLinWood,908855,8105,13441,"Atlanta, GA"
2388042907,christina_bobb,112605,8685,2006,"Washington, DC"
962650783182331904,SydneyLWatson,143738,702,6355,"Washington, DC"
1325472185364967427,RedDawnNews1,893,62,114,WASHINGTON DISTRICT OF COMMUNE
2370573997,SalisburyMAGOP,561,527,253,Massachusetts
2320815440,MerrimacMAGOP,706,725,432,Massachusetts
20459404,AGPamBondi,50851,51,3086,
93755660,PamBondi,121702,302,1232,Florida
