user_id,screen_name,followers_count,friends_count,statuses_count,location
44385628,gregkellyusa,286351,1463,2991,
1216131915981475840,NolaNurseRN,41781,17601,12288,NOLA⚜️
1116766980596543488,USRebellion1776,14177,766,5127,United States
16725276,Talkmaster,213620,109,94677,Somewhere in BoortzBus IV.
214226555,Strange_G,4770,527,1615,New Zealand
1560935406,lexaabadie,24815,1798,43667,Etx
1261509906961534977,sanaonline__,17574,7697,16529,Australia
25700780,amycheapho,13114,886,42098,Los Angeles
19218053,JennPellegrino,216619,1837,1548,"Washington, DC"
763797957976084480,Data_Orbital,21307,959,680,"Phoenix, AZ"
1515231715,YehudaVX,12209,11599,9502,The World
1169678321539567616,SunshineSt8Sam,19198,388,1356,
19553409,Rasmussen_Poll,367070,473,37622,"Asbury Park, NJ"
17454769,glennbeck,1410587,451,19161,"Dallas, TX. Rockies, NYC."
918169628,DecisionDeskHQ,368128,2259,16907,Everywhere.
1184921783281078279,stirednotshakn,51390,50641,23290,OnTheEdgeOfNoWhere
2722811534,ShawnaLeneeShow,179623,408,32430,ONLYFANS TOP 2% ➡️
163099774,supertrumpgirl,3849,4027,38805,
957636323241840640,BigDataPoll,26167,14,38,"Florida, USA"
3267456386,ColumbiaBugle,192574,84916,99863,"The Swamp, DC"
