user_id,screen_name,followers_count,friends_count,statuses_count,location
1319677199604207616,oCCultRebel,5992,310,2668,inner Earth 
1142871493543641088,kevenstpierreg,25,150,396,"Trois-Rivières, Québec"
194439261,FriedgeHNIC,559368,663,4877,
272972289,7thenumber7,6028,869,26828,At The Window 👇 
303837668,mrrickjordan,2586,64,4626,Chicago
330262748,FabrizioRomano,2283230,936,5378,"Milano, Italia"
372565880,TheRealBradLea,66900,317,9240,
1944665077,SquawkaNews,266177,1,91034,
64423855,DrButtar,90815,50,2908,"Charlotte, North Carolina, USA"
128010132,IBNincarcerated,22567,591,42821,Incarceratedbob2@Gmail.com
364214133,va_shiva,347092,2154,20351,"Cambridge, MA"
1223780610700914688,yourfxckinmom,1996,2184,381,
1046078069377814528,blondebitchboss,10214,4917,4727,United States
410123554,ZRodell88,8390,9002,9847,"London, England"
1160492543701901312,TeamPulte,299075,3551,4098,USA
569289131,HotspurRelated,150065,743,110061,White Hart Lane
984778101837189120,abrahiam543210,187,85,32599,
790371762,GFFN,195456,768,66814,info@getfrenchfootballnews.com
40519997,ochocinco,3308466,7253,157349,Liberty City
950090982967644160,SimonettiSource,4406,1868,29840,"Bronx, NY / Richmond, VA"
