user_id,screen_name,followers_count,friends_count,statuses_count,location
745740106561003520,RhinoMetals,7725,530,692,"Caldwell, ID"
317791224,AmmunitionDepot,57807,5034,15273,"Orlando, FL"
1209936918,OANN,1730108,78,132058,
114388293,KristiNoem,191780,3781,3396,"South Dakota, USA"
235251868,govkristinoem,406289,486,7701,
27026556,hdmuseum,59540,26694,12022,"Milwaukee, Wisconsin"
214112621,attn,113420,487,28284,USA
979421077666484224,CoffeeOrDieMag,21157,60,2246,"San Antonio, TX"
189252968,jerseymikes,85885,4922,84494,
204967872,FreeSpeechAmer,86310,787,6334,"Reston, Va."
2834549992,KalashnikovUSA,11144,126,353,"Pompano Beach, FL"
2446174825,RealWorldSurviv,17263,360,16031,
613962423,ZeroOdor,1644,1804,411,"Alpharetta, GA "
586291040,AuschwitzMuseum,1090800,2290,90109,"Oświęcim, Polska"
42659946,ridinghighhd,535,73,1352,"High Point, NC"
1254793774020136960,ArtofChanga,10,5,1,
1057029255362531330,ReadeAlexandra,81546,5460,5190,United States
14860067,Manager_Josh,2865,2406,5661,Phoenix & Los Angeles
2917181604,MaroneyRacing,49,187,61,
3103734424,joeybrehhh,656,870,29276,Hell
