user_id,screen_name,followers_count,friends_count,statuses_count,location
24113137,mjfree,271488,513,24803,Brooklyn
21522338,marwilliamson,2806660,545,28748,
860555190,NicolleDWallace,1054037,1814,27308,
1064914018656235520,bcbsfepvision,903,0,97,"Washington, DC"
180821354,officialKeef,1221578,43,1972,
111778335,GenChuckYeager,149895,3,10843,USA
443944804,_SpaceWeather_,35187,50,5049,Belgium
853270664,SkyeAuroras,5114,8,1689,"Glendale, Isle of Skye"
3506049982,NWSSWPC,11764,4,2348,"Boulder, CO"
74712538,PaulMcCartney,4151087,15,5470,England
3002508978,StevieWonder,115509,69,109,
44164244,peterframpton,155837,1156,13878,USA
41073372,peeweeherman,2127289,335,6093,Los Angeles
2461810448,TeamPelosi,658346,8201,8543,San Francisco
952745082,KikiAdine,71179,46601,210727,"Outside Philly,  USA"
1866938882,Strandjunker,124796,131,6543,"San Francisco, CA"
1214713943861682177,FudgeTrunp,5779,5828,2805,
65082049,mjblanco322,4786,4543,21128,
2987671552,GovLarryHogan,230210,1005,10049,"Annapolis, MD"
1097907711189106689,Used_To_Be_GOP,21152,335,9663,"Texas, USA"
