user_id,screen_name,followers_count,friends_count,statuses_count,location
1047325862675324928,joealertz,36806,68,6509,United States
459000558,3Stocksaday,23003,49,5592,"Florida, USA"
901997441033134080,DipDeity,47000,68,7131,DipDeity@Gmail &Insta:DipDeity
1323006974238330880,JohnRSpano1,4708,316,2381,
1153696034654248962,professorDman1,12486,18,14460,
942774951672729600,diabloricky,11093,24,1739,LET THE GAME COME TO YOU
2222635612,BullTradeFinder,25402,67,7425,United States
2486504240,simbatrading,34139,113,15138,
1154616462230925317,_SharkTrader,15797,18,9007,The Ocean
985912937696014337,StockAuthority,38353,503,20871,
89517375,Ultra_Calls,107709,321,32108,"Washington, DC"
18433619,buysellshort,123788,62,37380,"San Diego, CA"
946470689367842816,Hugh_Henne,83664,208,9485,United States
1054561163843751936,ripster47,70469,141,23417,USA/Canada 
1123311962924945408,incrediblebob12,31423,87,2545,
966726223,AjTrader7,40681,50,94892,United States
1884013189,Pharmdca,37676,198,44596,United States
373620043,MrZackMorris,170396,280,20203,Bayside
888225282334871553,PJ_Matlock,107265,142,15559,atlas-trading.net
2263844414,claydeath1,26244,26479,159486,"Mount Olympus, Greece"
