user_id,screen_name,followers_count,friends_count,statuses_count,location
1199190455985917953,goldorcrypto,11355,611,3561,
125128723,RaheemKassam,344213,2149,20502,
3305610617,GrayDCnews,2943,1567,5402,"Washington, DC"
1324511728923791360,jerichomarch20,5840,368,1055,Washington DC
1088304486307774466,Darkpoint8,256,243,12675,
964843774680731649,NormieWokeAF,5399,4621,5067,
2892814099,ThessceosHess,3029,4993,7076,Sacramento CA
1609192998,linwood,4254,0,0,
17936949,KMCRadio,148680,4327,50100,New York City
1193985928060112902,hd_pam,1234,1862,5136,Amidst a Storm NorthEast US 
1268396326305357825,wi_anon,3450,3873,4058,
2812797948,ItalyQanons,21949,4349,31478,
1286047284900384768,verum29,2708,1921,13999,
62932362,DrJohnEastman,15770,435,380,"New Mexico, USA"
1270521971848118272,PATPmovie,46036,267,2046,Washington D.C.
282233573,Tony_Shaffer,1184,0,4,"Washington, DC"
27000730,Timcast,820106,787,9050,"Washington, DC"
1223409953848922113,where_is_dag,73,646,811,the laser room
1334307069319663621,kraken_wood,12973,105,474,"West Hollywood, CA"
17912982,USSupremeCourt,213293,8,2322,"Washington, DC"
