user_id,screen_name,followers_count,friends_count,statuses_count,location
1812055789,CodeMonkeyZ,509984,396,4103,
259001548,kayleighmcenany,1937023,2284,21772,
89068115,ErinMPerrine,102081,994,17172,Virginia
237403203,AllenWest,836458,1029,16090,"Garland, TX"
15976697,michellemalkin,2222128,18248,78565,USA
334715818,BuckSexton,539991,1544,3698,"Manhattan, NY"
961724343708364800,prophetkim,11134,19,401,"Camarillo, CA"
1174128672086941696,themcfiles44,26587,1461,3875,Tennessee
20545835,newsmax,918279,573,106712,United States
1308610352825786368,iztore_co,2830,0,0,
1212806053907185664,TheLeoTerrell,440165,456,3808,Los Angeles
1098091506886471680,laralogan,217350,734,4818,
739610364975808513,paulsperry_,338521,4834,19514,Washington DC
1074480192,SenTedCruz,1943994,6486,15546,"Houston, Texas"
186562905,Kevin_Shipp,143106,87,9095,"Washington, DC"
968650362,SenTomCotton,391332,350,9797,
879126134,2011Balloni,358,350,168,
2353605901,GOPChairwoman,1057381,2577,17142,
75541946,LaraLeaTrump,1267158,512,3734,New York City
725064846056640512,ReneeCarrollAZ,138412,57538,746150,Arizona
