user_id,screen_name,followers_count,friends_count,statuses_count,location
1128378892459413505,Shawn5313,3275,4876,55984,Pelosi neighbor 
1654258802,MiekeBush,2475,2272,70603,
1013135318290055168,Steve37019686,3247,4934,6060,United States
14989516,bdomenech,136634,455,92432,United States of America
1138940057333772290,DeniLv268,2018,2045,1684,
3857512420,cbjungle68,86,166,4309,"O'Fallon, IL"
967085277180149760,aRealCArepub,42021,41624,3477,"California, USA"
539290309,pete1258,1022,1937,16257,
2256959197,hihorizon2,8520,8054,17673,Top Sec Priority Clearance 
53138772,cencio4,22902,1174,16480,"Rome, Italy"
1084941108164116480,Easytime4,11121,11141,73948,Virginia by way of Mass
880935941992439808,bs_mclean,935,1120,26190,"Los Angeles, CA"
888492016010764288,fordmb1,46254,46085,57715,"Georgia, USA"
18412711,60sReno,6086,5816,603215,
1293920254276644864,FreedomInc5,207,243,4706,Boston Strong
1303501383270903809,JamieW06599503,755,2216,1492,
1280861203460493314,EileenB16285882,8859,8853,4368,Cleveland USA
818107393192005632,mmmbb56,1976,2731,58032,"Washington, USA"
1522714478,ca_godwin,7382,7637,46080,"Oregon, USA"
851983082425110528,The3DTech,547,1191,296,
