user_id,screen_name,followers_count,friends_count,statuses_count,location
22271574,ajdomanico,4070,990,424,Nowhere
16246911,JarrettBellini,35481,4436,14775,"Atlanta, Georgia"
4079828464,awn263,1610,2768,7119,United States
970557774,Shaunoon,1789,4994,13759,
1311867363181178880,had_jody,79,207,1537,
1323366113871364098,terryfolds10,7,91,156,
189773769,ManuIntiraymi,56856,50782,20223,Los Angeles
1323187164,Marina_Sirtis,328846,609,29531,
325832193,jonathansfrakes,509362,713,1860,
579006169,RobertPicardo,211129,268,12894,
144003355,JeriLRyan,381432,1028,68804,Los Angeles
3023699826,sns_bukhari,385,2025,3115,Pakistan
958677463466377216,123southwind,121,309,5996,Planet Earth
34118020,rosarian,166,841,2279,"St Paul, MN"
567819067,t_awnya,1427,1920,20787,
4115699175,LoriMichaelFl,3043,4924,17343,South Florida
24336948,CydM,6110,5757,16288,The wilds of Arkansas
1157143663,SweetFnLucifer,149453,107992,4033,"North Carolina, USA"
931746190282182658,ChristyCee2,196,764,13581,"Anywhere, USA"
3034535578,trustbrandorg,1160,996,6276,"Bogotá, Colombia"
