user_id,screen_name,followers_count,friends_count,statuses_count,location
1536987234,catzy71,9,78,27,
270181271,Kaboom2828,16363,17649,4631,"New York, USA"
4857527909,WolfOfCE,6548,2448,658,"Frankfurt am Main, Deutschland"
956302555235192832,severin_lee,60,216,429,United States
3515834782,freddiechurro13,10513,10550,108754,
39525322,wisenheimher,780,1623,5271,USA all the way
50913224,lisareiss,22169,24255,281820,"Texas, USA"
2202063951,Bunky7777,2677,2849,52609,United States
819809856,TideWJO,2255,3323,6986,Alabama (ROLL TIDE!)
848269202892783616,villegasjose11,1620,1951,49258,
251374140,briantpowers,108,393,820,"Succasunna, New Jersey"
812428408735039492,lobstahsinmaine,8928,9701,134265,"Maine, USA"
3975091879,relativleyclean,23653,24482,7878,South Georgia
390725409,didyaeverthink,4972,5337,58233,Western US
955115687990775808,ColoJo3,1550,2666,55980,United States
1007832696981090305,DIEHARD1949,5481,6020,41182,anywhere i please
981871222911840256,brucebeierwalt2,2891,4981,19095,"Michigan, USA"
1287154453,djones0773,829,2285,3007,"Nashville, TN"
32876335,araffbrab,1135,1417,86859,
4746723600,MannyLouQ,2912,4857,53686,
