user_id,screen_name,followers_count,friends_count,statuses_count,location
1342117081349844995,themeagatruth,63,131,46,New Zealand
776262523938938880,EYRICHVail,3018,4491,49900,
828421618670063616,dawnwilliams873,2595,4436,854,USA
1081367964367179776,MenardtS,224,449,14699,
1061853610173181952,DaniTrump2020,8584,7488,63241,rt does not equal endorsement 
1312752847021375489,ShotGunAnnie2A,7858,7954,335,DIXIE
1300618319658135555,MISSSHA48862702,4366,4999,8509,🌴FLORIDA GIRLS ROCK🌴
1215663714990354432,I_C_I_Rt,25418,24895,96593,U.S.A.
1291730155711401984,AndyJon35765960,4452,4963,39549,Mississippi Gulf Coast
1337563011955838976,AaaFlynn,2817,1644,11098,God’s Country
570132423,mogimprovement,20177,20428,43971,"Georgia, USA"
1264691518490566656,MarjoriePaulso8,3657,4015,35588,North Okanagan BC 
420789413,scottiehotee,2771,4634,3483,United States
1283896388762374144,2American2Ultra,2867,4401,9572,
1263977392436994048,JeffreyParamo1,2498,4992,38707,"Belgrade, MT"
1274824378207711233,Yomama86753O9,5309,5295,26380,
374528858,SarahB1822,929,1158,15093,"Raleigh, NC"
1247864439380103168,DebnotQless,2175,2103,6783,"Washington, DC"
1242635884987666432,RedPillFemale,5011,5406,61604,United States of America
1196115496975917058,DocPhilly100,1273,1893,13109,
