user_id,screen_name,followers_count,friends_count,statuses_count,location
1273076653057589249,Allenma15086871,25993,8205,18130,Fort hood TX
187680645,LLinWood,913703,8102,13442,"Atlanta, GA"
781497453333712897,wishnic4u,2880,4359,79053,
1241896182869303303,EG4USA,42823,33297,67128,
1812055789,CodeMonkeyZ,510014,396,4103,
2333707213,X22Report,564135,21,9771,
1493419507,NHPatriotGirl,14417,14740,354002,United States
586707638,SidneyPowell1,1241890,1983,107794,USA
1029986960,WomenPatriots,10417,11423,173660,USA
1313160507499655169,rockmangc,311,351,1817,
82177887,angelbaby205201,13463,13504,11158,W/ my Pups n New York New York
126107403,vetton27,215,603,1308,"Bettoni, Iber"
352465154,LeonthePrize,1339,2376,2792,"Utah, USA"
756940067155824641,brideofJC,13017,12676,50357,"California, USA"
40495958,tolgaevsan,27410,10117,1096,"Cologne, Germany"
288581441,KodieConner,10185,9427,9530,"Kannapolis, NC"
1158824750308679680,DedieUdie,2815,4569,2734,
3296505200,thomasasmart,2143,4642,26038,92008
1264987467129720832,FlaTrumpGirl,15888,12172,14692,Emerald Coast Fl
542962969,hrkbenowen,127816,89377,290766,
