user_id,screen_name,followers_count,friends_count,statuses_count,location
1341923076049666048,DonTrum71314661,100,369,1,
1245044835419127814,Reccared1,2143,1756,8953,Americas
20810416,romanyam,61519,5029,5517,United States
701643875304116224,joe172726kag,10334,10447,51199,Right here. 
1005850021965819905,TexanLady40,5533,6010,36616,
1256188118,oaklogman,18981,20665,6099,
358474595,maahh68,45573,25417,84055,
1204284617232011264,Sassychickie,44439,44736,96747,
1342951377136451585,SmileyGirlKB1,394,1321,158,"St George, UT"
1661094252,13thethe,41219,26886,246387,𝐖𝐖𝐆𝟏𝐖𝐆𝐀
826065164504006657,mtgreenee,231155,1928,10255,"Georgia, USA"
1031777117942370305,californiapatr2,7970,8083,36912,"California, USA"
1157848416279396352,CyrusAParsa1,68995,25,1766,"Land of the Free, Wise & Brave"
4074051493,drscottjensen,29771,280,698,"Chaska, MN"
1288319695658135552,realstewpeters,62853,83,1362,"Minneapolis, MN"
759091893938499585,smart_whit,21498,19106,273735,"California, USA"
133820723,Vickster016,11296,10592,21763,TX
1242534200634478593,RealPNavarro,118508,10,428,"Washington, DC"
529555835,ljcambria,20624,19405,243852,Location: Ask the NSA
32421557,GwenAnn_Lane_,1923,3690,55032,USA!
