user_id,screen_name,followers_count,friends_count,statuses_count,location
786691330307129344,RobsJoshB,5672,6061,11448,"New Hampshire, USA"
1248940797753528320,Jerry_Jr1970,13120,13513,6992,"Behind Enemy Lines, NY, USA"
1383308670,Dmb7694Marie,1360,2273,3109,"Florida, USA"
1264895892324331521,GoMetaPatriot,10121,10838,704,Who knows anymore?
989211257520775168,TheMikeClayton8,32160,26475,7561,"Right Here, Alabama"
938805717808635904,Jasonbarres5,1633,3595,220,
430142313,Shari5101,9970,9718,15821,Sweet Home Alabama
1331231456287453186,Kenneth59524388,877,1128,64,
237717860,Jan4Jesus45,17218,17073,13415,Texas Proud #GODWINS  #GODWINS
35281567,JetScreamer21,2055,2452,572,
2365654662,jdkskip,4079,4350,1411,Pennsylvania
379297386,tatianycoeuvre,14853,14730,88685,New York City
733380512325242881,MikkiKay1,6608,6779,26052,
1719976830,Marine_2_022,14952,15970,17498,
939985878201618432,Qanon76,561614,8188,18868,
882073200032714752,WatcherCongress,2125,2545,48471,USA
1300549493792763904,outlaw_isme,696,1225,576,"Clovis, CA"
1324144925898809344,TRUTHSP65636675,2078,4634,8778,
1244168525368807424,chocobee80,1066,1026,6359,Seattle WA
1264987467129720832,FlaTrumpGirl,15887,12174,14692,Emerald Coast Fl
