user_id,screen_name,followers_count,friends_count,statuses_count,location
1029870852878295040,CatesDuane,58505,4102,161448,CATES COMMAND CENTER
1021719415635816448,FloW92737363,526,1217,5061,"Hamburg, Deutschland"
1267434509064175616,Nevergiv1ngup,1652,1671,3641,"Black Country gal, Bilayati"
942618447443144709,elenochle,184426,1788,36822,"Michigan, USA"
586707638,SidneyPowell1,1241571,1983,107792,USA
37489008,david_wilcock,162114,20,581,"Boulder, CO"
35499564,Disce_Discede,32235,33299,96358,The Kingdom of Chumps
1139670064469368832,YorkshireSteve,3876,4065,16438,"Yorkshire, England"
19580694,BeckBaxterson,20255,20872,22337,USA
824250597662662656,PatriotPicard,831,1138,9584,Classified 
727559243419668480,Wblscott1,52618,52834,45055,"Minnesota, USA"
28904844,BarryRChapman,45166,43582,125963,"Valdosta, Georgia"
15475062,saf5126,1315,4782,257,
759041588358098945,Charitable_Fury,18319,17755,76720,United States of America
1720728648,Pamsey55,22437,18612,216863,
1171400075844755457,psa107,477,982,2012,
1107824846862499842,covfefe253,6494,6536,38175,
1260147053713403904,keepitsimple369,2048,2888,22274,
1189388907135324160,VoteReba,3324,4958,2457,"FL District 21, Palm Beach"
109889369,HartNeo,459,572,1989,🇬🇧🇧🇼
