user_id,screen_name,followers_count,friends_count,statuses_count,location
1052367682102648833,ucnh45,473,1484,3,
837555557804339202,Philosophi_Cat,13517,1482,767,Mount Meru
1884718302,CerSpence,85417,184,698,"Los Angeles, CA"
765241482974470144,_whitneywebb,96976,895,8703,"Temuco, Chile"
1160955987102195712,NoHomo_Fren,282,501,261,
1047842156029861888,AI_Solzhenitsyn,25283,522,3675,Lubyanka
1174251507283349510,FKirbyy,141,432,190,"Sunnyvale, CA"
1173258506339831808,markvdnld,259,1057,277,
885208683352817664,zyntrax,7894,793,1245,
237121375,yourgirl_Elle,1398,2813,16073,Niger
1103196397036199936,Neocrusader_1,240,965,2128,
4316769252,MsBlaireWhite,316000,1507,2147,INSTAGRAM: @msblairewhite
823984194,FishuHeadsu,570,568,4061,
1153634163439939584,SecondHoshiko,781,1828,2538,
3011203054,Sourscrote97,815,2750,3697,"Massachusetts, USA"
588452130,realvoidzero,1524,786,2133,
1166070310166290432,NotFBI123,257,263,317,
3214466631,Know_More_News,23894,787,21551,
937476884018941953,Man_Not_Monster,3998,1936,6111,"Anytown, USA"
1150978953487761409,Ndread3,299,631,5317,
