user_id,screen_name,followers_count,friends_count,statuses_count,location
51228911,RepMikeTurner,41432,1129,3201,"Washington, DC and Dayton, OH"
2966765501,RepJohnKatko,19423,243,1477,"Syracuse, New York"
2962813893,RepStefanik,236103,454,5626,
1095539634686361600,RonaldAbeyta,8360,8785,67642,"Florida, USA"
812420958778720256,LlP_2020,36874,35095,10165,"Michigan, USA"
801828515637297152,wayne_verrett,27800,28648,738,"Houston, TX"
734537726830202881,Baconator110,4213,3697,16207,Internet
473403160,BukuJuju,37297,39383,43346,"Q Anon, USA"
88237533,jimjimzen,7416,8095,250854,Your Mind
26166584,rosepet29,1731,1946,3923,
4503313280,ruby58293,55492,55642,124767,"Colorado, USA"
478937894,chivalya,2780,2996,43553,
95153908,RAGINxCAJUN,9841,9709,41592,"Lafayette, LA"
1013610305430093831,Duncan84309,8369,8466,5446,"Southern Dog House, USA"
715378736032428041,Danielle4Trump,6248,6250,17197,USA
28214185,kbottoni,2906,4653,5394,
220757527,gambitpup,3433,4622,11004,Detroit
3260049157,kitsap_lady,27706,25022,52911,"""Black Ops"" is a misnomer for ""Unacknowledged Special Access Projects."" Such as False Flags. No 'Logical Fallacies' please."
1048701582106349569,McFly34512774,6946,7064,12173,The Here & Now
3413067765,704cath,65283,52324,77876,NO LISTS
