user_id,screen_name,followers_count,friends_count,statuses_count,location
918169628,DecisionDeskHQ,368132,2259,16907,Everywhere.
16140182,gyro_gearloose,1002,3425,2509,"Charlotte, NC"
125128723,RaheemKassam,344196,2149,20496,
1061584949206286337,SPWTalessia,31994,953,24222,"Cleveland, OH"
244720550,kandibar2011,8602,8500,45005,"#Wisconsin , USA"
858500190180962304,ILMDBTY,422,817,12569,
1285493983410565120,JamesMarshallH4,1374,1345,5340,FEMA region 1
1687460006,MatthewTyrmand,56180,10569,26172,"NYC, Chicago, DC, Warsaw"
806344552718045184,drsimonegold,252493,75,356,"Los Angeles, CA"
1020319719625306112,mimikmorgan,107,252,3978,USA
33417701,ScottFishman,125290,53204,41539,Carolina
2212948830,auntiespasmodic,4675,5135,46161,United States
242960383,GamebredFighter,670555,3641,4294,Miami - 305 DADE
1261194513214824448,MGrerg,512,2038,476,
1286513504485355521,APatrioticAmer1,4763,5080,28583,
1087252760,NaSultainne,1081,1657,24476,Dallas
1156958475546767360,Kathy27785347,279,445,51671,
1120859546950434821,MerrittForGA,21803,10461,1031,"Savannah, GA"
986232040021549056,MarinaMedvin,33788,538,30802,
1112134793444110336,Everly87969615,148,1279,90,
