user_id,screen_name,followers_count,friends_count,statuses_count,location
2268873246,ddonnini1,4,2,2,
2557521,espn,36274197,329,117781,
16737192,indycurls,690,1824,814,"Midlothian, VA"
35366489,lisamwilber,2505,621,4755,"New Hampshire, USA"
78930516,WakeBGC,1192,1435,1547,"Raleigh, NC"
415333493,bible_us,120008,0,21615,
321688983,HDOTS360,51882,49631,14473,"Olympia, Washington"
407502850,InYourBible,212313,100062,18111,
593161535,cheerchick7211,98,37,3593,"Tustin, CA"
283345135,Pey_pey143,108,390,4069,
15633189,spookyvulcan,340,109,3921,"Illinois, USA"
116964321,universitybound,4,0,2,
327481290,JeanHolko,9,5,0,"Lowell, NC"
40770757,bootilicious69,16,0,3,
331351338,ClytieSmith,13,7,10,"Gastonia, NC"
163327244,dwilsonmyers,5,1,2,
236184668,imJeffreyU,28,216,92,"Asheville, NC & Bradenton, FL"
21047840,kannmiller,8,8,131,Indiana
198970639,CatherinesHouse,71,52,41,"Belmont, NC"
123407925,mtidd95991,39,70,159,
