user_id,screen_name,followers_count,friends_count,statuses_count,location
1895389285,CeceliaTruglio,5764,4822,73649,Pennsylvania
1250165710598307852,paulajo74520398,857,1814,4656,"Iowa, USA"
1143319396171096065,Geekusa2013,16511,16854,16194,
1284248786735431680,morgan_panks,748,2287,3,
262923409,worldofmarilyn1,9654,8706,96041,The New Reality
1012432010734948353,JustVoteBlueUSA,13261,14262,32629,"Colorado, USA"
3162774756,MelanieMashbur1,3212,4080,2147,"Alexandria, LA"
766260422865522688,SJRichmond2,3338,4606,28813,BidenHarris2020 🎉
384678906,starr01pcw,1392,2738,14046,United States
1724613062,machonejack,9151,10056,290960,louisville ky
1017890192915599365,suelee5678,1919,2354,8681,"New York, USA"
734167239373533184,SomewherAbove,11914,12000,4717,
1089312941311029249,Pattihatestrump,21609,14462,25166,"Arizona, USA"
777070140,thebr0keb0i,54135,30665,17812,SUBSCRIBE FOR DAILY VIDEOS
986744125147017216,scotchmac1,9456,9968,36045,"Wisconsin, USA"
1078436899386208257,HummingbirdTN77,8301,8366,14809,"Nashville, TN"
544147368,Smp7665,8932,8933,73985,United States
273524659,The_Raven42,11390,11968,11678, 🌏 🧢
1213213501,Remmy_Sheda,8960,9038,27210,"Vancouver, BC"
1289982016335863808,Indpndnt__,3800,4779,9803,Midwest
