user_id,screen_name,followers_count,friends_count,statuses_count,location
1108472017144201216,TrumpWarRoom,1276417,285,27152,MAGA Country
2853461537,ScottAdamsSays,661933,1514,79853,Pleasanton CA
1288544281485963264,RamLewis7,1268,601,5528,
872501310897111040,ac_cibock,7651,8390,178977,"Miami, FL"
731085220355686400,ArmyBratt68,46835,43339,24193,"Florida, USA"
78690358,Visitor22,5910,6488,75135,"Arrakis, Nevada"
1200950744775581698,34AuburnAllie,5329,5570,1627,"Washington, DC"
923924480958849024,DanielJA06,10741,11792,18505,"Virginia, USA"
1043185714437992449,catturd2,506938,15086,51193,
1110684264243302400,GoJackFlynn,227859,5351,18241,
1242624060821037056,khale_ssi,2463,4906,4323,
932105315931381770,Junga_II,20308,20545,28358,"Florida, USA"
563501385,DirkDirkDirkL,29606,30017,2105,Liberal Hell Hole Chicago
1251911740910174213,SET4Q,1760,1758,13640,Canada
1250877152590999553,bob44nj,4264,4968,9042,"New Jersey, USA"
1240969021245272064,17SENTMEMANS,1240,1941,1995,United Kingdom
1166121812,jsbincr,1091,90,1164,IA/AZ
419163174,tm_foley,239,964,1901,"North Dakota, USA"
1245476820511789059,Dolarizarse,4006,4226,5245,
3288512762,Kristina_2020,3455,3134,21383,"California, USA"
