user_id,screen_name,followers_count,friends_count,statuses_count,location
24822993,tracybeanz,511639,989,66906,
1314703570822930432,RealRLimbaugh,630707,1,130,"Palm Beach, Florida"
187680645,LLinWood,906580,8105,13441,"Atlanta, GA"
183767243,AJCGlobal,257321,671,21372,Global Jewish Advocacy
1060573081935249409,news_ntd,75181,35,11922,"New York, NY"
975969105382580226,JohnAndersonAO,4196,269,847,Australia
1074480192,SenTedCruz,1943664,6486,15545,"Houston, Texas"
29495695,KLoeffler,237262,574,3089,"Atlanta, GA"
75541946,LaraLeaTrump,1266964,512,3734,New York City
872844616294219776,PatriotsforTru1,28600,30388,213525,
17995040,benshapiro,3506147,264,162532,
339984356,IvanPentchoukov,74220,2837,8959,"New York, NY"
39308549,DailyCaller,828023,7640,320218,"Washington, DC"
23970102,BillOReilly,3406169,80,16038,
792096589191852033,themarketswork,150395,745,41263,USA
15719232,JanJekielek,61943,3764,25605,"New York, New York"
736267842681602048,DonaldTrump,179382,7,1,
592730371,JackPosobiec,1266962,965,73754,Valley Forge
850036892,Project_Veritas,863497,879,9643,"In a bunker, Greater NYC"
364214133,va_shiva,347099,2154,20351,"Cambridge, MA"
