user_id,screen_name,followers_count,friends_count,statuses_count,location
1058012006236782592,PIAccount1,576,394,15574,Earth
1921157221,TheBernician,14320,764,3240,Bernicia
875326890,AndyCollier66,418,1008,7621,7.83hz
583456963,LATiffani1,178485,17031,195947,USA
792219919488122880,ZAKenworthy,1873,392,7254,"Denver, CO"
105165912,Nova101ify,85,155,437,South Africa
1330266621810778114,pcrclaims,14594,194,764,"Edinburgh, Scotland"
994347986799874048,RegenaBryant7,1212,1822,2884,
119137286,maggielet,3807,2307,26055,🇸🇰🇪🇸🇺🇸
381785343,ReaLachney,41,275,619,United States
1252210268429582336,Lise74315982,822,1336,2171,England
1045476867602608128,DrBenTapper1,14460,58,151,"Omaha, NE"
1198799234230837248,chartreader2,3822,3886,6148,switzerland
1201670995435646976,laurenboebert,341850,1123,2915,"Colorado, USA"
4741770732,robertbtracy,7117,5680,277094,"Alexandria, VA"
1009716150895341568,SwipeWright,59541,325,23952,
1337515890343030784,FrontineF,3022,347,1502,Ireland
1281678987585101826,maskson247,123,166,5063,
829041259,momma_brock2186,54,134,661,Ohio
3191547630,Alignyourcar,3986,4731,34144,Wherever I lay my hat
