user_id,screen_name,followers_count,friends_count,statuses_count,location
801962070,StevePieczenik,96092,2876,30355,
921870486732021760,fukushimaexpos2,6782,1552,63936,"British Columbia, Canada"
1271844939337433089,geegee51826291,3231,3292,1340,
65159946,JohnBasham,81966,8491,83884,"Fort Worth, TX"
1156850474047459328,Joe7993,30097,32926,53566,"Ft. Worth, Texas, USA"
1264254176953057280,OD_ant,47716,2351,1252,"Indiana, USA"
1216745530711212037,heather_giron,56960,32248,24052,USA 🇺🇸
940409602155282432,FogCityMidge,107581,3034,6769,"San Francisco, CA"
1120871955287031808,ERAM1776,1582,1683,58704,
155073603,Falfor,202,735,3420,"Wildomar, CA"
1108811980465471489,peonies_i,642,1675,10068,"Virginia, USA"
995871808166473729,sassywatson69,4984,5407,3083,Your Dads House
34367582,TimRunsHisMouth,325627,55755,38351,Parts Unknown
1515698822,heustons,1352,2530,4897,Tamworth
42542369,imglover,17277,10768,43977,
1160966393044639744,jessimelt,37227,2754,2498,"Boca Raton, FL"
1241035399012569088,James78141017,128696,718,11054,
4010296893,HollyDolly1977,17553,14962,7291,
1187535568793669632,Liberty_700,939,398,5527,"Kentucky, USA 🥃"
1305738242,RightWingJewess,33249,31400,46978,North Carolina
