user_id,screen_name,followers_count,friends_count,statuses_count,location
1231399028,rickyL_17,718,643,9830,
27479938,GoreyDetails,5902,5950,13344,Oregon
1164329457793957890,PepeMatter,121819,2880,18343,
1297715474902417408,AmericaWins20,4253,4922,8505,
1092086942198452224,no_silenced,110955,74090,255729,
410833813,paul_pisano,405,1187,51776,florida
770754834735575040,iampacoRN,255,1035,8295,R'Lyeh
1652198444,queenofburps,2676,3148,15965,"Creve Coeur, MO"
49045379,m00nshiner,108,208,940,In The Shit
856161086281834496,ChadBLarsen,33971,36059,81697,"Billings, MT"
801339113890869248,Dawson6211,22358,21961,39766,"New York, NY"
132119360,CharlieVNathan,5911,5721,5076,Miami Philadelphia Denver LA
2895600725,NewsMammoth,3972,3877,1026,
999116887878524935,cuban_manny,60482,46482,220904,"Florida, USA"
37562042,RodneyEvans,56663,56193,182381,"Concord, NC"
839988305374674946,RebelNurse76,59269,54885,91671,United States
756729201789693952,SouthGStupid,1257,1161,10480,Proverbs 16:9 - APTTMH Yahuah
1921960099,navar_daniel,1368,4984,75456,
3348082713,cecethou,329,565,1361,
962171497946152960,kwarninthemorn,2456,705,5989,"Greensboro, NC"
