user_id,screen_name,followers_count,friends_count,statuses_count,location
3105336618,Haunted_Getaway,5830,1816,298428,Southern California
436341849,JVan125,4955,3280,69581,United States
1044372446080630784,KlumpVictoria,3467,4590,3785,"Michigan, USA"
4312282894,Maximus_4EVR,117618,200,72864,🇺🇸🇪🇸🇮🇹🇰🇷🇬🇧
1292346164159930368,GeorgenewsOrg,87094,55,1901,"Washington, D.C"
927569124036923392,ROTTFMinistries,1550,2881,3133,"Miami, FL"
58579942,mattgaetz,866894,2707,14441,Order FIREBRAND!
3771295452,southarm1,464,1037,2952,
429226085,KimKendall3,1498,146,134,
310990819,TheKBTweets,10340,1319,9445,
24073181,acehudson1971,51,1015,396,
1305520726942846977,Ibtankin151,1014,1172,2588,
3068909292,Watchman1007,6885,3834,55436,"Washington, DC"
930233510165491712,GalacticRedPill,30756,204,64092,
781190432,desertodavid,7364,7039,61694,Mojave Desert
3301847203,BenKTallmadge,69344,17643,260066,
1247334787251142657,ka8rma,640,319,2651,
44196397,elonmusk,41246017,102,13241,
2215097797,DA_Memes1,8539,1542,11537,USA
3267456386,ColumbiaBugle,192560,84911,99888,"The Swamp, DC"
