user_id,screen_name,followers_count,friends_count,statuses_count,location
1143588853665751040,HB04920973,12365,13086,171416,Aleutian Mountain Range
33206212,xpanner23,3453,4739,25626,
1147658480297369602,Scrappy94546226,3145,4922,87741,"Maryville, TN"
1167196146,MORICE99773139,403,968,8392,"Côtes-d'Armor, Bretagne"
193877958,thesemigeek,47,295,1265,Sydney
899498052297400320,D1v5C,64706,65583,108053,"Virginia, USA"
1261427905495793664,Anon11317777,536,816,1627,
998388602840248320,AngeloG_016259,94,264,788,"Manhattan, NY"
2187055495,70sdelreyyy,54,241,297,
1340383301266272256,Sally69345,52,273,251,
1331165038175006722,Lamin58071769,68,760,5,
1183022521643257857,Good_Day_01,5115,5295,1314,United State
264501955,MichaelCoudrey,311141,120,12867,Instagram.com/MichaelCoudrey
3510182963,AmborellaWWG1,8725,1119,33435,ℰ@я⊥♄
877175080719179778,buildstrong1,7551,7588,45930,
971116581131563008,VeteransAlways_,63828,12050,95465,🎶Deep in the Heart of Texas🎶
1207349011457265665,MagnoStack,56,176,318,Bangalore
1269737113144242176,Itsme40465541,437,508,2461,
1341672807118225408,OliviaLee80,3513,748,1675,Wild West 
1266163614945357833,Notsosleepy3,453,807,3611,Canada 
