user_id,screen_name,followers_count,friends_count,statuses_count,location
1079776911889448960,tribunal_watch,63418,95,12128,United States
62876780,peterschweizer,103478,2499,3365,USA
535643852,JordanSchachtel,101149,986,23605,Washington DC
563712850,VicToensing,184101,29,631,"Washington, DC"
27488504,SoonerScoop,56890,658,36192,"Norman, OK"
109579534,EliseStefanik,382534,2033,11369,#NY21 
137472360,AbbyJohnson,194440,298,24120,"austin, TX"
18001922,LiveAction,154607,2702,50905,Los Angeles / Washington D.C.
70468535,LilaGraceRose,246962,911,17416,"Los Angeles, CA"
4196120840,AdonisAlbright,7567,1021,1432,"San Diego, CA"
932011810235891712,alexsalvinews,113619,3162,14762,United States
2438831503,ChanelRion,605683,18892,21790,"Washington, DC 🇺🇸🇰🇷"
3029414591,AmericanWoman4Q,13936,11448,67166,"Blountville, TN"
948025605009879040,CryptoKoba,84246,1,225,"Pic is edited, edited for a reason."
984537447525691392,John_F_Kennnedy,427071,10711,6539,
636896104,Tiff_FitzHenry,143338,579,1040,
745744430393483265,IAmJFKJr,11022,55,21,
4260754513,JFKonThisDay,29532,30,2358,
1054187674221723648,Vfusca1,11016,390,479,
1097263539436236800,JfkJuni0r,27721,1817,16819,"Washington, DC"
