user_id,screen_name,followers_count,friends_count,statuses_count,location
1337531542114078722,JovanHPulitzer,72683,86,1892,
1080870981877534720,SenatorBraun,24658,201,1772,"Jasper, IN"
1296204857121046528,StormPatriotM,552,802,6708,
980553037793013760,PhilJHorton,10380,1105,2399,"Hillsboro, OR"
1285608083239006208,CorrectRadio,3973,71,804,"Minneapolis, MN"
1288319695658135552,realstewpeters,62853,83,1362,"Minneapolis, MN"
1155513849031925762,AnonSevere,16178,295,510,
967806961164185601,Johnheretohelp,112909,4199,19050,Just Outside My Mind
1293602820185235456,FactSparrow,223,180,1830,Menlo Park
3578308875,Leerose1985,18779,1379,54959,
1323243451887030276,GregAndersonred,28266,108,17,Philly
917713207594225664,ApplebyAdolf,807,965,13720,Trondheim
1881296893,PatrickByrne,198315,175,3520,Inside Deep State's OODA-Loop
982802802014433280,Demonsterousme,4094,4383,8278,"Florida, USA"
439318616,regnub0368,311,244,1552,"Houston, TX"
2201449066,pittman_george,25694,15738,45397,Southern US
1067184143774162944,DetmerMike,22382,14016,1517,"Howell, MI"
41063062,RobertPLewis,60249,6947,101653,"Los Angeles, CA, USA"
449850814,jfradioshow,36414,27879,38564,"Washington, DC"
488147561,KalebMcMichen,1824,445,7720,"Atlanta, Georgia"
