user_id,screen_name,followers_count,friends_count,statuses_count,location
798258414010789897,DsharmaMD,325,797,559,"Nagpur, India"
83311972,monteromiguel,2350,3208,1610,"Houston, TX"
899796419900559361,EricSecemskyMD,2657,1139,2581,Harvard Medical School
201315631,dmahtta,330,676,50,"Houston, TX"
218289294,MaryamBoumezrag,648,1503,240,Washington DC
732589919747641344,saherssabri,2518,482,1007,"Washington, DC"
2459859612,TheVEINSatVIVA,535,250,361,"San Jose, CA"
1334129772234936329,LINCmeeting,200,329,5,
310356288,LowellKabnickMD,461,173,137,"Morristown, NJ & NYC"
98426555,VEITHsymposium,3899,373,3435,"New York City , New York"
2827564618,VMJ_SVM,4286,247,2092,"Cleveland, OH"
34458415,VIVAPhysicians,3779,611,2706,"San Jose, CA"
1097643724618764295,LoudonNate,275,861,193,
1333501568600002560,KeateMd,44,227,1,
963885875716349954,angio_sweet,477,229,96,"Cleveland, OH"
3158234814,thechrisbuskirk,50231,11202,17332,"Paradise Valley, AZ"
19778726,deanknudson,23794,857,180,"Hudson, WI"
246833307,BobSpindell,53100,154,21,"milwaukee, WI"
6782762,ali,215674,1894,30285,United States
187680645,LLinWood,913710,8102,13442,"Atlanta, GA"
