user_id,screen_name,followers_count,friends_count,statuses_count,location
1337531542114078722,JovanHPulitzer,73463,86,1938,
1207874097251639296,CawthornforNC,176260,116,367,"Hendersonville, NC"
44385628,gregkellyusa,286477,1463,2992,
858877958089568256,McAdooGordon,36330,1483,24784,"Washington, DC"
149681153,jbinnall,117253,1117,1593,"Alexandria, VA"
44397959,WilkowMajority,110063,1859,37326,New Jersey
21187702,youyanggu,56903,559,2650,"New York, NY"
8349572,justin_hart,91652,5363,61049,"San Diego, CA"
1812055789,CodeMonkeyZ,509882,396,4103,
778763106289758208,JennaEllisEsq,881464,1279,27836,"Washington, DC"
187680645,LLinWood,911269,8103,13441,"Atlanta, GA"
1266445093663199233,TimUyWA,2449,1743,2603,"Bellingham, WA"
233737858,SenRonJohnson,221921,853,6042,"Oshkosh, WI"
201066140,pnjaban,234754,2125,71138,San Francisco
20545835,newsmax,918221,573,106708,United States
68599584,RobertCahaly,101296,601,682,"Atlanta, GA"
16497528,newyorkpost,7503,4,1,
32201297,mirandadevine,99149,4765,24274,"New York, NY"
2438831503,ChanelRion,605707,18893,21790,"Washington, DC 🇺🇸🇰🇷"
1234873117773709312,ProducerAlex1,89,108,529,"Seattle, WA"
