user_id,screen_name,followers_count,friends_count,statuses_count,location
1048529117937901568,flynn_neill,85066,9777,28596,"Rhode Island, USA"
737848797817012224,markdmckenneyjr,245,581,4834,
759470736159350784,Melanie91167077,2806,4863,15067,Colorado
16016625,gruler,1700,1991,31494,"Phoenix, AZ"
1203117144109654016,DKincade01,1143,555,5617,
22956220,HeyTammyBruce,450374,1608,126799,New York/Los Angeles
47739450,ByronYork,468908,1383,48016,"Washington, D.C."
1196283311661834240,JUSTICETIME7,27321,11660,37499,Socialist Republic of Oregon
1194770389634895873,BonginoReport,209939,22,5892,
770781940341288960,RudyGiuliani,1337211,545,3327,"New York, NY"
1172645784111595520,HumanInternet1,942,211,2008,
2162174108,_saltycrystal,9230,8284,36265,"Illinois, USA"
87107894,BWDeadcat,7248,7711,30673,GOD BLESS AMERICA!
111662780,Bluecat14w,3860,1929,2028,"Spokane, WA"
28628850,greggutfeld,1761151,699,27351,I am here
1043185714437992449,catturd2,506789,15088,51184,
2684266435,patriot_pepe78,1840,3149,46930,
1085299721587978242,BethKan47749675,520,1321,830,
2535608312,Christo39776164,2182,3290,2691,
82426319,Sine_nomine_17,5440,3610,5515,Front lines
