user_id,screen_name,followers_count,friends_count,statuses_count,location
97054224,OzraeliAvi,131938,959,16071,"Melbourne, Victoria"
624210678,Millie__Weaver,276580,641,8494,
3972672084,TurntNTexas,17197,16308,8308,
15212187,bennyjohnson,380555,1836,49280,WashingtonDC/ New York City
2441085277,PimpMasterYoda1,61886,495,16085,
128440862,SenatorAbetz,25088,802,3053,"Authorised by Eric Abetz, Liberal Party, Hobart"
20559705,PeterDutton_MP,105329,445,1380,"Authorised by Peter Dutton, Liberal Party of Australia, Brisbane"
108273993,LyleShelton,11376,40,27406,"West End, Brisbane"
31704327,wendyjoyfrancis,3673,172,7565,"Brisbane, Australia"
57441414,ZubyMusic,338325,2652,92249,"Southampton, England"
1356030014,LibertarianBlue,65617,4257,14089,"Washington, DC"
2814756798,PeaceOnEarth222,2013,2182,60138,Beautiful Wales
241002951,uespiiiiii,81035,517,6926,よしもと所属　Comedian
102850084,bethanyhamilton,1401547,1342,12115,"Hanalei, HI"
819642752,BirdseyeKite,4808,3842,18173,Ireland
1162733725,VoxHib,11860,1423,24722,
594139447,JackmanNeil,6290,3075,47070,"Clonmel, Tipperary, Ireland."
86390222,BBCNolan,49377,169,21291,
1678273014,dgaytandzhieva,16792,380,1014,
871650706381561856,EuropeanHighArt,19530,497,3630,
