user_id,screen_name,followers_count,friends_count,statuses_count,location
1310819554772172800,weirdtheoris,66203,0,45,itsrelate@gmail.com
21879024,tonyhawk,4410049,10132,12743,San Diego & world at large
1330166037472534528,itstime4learn,33993,0,28,
1330851744708841473,HowDiditGoWell,100947,0,23,
1332248700232482817,SeaAnimaIs,83662,0,18,
1080074378904289280,Geology_History,10901,1,4299,Europe
1273301532608356353,WhosTheMaster7,270,852,8898,
1333062067356532736,catshouldnt,454609,0,212,Acc name is just for fun
262043303,zumwild,16,302,140,
1303947838854848514,engin_video,56465,0,19,
1337524232800980992,comradeorca,12,201,122,
1313780985197076481,Thenutritional,100027,0,40,
1295028724564279297,UnexpectedScene,106071,0,265,turn ON tweets notifications🔔
1334606040223117315,BotWebb,1041,0,15,
339061487,APompliano,432131,5262,49324,Global
1027987109146177537,PokerPolitics,9140,554,48889,
1331858749275910145,worldfirstthin,100222,0,48,
19562228,rustyrockets,11261574,558,15325,
23371841,elleprovocateur,14177,803,63362,Canada
1268177355723272194,cInemat0graphys,111415,0,140,
