user_id,screen_name,followers_count,friends_count,statuses_count,location
222494976,PREACHPALERIDER,4760,611,2262,Hazard Kentuckey
1290635110149169152,Wizard_Predicts,187347,1692,11919,The Swamp
1225779630,BeholdIsrael,157837,60,9516,Israel 
464301109,mclaughlin_liz,62,337,1842,TN
1184289498382905344,SlimKraken,13662,10924,89509,"Louisiana, USA"
1138882646510133249,JannettePeltier,2535,3840,2564,
826065164504006657,mtgreenee,231297,1929,10259,"Georgia, USA"
187680645,LLinWood,914089,8102,13442,"Atlanta, GA"
1313536464022646786,WarClandestine,25808,49,187,
1241901721137426432,Drake40880762,40,187,198,
1251233118708813825,94_USMC,2640,3004,8949,𝐁𝐞𝐡𝐢𝐧𝐝 𝐲𝐨𝐮...
1210698008,ChristIsHero,1707,2200,821,
2285884795,SuperStarNJTX1,463,538,1055,
883855148136763392,unseen1_unseen,39282,17822,213884,
1301730052049166337,f_gantry,1003,1450,12443,
1296051225964810246,Truths_Abstract,703,870,7461,
1207794612753928193,StoppedAgo,36600,8703,16336,
991018373227003904,Blaidd_tx,5051,1052,64182,"Austin, TX"
1489411698,lebronsonroids,62446,3084,13811,
1285633550927134720,PrayingActress,39123,549,6061,In front of you | WV
