user_id,screen_name,followers_count,friends_count,statuses_count,location
1153042794375712770,HowleyReporter,81394,2283,31785,
159718102,RealEyeTheSpy,14518,1106,16951,Antarctica
1178440698963484673,FutureTenze,3863,1873,4380,"Atlanta, GA"
860566802,GW_Gray,3072,4957,83894,underground secret lair
1007106057150386176,zinniasinmay,166,0,4733,
1707794683,CindyBr15464234,6127,6735,74395,USA
1003378237379145729,Mike71138778,17030,16904,3637,
968855979688210438,ChrisH22402,4760,4831,14300,"California, USA"
21917697,glenn21701,9852,9902,50775,
975941122299219969,HopwoodFranka,11302,12425,70908,"Bolivar, MO"
1097209946884751360,ahpatriot,2772,2289,8089,MS
731085220355686400,ArmyBratt68,46821,43330,24184,"Florida, USA"
855993195603382272,MrsPatriot3,5386,970,18376,
819201209991041024,WarNuse,128473,47,19652,Way North
3932768472,EmeraldRobinson,364901,12735,13840,Washington D.C.
755804692551176192,stormywind31145,10817,10693,39712,United States
19667766,Southcom,238530,425,8106,"Miami, Florida"
18144581,USNorthernCmd,126784,365,6230,"Peterson Air Force Base, CO"
19725644,neiltyson,14418779,39,7120,New York City
39384517,ICEgov,468573,103,15995,"Washington, DC"
