user_id,screen_name,followers_count,friends_count,statuses_count,location
1338250993062973440,MermanEthal,18822,1111,1412,
1316845497987072002,WhereIsTruth4,24024,782,10546,North Carolina
1109551095863484418,MSMFactChecking,11238,10641,5219,
65523275,Kerri_Kupec,28195,976,3998,"Washington, DC"
19668491,GovernorKayIvey,64518,1218,5989,"Montgomery, AL"
992623688028774400,Manny_Alicandro,41035,17854,29237,NY
266237495,smalltownandrew,80450,71829,301343,"Illinois, USA"
778433266114179072,phoenixpglenn,105,238,1222,
212479621,GrantB911,28245,60,17335,"Nashville, Tenn. / NYC"
895954495116644352,tom2badcat,88747,4419,8242,United States
1319677199604207616,oCCultRebel,5993,310,2670,inner Earth 
1881296893,PatrickByrne,198455,175,3525,Inside Deep State's OODA-Loop
339984356,IvanPentchoukov,74210,2836,8960,"New York, NY"
958408514807967751,NewDayForNJ,82239,22687,36281,"New Jersey, USA"
1334968632644931586,MidnightSmiter,10670,209,267,
831511431912816640,MarionVanhorn,568,538,288,"Montréal, Québec"
4041824789,RSBNetwork,382022,527,18342,"Auburn, AL"
20545835,newsmax,918092,573,106705,United States
868533711368667136,Maximus_Legacy,40344,97,6346,🇺🇸🇪🇸🇮🇹🇰🇷🇬🇧
44385628,gregkellyusa,286424,1463,2992,
