user_id,screen_name,followers_count,friends_count,statuses_count,location
1434238920,Alba_gamer,747,580,14684,Bonnie Scotland
895384457326190592,RadGeekpartduex,7968,273,17337,
187680645,LLinWood,908862,8105,13441,"Atlanta, GA"
318664290,bix1975,404,1389,1573,
2973525349,influx_Divine,62169,64550,300870,Berkeley CA
1084251034908794880,DougCarterWrite,7698,7755,6157,
1212806053907185664,TheLeoTerrell,440098,456,3803,Los Angeles
1213272104012894208,Nostradarmus1,1250,2983,7415,North East Of England
2480268229,TheOfficerTatum,614934,1301,6166,"Arizona, USA"
900021957424447488,RepVernonJones,285641,132,2803,United States
1216131915981475840,NolaNurseRN,41773,17595,12288,NOLA⚜️
1287488908234825729,jaypatriqt,94,166,28,
1258396102480613378,uRnowinthestorm,4180,3473,240,
711356961107918849,TVNewsHQ,41894,5609,16257,"New York, NY"
172256647,17_antidote,475,561,2384,United States
1009560837734846464,LivePDDave1,29498,14792,106810,
22637974,barstoolsports,2671234,767,72567,America
1279040687615459330,Bryan22153898,916,0,142,USA
1539351596,RN_JB7,47873,0,83071,
4098728472,JustWannaLive7,4034,3527,18217,On the Battlefield
