user_id,screen_name,followers_count,friends_count,statuses_count,location
1295173121696124928,centrright4trmp,5773,575,7792,Arizona 
722528529716383744,ACTBrigitte,317809,2069,8515,USA
22677397,atensnut,498323,6468,23848,"Fort Smith, Arkansas"
1632772304,patsajak,319795,345,92,Los Angeles
31047836,michaeljknowles,415330,1613,41899,"Xs in TX, so hang my 🎩 in TN"
2417586104,SebGorka,1076270,4672,87380,"Washington, DC"
778763106289758208,JennaEllisEsq,881546,1279,27836,"Washington, DC"
18648926,TXAG,51608,1262,3569,Texas
1074480192,SenTedCruz,1943954,6486,15546,"Houston, Texas"
37760670,TexasGOP,60534,4340,15133,"Austin, TX"
93059852,LeeSmithDC,123950,1539,25004,"Washington, DC"
900021957424447488,RepVernonJones,285660,132,2807,United States
3932768472,EmeraldRobinson,365168,12733,13848,Washington D.C.
237348797,TGowdySC,1282441,350,2095,South Carolina
759081003168112640,jonvoight,512862,9,90,
18266688,TomFitton,1368803,3303,47142,"Washington, DC"
1212806053907185664,TheLeoTerrell,440147,456,3806,Los Angeles
239005322,CalebJHull,156943,994,39426,Probably on a plane
1324868681331957760,RoofKorean7,5715,2698,3017,Los Angeles
983766825610694656,AndrewPollackFL,258218,533,5183,United States
