user_id,screen_name,followers_count,friends_count,statuses_count,location
25837289,BernardKerik,250924,6230,23001,NYC
898170463,DaveExtraStep,2976,4074,4771,"Ohio, USA"
3258192703,MaryBernstein14,22064,17146,51792,"Fremont, CA"
201066140,pnjaban,234743,2125,71138,San Francisco
1314948071340601345,Sweet_N_Savvy2,3442,2165,5729,Trumps Army 
746632904550162432,Tiger201Tiger,803,46,7985,
833759054690258944,America_1st_NOW,24521,25599,71035,Arizona The Grand Canyon State
1067003156838662144,FuctupMike,57340,8349,51658,"New York, USA"
1071067641186373632,GERALDJESUS6,2201,1914,25173,Earth 
1323243451887030276,GregAndersonred,28253,108,17,Philly
746362627,Pouissant1,23504,21345,22424,South
1212806053907185664,TheLeoTerrell,440200,456,3809,Los Angeles
99873911,ronnieverruto,20637,18291,18200,
1004245488,Jim65783,2242,2540,35360,"Indiana, USA"
406290234,Raiklin,185399,107,484,United States
1242539267169157127,anonpatriotq,113872,5217,24698,
1102987848741998592,LaurenWitzkeDE,67077,994,5936,"Delaware, USA"
1073294034502864896,Maries203,15096,14822,42223,USA
264361128,Liz_Wheeler,564588,866,35630,
19218053,JennPellegrino,216663,1836,1548,"Washington, DC"
