user_id,screen_name,followers_count,friends_count,statuses_count,location
2551015938,JeanJuniel,1597,4339,64788,"Arizona, USA"
1303141218327564288,Yeshuasaves5,688,253,1437,THE GRID
3591981861,Piperrose1Robin,1643,2925,5791,
169244010,absitminded,6711,74,172,
1308554833255968768,777v666,166,54,389,
1340124483655507969,MajorKillSwitch,10777,978,116,USA
1195738020164653056,seawolfalpha,1530,2714,1447,"Ocean City, MD"
1017902120224415744,LesterBlount3,1637,4676,7778,"Leesburg, FL"
579564431,CVELIUSRUFUS,2376,2703,69637,
1236653377,babyscatz,8406,8581,6355,"IFBAP 💯% Brevard County, FL "
1176993175090733063,JNyhne,491,1417,3813,
1333530133727223810,ding_gang02,13537,99,197,
232878666,michaelvagenas,13158,13088,13983,
99994358,RickyRebelRocks,78949,13123,18131,"Los Angeles, CA"
1337720192365776896,EriQmapJapan,6945,2841,4411,寄付サイトpatreon 削除されました  
895079866185400320,Nanook_66,979,1111,12249,"Freeport, PA"
1289659937845477377,GQD_WQN,1617,3298,12998,
1292965723606863878,Madelin41144812,5043,5106,3201,
23942656,john_koziar,144,959,1883,Pennslyvania
57837623,SteveMichael40,6788,6680,1738,"Atlanta, GA"
