user_id,screen_name,followers_count,friends_count,statuses_count,location
22234764,JRG1023,2009,3686,20992,"Douglas, AZ"
1196441152486072320,CBS_Herridge,480990,21,1565,"Washington, D.C."
1298432661954785280,aus_spirit,2120,2996,10187,
8757452,rdwatkins,17175,12447,38700,"Cumberland, MD"
1337531542114078722,JovanHPulitzer,72230,86,1892,
92867530,veryluckyphil,176,419,1167,Sydney
180615693,teapot21,555,1631,18739,"Adelaide, Australia"
1060325652698710025,An0n661,88704,436,15567,
1312036582422196224,ArtOfWarNews,47506,309,4427,"Florida, USA"
1130778763015409669,MrMaxWellington,699,1044,2387,United States
1271956920144822273,stephen79235179,21,77,832,"Sydney, New South Wales"
1341668567477964800,WatchtowerRome,68,217,274,"Queensland, Australia"
1312481033619566594,thepatriotgirl1,5292,2212,5627,
845778693704310787,State0fCorrupt,1896,4363,3129,
1250278581386637314,Morgans42267945,1009,1790,20914,
1081931769996292098,Purgato30507553,1757,1848,34179,🔔
1261482446559817731,imex_t,1466,4692,64809,
455246331,agu7777,2414,4809,233,CA
1343118625755045889,Normski03938749,544,714,726,Earth
1266120974006697985,QBenny91,954,1449,4509,
