user_id,screen_name,followers_count,friends_count,statuses_count,location
68539019,beyond_patriot,4212,3837,19082,"Michigan, USA"
895814938995957760,threadreaderapp,443707,1288,1563507,Wherever threads are written..
2352629311,HawleyMO,486832,990,5069,"Missouri, USA"
890585932574986240,PNTXforever,11150,9579,55896,USA
314260116,TheOuterGalaxys,54751,53315,5808,New York
1240350558554329090,kiose_la,17562,18838,21318,Come By Chance. Terre-Neuve-et-Labrador. Canada 🇨🇦.
198620334,CaseyMcDonald67,6369,6947,5920,"Arizona, USA"
2655469303,geminigirl0,811,1316,78460,Manitoba
1308597467647225856,RobertCalhoun4,1117,1290,1617,
1259758832915329024,lilboatbigwaves,10198,11152,70225,CA
1149378091,Time4SumAxShun,23564,22523,11545,#COMMIETWITTER #F.U.JACK!
2813239046,ugo4it2956,2203,3617,7538,
1251312869020299264,JulieSa83949108,569,285,4664,
1881296893,PatrickByrne,198531,175,3527,Inside Deep State's OODA-Loop
980553037793013760,PhilJHorton,10380,1105,2402,"Hillsboro, OR"
1157277186988171264,DanielsCongress,37158,1681,697,United States
1202015921549856768,USA__Rocks,8587,9211,30044,
1342225474387382273,CobyM10,434,233,124,
1310561482959130624,JonsonTacco,1580,1639,7936,Nebraska
1376711317,MartyPeebler,24281,22600,7043,USA
