user_id,screen_name,followers_count,friends_count,statuses_count,location
759081003168112640,jonvoight,512792,9,90,
17469289,nypost,2116640,11370,363086,"New York, NY"
1212806053907185664,TheLeoTerrell,440135,456,3806,Los Angeles
222196210,GLFOP,38585,1859,8319,United States
1060487274,RepDougCollins,554784,1000,5419,"Gainesville, Georgia"
1209417007,SteveScalise,473959,1272,12284,"Jefferson, LA"
4914384040,TheBabylonBee,863943,60,11595,
3047722897,realMikeLindell,393613,9559,2374,"Chaska, MN"
778562790,USDbaseball,16213,503,5370,"San Diego, CA"
91882544,DineshDSouza,1940200,6003,61633,United States
547139726,GretaLWall,71246,896,9134,"San Diego, CA"
749686190,jennfranconews,116533,2881,9442,"California, USA"
264361128,Liz_Wheeler,564569,866,35630,
1308317708,GrahamLedger,90386,388,10210,
2875343207,firstdateqs,61276,0,263,
90480218,RichardGrenell,710288,2700,10471,"LA, Rancho Mirage"
14061640,WFAN660,121301,285,87268,"New York, NY"
361492848,WFANmornings,111675,192,19649,"New York, NY"
254110373,Alsboringtweets,71556,145,50259,NJ & NYC
360185259,7BOOMERESIASON,215497,238,22187,"MANHATTAN,NY"
