user_id,screen_name,followers_count,friends_count,statuses_count,location
61053820,veevasystems,5145,141,7477,"Pleasanton, CA"
719891776681680901,Veeva_EU,951,386,2729,"Barcelona, Spain"
1126581867820531713,dis_roger,1068,2395,21378,"Huntington Beach, CA"
33494196,Pharmaciststeve,3431,69,12038,Southern Indiana
2887557934,6abcAnnie,10760,1704,11212,Philly
45443858,SpectorsHockey,31084,717,78293,"Charlottetown, PEI, Canada"
1075135934650298368,mycentraldogs,3647,4496,88,
3301052704,deanbc1,70419,74265,143323,"New Jersey, USA"
22055226,replouiegohmert,407677,741,8475,
18166778,Jim_Jordan,2014540,3981,4755,"Washington, D.C. "
17800215,jasoninthehouse,594500,1521,13317,"Utah, USA"
237348797,TGowdySC,1282461,350,2095,South Carolina
54412900,DevinNunes,1369076,728,3137,
7702542,DLoesch,1268166,4285,137025,"Texas, USA"
334715818,BuckSexton,539986,1544,3698,"Manhattan, NY"
586707638,SidneyPowell1,1241850,1983,107792,USA
523248016,jsolomonReports,866238,374,9204,
1122800637119475713,mydogsinfo,599,174,7,
139550237,VDHanson,154071,7,1926,Stanford University
130684893,AndrewCMcCarthy,305725,1232,15667,"New York, NY"
