user_id,screen_name,followers_count,friends_count,statuses_count,location
587477017,ClassicFirearm,206250,1896,9269,
1271551263013036032,shawtylok,367,736,1999,
232901331,dbongino,2866215,861,74933,"Florida, USA"
25073877,realDonaldTrump,88580107,51,59410,"Washington, DC"
1196441152486072320,CBS_Herridge,481005,21,1565,"Washington, D.C."
586707638,SidneyPowell1,1241891,1983,107794,USA
25202268,SaraCarterDC,1416762,5467,33943,"Washington, D.C."
523248016,jsolomonReports,866257,374,9206,
231058945,Jennifer_Holik,3585,922,19908,"Chicago, IL"
255232449,darkjournalist,24141,911,17322,USA
856566967230021634,CBI_PTO_History,2822,626,8589,"Calgary, Alberta"
707906665300029440,MilHiVisualized,11365,293,8772,Austria
1127733224967417856,WPatriot2,6930,3493,28742,
232702348,gizadeathstar,12040,3769,45398,Giza
2844732419,SpacedOutRadio,7489,809,60586,Canada
19826509,openculture,445054,988,81121,Planet Claire
34900333,jennajameson,848866,15630,50046,
107436986,ShaniaTwain,943796,555,4225,"Timmins, Ontario"
73928096,vigilantfeed,24393,0,1633,Above the clouds
169686021,kanyewest,30876264,240,1915,
