user_id,screen_name,followers_count,friends_count,statuses_count,location
285653871,susang508,62,113,1663,New England
25101996,kimguilfoyle,1930499,3013,9732,New York
138167222,Springfield_Inc,180141,168,2404,"Geneseo, Ill"
18247062,JudicialWatch,1852986,1893,81452,"Washington, DC"
50769180,IngrahamAngle,3980358,360,46379,DC
39308549,DailyCaller,828032,7642,320251,"Washington, DC"
7702542,DLoesch,1268134,4285,137025,"Texas, USA"
78523300,RealJamesWoods,2745766,5170,36133,
25073877,realDonaldTrump,88580106,51,59410,"Washington, DC"
17564591,NRATV,295398,344,33923,
