user_id,screen_name,followers_count,friends_count,statuses_count,location
15729105,BarnettParker,2815,2996,11892,Sacramento 
208155240,MariaBartiromo,1003635,1464,33304,"New York, NY"
17469289,nypost,2116699,11370,363092,"New York, NY"
4865147727,lisa_proust,5903,70,11250,Canada
87679233,AlexBerenson,238364,189,12746,New York
1205166688389320704,NewTube_App,4780,22,6007,
1181739764354969600,Justice_4Canada,1278,111,157,
1172378288,CanadasNFA,4861,189,811,Canada
900174026441580545,ScottWAtlas,100861,62,928,"Stanford, CA"
1209936918,OANN,1730372,78,132061,
1165707784962433024,TheophanesRex,1716,358,8897,
53616076,txcnguy,899,1664,10274,SK
1085590193825083399,standamericanow,107122,156,3369,
1156669629823107078,MemeWorldDOTcom,8150,2,196,"Memesville, The Internet"
15513604,foxandfriends,1340472,1062,93424,New York City
261751772,CarolHusband,9720,9833,161138,"Saskatchewan, Canada"
1157694950655561728,SpeechUnion,51966,46,1241,
1216793092134723586,JustTheNews,94568,53,8010,
1106328766685442048,LinnieRants,1384,1734,12267,Canada 
280428516,CanArm2011,13836,13458,17391,
