user_id,screen_name,followers_count,friends_count,statuses_count,location
30926965,Volzie,1569,978,4939,"Fort Myers, FL"
1396227570,sheena_meade,2280,1224,5512,Florida
1566432504,FLRightsRestore,12688,1366,2392,Florida
156612878,desmondmeade,12978,868,2999,"Florida, USA"
814121478,BrianCraigShow,31345,2194,121829,"Florida, USA"
1249982359,senatemajldr,2161003,106,4447,"Washington, DC"
10615232,ChuckGrassley,690273,13236,9496,Iowa
13218102,JohnCornyn,311767,12186,42527,"Austin, Texas"
1074480192,SenTedCruz,1943979,6486,15546,"Houston, Texas"
23022687,tedcruz,4303180,6028,29917,"Houston, Texas"
1537125042,smnewmark_,1543,1692,19089,"Florida, USA"
2377292424,LHPublishing,62,63,189,USA
360844323,RoundTeam,127648,7,5296,"San Francisco, CA"
134837880,talanez,2727,1949,15877,"Boston, MA"
1922861,amazondeals,586512,41,36272,"Seattle, Washington"
20793816,amazon,3534319,51,34833,"Seattle, Washington"
43967741,PascoSheriff,132729,21911,342809,West Central Florida
16219206,RCSD,91642,2082,23790,"Richland County, S.C. "
888392562721128449,9PMRoutine1,14774,15056,54567,Pinellas FL #LivePD 🚔🚒🚑🚔
5392522,NPR,8555921,69238,209749,
