user_id,screen_name,followers_count,friends_count,statuses_count,location
747302761,SOttenbacher,4257,4701,21401,"Michigan, USA"
53600925,vikingknot,1766,1657,64747,United States
967806961164185601,Johnheretohelp,112906,4199,19050,Just Outside My Mind
1242458958167781378,MichaelTippman1,520,827,840,"Indiana, USA"
1289332592,Bigsarge50,343,586,2892,"Elk Grove, CA"
821488250779013120,ReidHeinrich1,1498,1721,11002,Ground Zero      USA
868533711368667136,Maximus_Legacy,40333,97,6346,🇺🇸🇪🇸🇮🇹🇰🇷🇬🇧
1316845497987072002,WhereIsTruth4,24003,782,10540,North Carolina
1630817652,GLeutz,4074,4261,58238,
2847221717,DNI_Ratcliffe,429363,859,29,"Washington, DC"
1336032840572674049,SilentWarRoom,1350,0,73,
1093774442264707072,VincentCrypt46,299289,912,23882,"Pic is edited, edited for a reason."
4312282894,Maximus_4EVR,117399,200,72856,🇺🇸🇪🇸🇮🇹🇰🇷🇬🇧
24822993,tracybeanz,511759,989,66906,
852554455581163520,_FrancoMunevarM,29751,27449,130219,
3427589099,albug56,23278,25281,151317,"Texas, USA"
45116039,rking4441,2878,4173,14054,
1250816144,nj_sucks,252,402,2073,
1044990549143343105,ParcelUsa,631,1011,40045,United States
929996242779697153,d8p6vWe2A3cBDpw,1445,2009,1994,
