user_id,screen_name,followers_count,friends_count,statuses_count,location
1337205328883093504,Spydon_,491,78,228,
1087500129752485888,GKNIII,99,772,1434,Rhodesia
722060515216896001,realRyanPence,29260,8514,39012,"Florida, USA"
1313128625680592896,DrLiMengYAN1,75162,123,443,
1277821895065268225,TheMizTee2,5394,4817,31954,United States
2389386862,capvette,2152,3717,31038,United States
1324700371156111360,TypeWriterMac,9826,990,22495,United States
2284041356,themodalice,25367,1981,13567,
14221620,RattlerGator,58895,3475,123940,"Tallahassee, Florida, USA"
1217559748557647872,RealChrisLangan,33670,48,873,
1288559991339864065,HarshJu,590,1206,2089,Commie GA
460118656,nickiluto,7459,8202,57512,"Austin, Texas"
824673820686643200,CombatLVL,11861,1017,10390,United States
1020772228940664838,Impenitent2A,834,743,13260,United States
4005861604,dreary_terrors,1200,1936,9942,"Detroit, MI"
400475649,SierraDante,1957,4546,76898,Arizona and France
574904459,TheRealXPI,2267,2834,44236,
1111402424328224768,carraybb,13852,11324,90071,United States 
862773798344441856,AlexMissSteal,2129,4107,6776,"California, USA"
844987451626213376,Shaddilay,893,1354,119034,
