user_id,screen_name,followers_count,friends_count,statuses_count,location
27633847,dannyantell,5233,5709,1721,
1339604288029544448,reginahicksreal,162,884,124,"Atlanta, GA"
1026703982100660224,JanetSamples5,7282,7235,79413,"San Antonio, TX"
1316218894927888384,PepeNewsNow,57182,2073,9773,
1240844467654905856,NIKTWITS1,1547,1848,10897,
1322744251520868353,theNWOisghey,394,313,70,
1337720192365776896,EriQmapJapan,6952,2882,4437,寄付サイトpatreon 削除されました  
709625916,Ty_Clevenger,6704,468,1304,Texas
1142421493932052480,Vincent__Fusca,204511,138,324,
4041824789,RSBNetwork,382179,527,18344,"Auburn, AL"
620571475,DanScavino,1309502,776,11855,
1095828386,Yarol_the_Crow,1136,1727,7947,"Nantes, France"
2335043238,kjhare9,8745,9400,60617,"England, United Kingdom"
728261912702521345,Qamerican1,2382,4233,4301,"Texas, USA "
2433154158,Over400ppm,15843,16500,27288,"Seattle, WA"
101395252,jstines3,175224,98520,665697,United States
1611426194,DLBMAGA,5738,5789,4826,"Houston, TX"
1224012916149641223,SamSmit64245386,2489,2641,5645,
1228866068632002565,SomeoneAskTheQ,10871,11402,3552,🇺🇸
1171111086,RickAArmstrong,1074,3961,7458,"California, USA"
