user_id,screen_name,followers_count,friends_count,statuses_count,location
108110495,AustinSteinbart,31295,7068,2029,"Arizona, USA"
330450456,wenewsnow,25895,8888,5205,
824795751905685506,EthicalHackerXs,18055,1239,12263,"Denver, CO"
2778328297,MajorPatriot,291696,92,2648,
884455440293269505,NikolovScience,27556,75,47249,"Denver, CO"
1067970080884080641,LadyQanuck,47057,5386,13541,
1216259319852752896,1Naasty,47190,11970,45509,"Newcastle ,Australia."
840040045117657089,Ir0nbelly,16176,8812,4948,"Ohio, USA"
794596652,JimiHighLife,301,606,1192,
15986949,BuzzPatterson,132088,30398,50499,"Sacramento, CA"
536826854,CowgirlCas22,29398,8746,49957,United States
706150376,obiwan_qenobi,56083,7023,12188,
1732174460,BeachSoulFL,2010,2670,13442,"Florida, USA"
343090358,Happy_Home_Makr,4917,4297,37376,
1004572573177294848,KillAuDeepState,80762,21828,16967,Sydney
1230589207791493123,3days3nights,142020,1111,15036,
809974521746911232,CoreysDigs,129549,474,45160,Zen
2998695672,Disciple_4G,7534,833,19234,Texas
1193251639530049536,mil_ops,218959,15007,8355,FEMA Region VI 
1072340357499637760,TheAppraiser17,2080,2867,5766,United States
