user_id,screen_name,followers_count,friends_count,statuses_count,location
1316845497987072002,WhereIsTruth4,24064,782,10549,North Carolina
21308831,Stips620,15082,16547,393435,"Ocala, FL  #Trump2020Landslide"
1330679742463238144,PCats007,2881,2877,2544,Krakenville 
1316490884775469056,Holdstrongred,2486,4287,1398,"Newport Beach, CA"
1280678516531458048,Skincarelady_20,1258,3573,10410,
1325147197,SoldiersWhisper,41197,35842,38796,USA
1249764691888558080,EthansDad4Trump,7455,5528,2908,Yemen
1253871180899024903,Heyyou83605992,1017,4501,58,
1248011510191972359,JamesVo16615349,1313,2535,4762,"Michigan, USA"
1252390167874166786,buildingmyark,44,471,281,burning edge of modernity
1223728719384186880,Steve00848196,2255,4139,2785,
307877719,killabeas69,55102,57503,66255,#Oklahoma #CodeOfVets
4107291979,17Anon_CJ,2835,3673,1109,Worldwide 
359500145,p3n0rd,564,1310,2028,
1317699827476647936,KnightenRene,794,1557,682,
699994646689218561,MyronCooper9,424,1307,2689,"Pickens, SC"
833007702704025600,DelkReese,45257,43857,3949,
1242489945807347712,Fox___003,3199,4599,39971,
2711652041,Joyce_murphy2,70,1076,260,United Kingdom
31615936,cliff_lee,2345,2647,802,
