user_id,screen_name,followers_count,friends_count,statuses_count,location
1881296893,PatrickByrne,198997,175,3537,Inside Deep State's OODA-Loop
1854971202,82ndABNDiv,64141,658,11307,"Fort Bragg, NC"
18150303,DrVivianLee,14182,864,8951,"Vancouver, BC, CANADA"
56838279,ODNIgov,218734,134,4930,"Washington, DC"
982675379319132160,JohnWHuber,330914,98,12562,Redacted
2333707213,X22Report,564110,21,9771,
1337318628224602114,FDelasco,21,130,39,
1237612672373248000,Rothbard1776,172777,358,10996,The United States of America
1133781254959239168,SenMastriano,191626,810,896,"Fayetteville, PA"
1242050687271395328,stormis_us,54305,5212,36013,
1322693567765237761,EzraACohen,107754,61,59,Pentagon
1163992520252153857,mikepompeo,260580,207,339,
3472073657,DrDHennen,37651,36463,8654,"Warren, OH"
23317891,docdhj,76848,6034,70575,
187680645,LLinWood,912955,8103,13441,"Atlanta, GA"
2835451658,MrAndyNgo,837877,821,18429,
149681153,jbinnall,117309,1117,1593,"Alexandria, VA"
1312036582422196224,ArtOfWarNews,47527,310,4428,"Florida, USA"
172511244,T_S_P_O_O_K_Y,131327,20941,51451,Earth..mostly...
1196441152486072320,CBS_Herridge,481022,21,1565,"Washington, D.C."
