user_id,screen_name,followers_count,friends_count,statuses_count,location
1235345558723801096,COVID_Australia,78287,485,7969,"Queensland, Australia"
1339835893,HillaryClinton,30138995,892,12417,"New York, NY"
196117813,jamesdoleman,38208,2518,190436,London/Glasgow 
846507416153837568,antipentrap,1113,3514,19499,"Oregon, US"
1220236983324119040,ActionAssange,2288,2103,8558,Brisbane Queensland Australia
997581652942450688,genuinelygia_,25912,634,883,"California, USA"
1201036782994739200,forthemartyrs,9551,104,54,
3303293865,Caitlyn_Jenner,3564481,39,287,
1648843386,krgiorno,20422,742,2766,"Palm Beach, FL"
1267887043,RusEmbUSA,74271,1629,39550,"Washington, DC"
20015311,rickygervais,14503378,1485,64135,Earth
770781940341288960,RudyGiuliani,1337427,545,3327,"New York, NY"
1012848315744993280,RealRossU,52637,0,211,
1193823126309818368,TonyClimate,5897,1,4,
51099782,AviBenlolo,11314,3380,5645,Canada
816131319033950208,RepJimBanks,54425,1590,7396,Indiana's 3rd District
1171254067193974784,BradfieldThe,2544,1001,10538,Australia
939884845076844546,cje7363,2418,3891,4330,
16989178,JamesOKeefeIII,1024093,1325,17857,New York
90813976,JohnGVibes,34923,33054,3397,
