user_id,screen_name,followers_count,friends_count,statuses_count,location
1343265404131692550,sainey_j,9,12,0,
235251868,govkristinoem,406296,486,7701,
1328982249841324032,frankli81440558,82,684,3,United States of America
1147253398670102529,UncoverDC,100746,71,1878,
973684455725350915,parler_app,221307,1,80,United States
1250929047930101761,ShahtechG,973,2062,205,
14504859,DuckDuckGo,1667935,1261,43602,
1306231684963151874,DocHull1,5,159,123,"Florida, USA"
895954495116644352,tom2badcat,88748,4419,8242,United States
1314703570822930432,RealRLimbaugh,631268,1,130,"Palm Beach, Florida"
1143692924762415105,lets_be_real45,1587,2348,3218,"Louisiana, USA"
1290696356194000896,ArtValley818_,135289,1129,5982,"Los Angeles, CA"
829693057968832512,mariorusso1955,1294,2422,2694,
1161645520009486337,KarenPence,97072,6,1738,
1313131720087085056,MarieShawne,1395,1930,6203,
107177573,dianesteeler,1239,523,105065,So California
1314165070864232448,ShorelyaPatriot,701,1820,5871,USA
29355039,Carolynd1,1977,2323,58203,
36528126,kirstiealley,1612378,917,78150,Hollywood
1285633950355017730,Mark__McCloskey,26207,13,205,
