user_id,screen_name,followers_count,friends_count,statuses_count,location
19218053,JennPellegrino,216644,1837,1548,"Washington, DC"
1110162673847672834,WarlockWoods,7338,7670,44151,Truth or Consequences!
1288319695658135552,realstewpeters,62838,83,1362,"Minneapolis, MN"
264501955,MichaelCoudrey,311134,120,12867,Instagram.com/MichaelCoudrey
64998253,Filippo60,25852,24985,53618,"Venice, Miami, Hong Kong"
2241288482,SuicideSeattle,9318,1691,64416,Seattle
1342233229906984960,again_lv,6166,656,1982,
1128753232048685066,MarkCongressGA7,9924,255,3938,"Georgia, USA"
936741043344695296,WABLHat,21319,21933,43221,Brooklyn NY
309970677,GKCdaily,111972,63,20300,
1881296893,PatrickByrne,198747,175,3533,Inside Deep State's OODA-Loop
1109565252193140742,debatenothate2,14565,15487,83240,England
3018140491,BorthwickKathy,16061,17626,184445,Medicine Hat Ab Canada
1812055789,CodeMonkeyZ,509902,396,4103,
3993283874,NewsspunEditor,1636,4992,20544,
12008602,carriesheffield,32273,2960,13617,"Washington, D.C."
1324579241430798339,BrianTh37895972,29491,381,15172,
843904157081845762,USMarshalsHQ,87793,380,3339,"Washington, DC"
805213219220430848,CBreen1996,2884,2873,20573,
1251544047942086656,UndergroundSilk,11268,12,573,My Ancestral Village
