user_id,screen_name,followers_count,friends_count,statuses_count,location
101160882,kdes1983,113,338,21523,Pune
90759119,morigdl,984,866,32724,"Montana, USA"
388518333,RNRPITSTOP,83,53,503,
2615362436,DelhiDynamos,123892,57,18856,"Delhi, India"
2526858986,aditi03chauhan,7833,777,2368,India
3014533525,DVahia,706,1431,282,
838434725702291456,ProLifeWarrior4,7272,6925,85098,"Trump, USA"
460157693,henriqnv,184,125,10146,"London, England"
744354971425046529,BrothersHayes,1867,1047,1173,
886944838721163265,JamshedpurFC,26787,66,12046,"Jamshedpur, India"
3308029429,sibuegoesbyebye,4910,3569,121417,"Northern Ca,USA"
20833525,John_Monahan,4725,5033,27466,Minnesota
1915033663,davidhogg111,1040471,2079,14055,"Parkland , FL"
91651017,fishcaker,476,608,7250,"Heartland, USA"
3022056506,Check6Arms,401,522,357,
101146738,Mab754,1501,1538,6322,"West Virginia, USA"
985320104610095110,NS_MartialArts,14,26,97,
1115456836893802496,mmaacademyonli1,8,107,3,
3540252020,RedRising11,44278,28702,42803,The Good Life #GBR🎈#Nebraska
1113223932016881665,ShotOverShotOut,2404,2883,9009,United States of America
