user_id,screen_name,followers_count,friends_count,statuses_count,location
534881613,Annakhait,334233,1055,41654,United States
736989573201301504,KelemenCari,144654,14197,68909,Texas
877985300466745344,JosephJFlynn1,418385,3537,4774,"Florida, USA"
2497655642,1blantdaddy,92495,18581,14002,Living in every liberals head.
43035019,indacopa,64768,54507,180035,USA
299896657,CassyWearsHeels,43587,32521,26329,United States
17936949,KMCRadio,148671,4327,50104,New York City
519897737,abigailmarone,58343,729,23488,
1011574790044438529,USMC_3,61553,49259,99267,"Arizona, USA"
1320817145975111683,TheMatrixSpeaks,2002,4902,5916,Atlantis
1067003156838662144,FuctupMike,57342,8351,51658,"New York, USA"
19721592,debostic,60336,1532,6566,"Charleston, SC"
1311361219996065793,DAdrian_96,15979,14891,26051,"Montana, USA"
1132919517372342273,Shawna_7777,26521,25271,133471,USA
762389795037294592,TheRightMelissa,534886,2017,53996,
76543481,BorisEP,114359,1768,16143,"ÜT: 40.744258,-73.995578"
406290234,Raiklin,185394,107,482,United States
363883148,dhiggins63,39665,10742,203888,USA
59824455,cToddGilbert,3722,1061,3104,"Mount Jackson, Virginia"
317385247,iheartmindy,247927,11146,40881,"Las Vegas, NV"
