user_id,screen_name,followers_count,friends_count,statuses_count,location
2916305152,Snowden,4555394,1,5168,
1245724701558800384,Hindsfeetinhig4,2705,4514,15632,
1323422033737355266,rudygulianishog,217,423,3492,"Silver Spring, MD"
972569324,GPrime85,62157,976,24503,The Big Bad City
2672615846,TaylerUSA,39987,400,9846,
2388042907,christina_bobb,112612,8682,2008,"Washington, DC"
32503010,JoshLekach,27737,105,30853,"Los Angeles, CA"
1295221238810304514,arielxpink,2621,123,298,"California, USA"
1296641413279449088,invisiblyblonde,3734,310,1392,"Seattle, WA"
1314208972153339909,markusabsent,256,474,1593,"England, United Kingdom"
865236475100704768,working_tg,13755,14058,89101,"Missouri, USA"
3068538507,bendashper,8692,6695,486,
1237239117718548480,Stacey89251336,717,1072,3322,"Auburn, WA"
826065164504006657,mtgreenee,231290,1929,10259,"Georgia, USA"
1881296893,PatrickByrne,199332,175,3543,Inside Deep State's OODA-Loop
330348833,wsedas,1608,1202,26886,Flavortown
1052300623142518784,dylanhartxxx,13630,159,273,"Virginia, USA"
1230048905863290880,benson_tadhg,616,607,9681,North london 
46454132,RussellCochran,1855,2085,14603,"Philadelphia, PA"
601535938,RealMattCouch,542019,113534,323594,"NW Arkansas, USA"
