user_id,screen_name,followers_count,friends_count,statuses_count,location
1021511338265260032,LightworkerCain,42829,842,24718,Desert Dweller
1243032627944157185,ReddingtonAlice,25008,17754,16901,
1130634060286562304,JPedersen_itm,3396,172,184,"Palm City, FL"
211343130,Patriot2048Tb,931,1653,3508,"Texas, USA"
2960473637,BrianClowdus,40393,500,2528,"Panama City Beach, FL"
2717369235,pinkdaisey22,1064,1255,6936,"Florida, USA"
1382159546,SheriffPinellas,26575,310,5725,"Pinellas County, FL"
121532017,stella_immanuel,194620,98,929,"Houston, TX"
14765807,MeredithBrooks,13961,1220,2043,"Los Angeles, CA"
1218401288184049670,VDarknessF,56837,20606,31077,
822146891962085377,permie4ever,1428,3730,6799,world warrior
2812213387,MUpbuttercup,1044,326,19569,United States of America 
953581502666768384,Jwind20,3623,4539,25627,
1329870516,wewaflatheads,1998,2174,840,"Florida, USA"
46613919,entylawyer,87735,161,16682,"Hollywood, Los Angeles"
3231657095,AnthonySabatini,60514,2291,3606,"Lake County, FL"
1193251639530049536,mil_ops,219609,15008,8355,FEMA Region VI 
36528126,kirstiealley,1612429,917,78150,Hollywood
1066864855372619776,gaiafieri,344,278,1325,
1028188319140728833,EYEDROPMEDIA,43247,17234,22056,WW
