user_id,screen_name,followers_count,friends_count,statuses_count,location
1302455531840221186,digi11111,8601,8564,11512,United States 
1337531542114078722,JovanHPulitzer,75099,86,1976,
1261804812183666688,FODBMF,944,922,5654,🤨
208830529,tweetheart717,3401,3280,25708,
1305880588222697472,TaraRenee911,12703,11515,28644,United States
956297297704423425,Dina_Pas99,736,861,5681,"Grimsby, Ontario"
1323752652098949121,_Testy2,15331,13111,14304,
912033338461913088,PolitykaSusan,1015,2687,6357,"Pennsylvania, USA"
3864757516,Heavens_Words,253,1245,13871,USA
2626743747,RileyWhittall,544,219,2619,"Windermere, FL"
1264311566750662658,RealHaydenVic,3112,3052,135,"Texas, USA"
4239551,amuse,61533,1561,2132,"Dallas, TX"
100367836,blackhorsea,15,75,279,
321317643,camrynbaylee,29245,1146,10711,
1230589207791493123,3days3nights,142213,1111,15062,
1082076281154490369,LankaStark,21,137,454,United States
3734608817,StarsStripes20,1502,2162,65858,"Ohio, USA"
1217559748557647872,RealChrisLangan,33682,48,873,
1337757079562555393,iivxxireborn,162,213,160,
1109669644158332928,KayeLynnie,12685,12358,35663,Mississippi
