user_id,screen_name,followers_count,friends_count,statuses_count,location
739863724694110208,RealMFlynnJr,64995,1012,2854,
859082445169332227,CarlGlennMcElr1,3949,3235,919,
324640684,Istand4theflag8,394,1176,599,Hellinois
820100954515210245,ScottJo77866367,2064,2471,23322,United States
899302218137993218,CentristAllWay,2440,4997,19688,Texas
480631707,DARDeb1951,7810,7478,108657,United States
16109012,John_Di_Lemme,11062,770,59381,(561) 847-3467
974723118089588738,Tony49119420,5481,4849,127416,Michigan
1329529398794493952,Kaitlyn4MAGA,174,355,237,
860751908943917056,RealSLokhova,99888,364,23377,
15719232,JanJekielek,61945,3764,25605,"New York, New York"
792096589191852033,themarketswork,150417,745,41263,USA
17091571,DennisPrager,293389,282,18089,"Los Angeles, CA"
270412323,MarkSteynOnline,294364,204,15987,Ice Station E.I.B.
139550237,VDHanson,154060,7,1926,Stanford University
93059852,LeeSmithDC,123956,1539,25000,"Washington, DC"
563712850,VicToensing,184087,29,631,"Washington, DC"
15725659,MattWolking,120465,6359,20129,"Washington, D.C."
45676731,TimMurtaugh,275847,1695,6051,"Alexandria, VA"
1901916354,MattFinnFNC,26055,330,3965,"Los Angeles, CA"
