user_id,screen_name,followers_count,friends_count,statuses_count,location
1178293200907313152,bellamaria1776,34359,264,306,
272064857,vanessacvenus,28982,31119,126650,"Long Island, NY"
1170769183463759872,HucQuinn,22,114,211,
1256038879091732488,Sigurdsword,39,273,68,BEL
1302989738022854657,NancyJ90260311,25,273,443,
12971522,johnpberry,2118,758,311,"Chandler, AZ"
3158568019,henning_love,2948,1502,7161,
3343301896,QBeeBest,2711,5001,7754,"New York, USA"
2203185822,PPDEddieCorrea,1080,254,1687,
1094077705220308992,TheDaneDame13,4614,4037,16757,"Battle Ground, WA"
381235928,LyndsayMKeith,9609,740,923,
294852352,massimomessina1,34105,31588,44015,United States
463813630,ctmather,18159,18113,91113,usa
1300212816205344769,TommyC37964649,461,1701,9618,
191581421,realalexlains,27334,1671,12456,United States
1281191498026008577,dots_po,4749,1049,8057,
1310383350243160064,AaeCitizin,1388,2444,2226,
1273446830400045063,thesavvytruth,32122,63,557,United States
1285608083239006208,CorrectRadio,3970,71,804,"Minneapolis, MN"
69011562,sgtbetsysmith,12510,3829,60786,USA
