user_id,screen_name,followers_count,friends_count,statuses_count,location
823314047831445504,DianeBohallGray,21507,16254,204482,Where God Leads
1219248834846646278,ProjectsGen,278,314,1723,England
1071778323083210752,Ninas1mages,282,320,4386,"England, United Kingdom"
26802666,davegingrich,18779,18022,22255,Great Smoky Mountains
938929581830090753,Peaceful_Meadow,26299,26157,5316,"Maine, USA"
24996451,wrestlerkw7,16099,12494,109624,United States...& 97 countries
1266115283049164803,Patregsj1,431,547,738,Netherlands
3420421481,N1ckSandmann,237097,229,1357,United States
1195084338095960064,BlancoSombrero,12840,44,12790,
2336748419,wokesocieties,47181,744,12585,
981982424618876928,BriEaves1745,4542,152,4391,United States
1060405147526823942,Alex_speaks_,13030,168,375,
1285633550927134720,PrayingActress,39128,549,6062,In front of you | WV
2945287090,RealBrysonGray,208324,12882,60407,"Greensboro, NC"
384478857,txgbnr,4924,4950,41290,"Texas, USA"
869792070466023424,Mamadidntraise,7225,621,17152,
1091245351711981568,Johnjam02545194,2886,366,4976,"Kingston, Ontario"
1210398164878024704,elizableu,36127,2774,16214,Mars 
30540789,montaga,244724,1190,17295,"Bronx, NY, USA"
3788048898,russ_ayers,10824,9449,120668,gab.ai/RussAyers
