user_id,screen_name,followers_count,friends_count,statuses_count,location
1142424032794406912,CyberSecurityN8,9954,1,562448,
1199680326806786048,CyberNews_com,39713,218,527,
1026534424098299904,AmericanCalvin1,323,109,4714,
856288002435420160,codeofvets,355533,205611,133051,"Murfreesboro Tennessee, USA"
2750127259,RepLeeZeldin,331737,1966,4094,
261256582,carterwpage,152991,45,1647,
94784682,JonathanTurley,232996,118,15616,"Washington, D.C."
1196441152486072320,CBS_Herridge,481025,21,1565,"Washington, D.C."
24822993,tracybeanz,512342,989,66911,
1643934410,RemyBuisine,121439,3602,7292,Paris
160534877,ClementLanot,39702,435,33264,"Paris, France"
1353259730,LinePress,21957,3977,3501,"Paris, France"
1122965830348701696,TwistedUpMike,5984,1819,2887,New York 
1067003156838662144,FuctupMike,57340,8349,51658,"New York, USA"
342739663,ExxonMobil_EU,30354,1022,11489,"Brussels, Belgium"
1245809589074964482,JacobBardenUK,2674,814,4528,God’s Country
15309278,BayShoreBooks,5507,877,2776,"Oconto, Wisconsin"
19399033,NorthshireBooks,13899,980,7682,"Manchester Center, Vermont"
38320158,ThirdPlaceBooks,24256,855,9061,"Seattle, WA"
98222986,ElliottBayBooks,23592,3505,16303,"Seattle, WA"
