user_id,screen_name,followers_count,friends_count,statuses_count,location
1337531542114078722,JovanHPulitzer,72900,86,1897,
1334256745527578625,OGJesseMorgan,9382,9,60,"York, PA"
777915898241757184,AllSidesRWrong,1562,592,4582,"Missouri, USA"
755079673487458305,Deplorable__Dan,301,230,777,
746404516786909185,Women4TrumpSD,535,33,51,"San Diego, CA"
716395216723439616,womenfortrump1,580,8,12,
962397254240776192,M_A_G_A_1214,1058,159,1034,"Seattle, WA"
21789755,pir8gold,43007,40673,73560,
20439040,beachkatie,34564,28544,190093, U.S.A 🇺🇸  #Prolife  No DM
729780861940412416,DanielG88705215,1795,2803,100329,So.Cal
957338846882160646,ApoxxGBR,399,604,7354,"Nebraska, USA"
1239353442679885824,ExhaustedNation,70,89,497,
1324500202363998208,lMPEACHBIDEN,272,4,175,
111223756,drefanzor,46848,12795,9553,United States of America
1150623103526899712,resistthedonkey,3312,2507,5806,
951651620873531393,TheGeekzTeam,15965,2771,326,United States
17352229,DaninChucktown,491,399,3193,United States
880036217085210624,sublimeinslime,846,1160,2560,United States
870379338977476608,realfossisboss,183,235,257,
1139029234163245056,Brick_Suit,44177,452,9561,"San Diego, CA"
