user_id,screen_name,followers_count,friends_count,statuses_count,location
1209951777740607488,17R45,2327,2963,35747,Australia
868533711368667136,Maximus_Legacy,40312,97,6346,🇺🇸🇪🇸🇮🇹🇰🇷🇬🇧
1254106881024561153,NationalWHCA,6079,9,0,"Washington, D.C."
840118013324017664,RealStealthSpy,3940,293,372,
1289187183216263168,Phaethon314,32351,574,109,"God's army, vanguard, center "
4312282894,Maximus_4EVR,117348,199,72850,🇺🇸🇪🇸🇮🇹🇰🇷🇬🇧
104850722,DocWashburn,22298,12885,776404,"Little Rock, AR"
1324579241430798339,BrianTh37895972,29142,381,15146,
1268364967360815109,NoClutchTruth,20116,1145,12023,
84734681,NatyLiy,15714,1039,54112,"Texas, USA"
148991533,AmericanREI5,4075,1275,4545,
865095797431427075,We_Have_Risen,53551,5563,21188,
1322693567765237761,EzraACohen,106958,61,59,Pentagon
1313536464022646786,WarClandestine,25810,49,187,
1099596854969262081,SnarkishDanno,31318,31578,42560,Seattleish
1237092192511918080,QTEAM1776,3190,1492,57855,
1133781254959239168,SenMastriano,191279,810,896,"Fayetteville, PA"
187680645,LLinWood,906744,8105,13441,"Atlanta, GA"
704943112217608193,MattBraynard,164615,76,3856,
1151484481603297280,RichHiggins_DC,43457,695,11843,Washington DC
