user_id,screen_name,followers_count,friends_count,statuses_count,location
1334300969266507782,BobbyPiton3,117707,66,1662,
19738104,TaylorRMarshall,83766,263,4439,"Texas, USA"
454232867,SGTreport,169274,602,82257,
948688862,kenningtonsays,38185,10157,38930,haley.kennington@protonmail
1313536464022646786,WarClandestine,25809,49,187,
240760644,RepGosar,148755,4499,13612,
6782762,ali,215657,1894,30280,United States
291328339,JackMaxey1,45518,525,7699,
125128723,RaheemKassam,344216,2149,20505,
165039823,Peoples_Pundit,225119,5266,82516,"Florida, USA"
779476491092434944,Pismo_B,118720,59362,206024,United States
28628850,greggutfeld,1761114,699,27351,I am here
50769180,IngrahamAngle,3980390,360,46378,DC
1270531866634878977,RealTina40,214857,763,2956,"Bronx, NY"
19026201,BobbyEberle13,34087,23847,11717,"Houston, TX"
19742034,AlexMarlow,42531,95,4685,"Chappaquiddick, MA"
2411942305,ChristianWalk1r,147661,400,10120,IG: @christianwalk1r
1039262168913506304,rwarmsltd,225,119,1463,"Fort Worth, TX"
17629860,FBI,3136039,2131,14464,"Washington, DC"
1238934091963269120,digwarrior4kids,18223,1238,17823,In a bunker writing book #2
