user_id,screen_name,followers_count,friends_count,statuses_count,location
26705006,STAUNCHWEALTH,45292,47821,5892,
1113828669426950144,maga_supporters,2269,5000,5039,"Boston, MA"
1249538761051926528,TheTiscoming,5116,4506,21292,
1229836300804665344,OptionTraderUSA,1141,1335,11,
508998025,BethanySophiea,11718,12220,39397,USA
44385628,gregkellyusa,286451,1463,2992,
729676086632656900,TeamTrump,2437883,132,30719,USA
1239229116622266372,PS__Patriot,29442,18004,19304,United States
1314703570822930432,RealRLimbaugh,631341,1,130,"Palm Beach, Florida"
20545835,newsmax,918185,573,106707,United States
770781940341288960,RudyGiuliani,1337414,545,3327,"New York, NY"
58579942,mattgaetz,866733,2707,14441,Order FIREBRAND!
1260648043151384577,FogMidge,165,0,0,
940409602155282432,FogCityMidge,107556,3034,6768,"San Francisco, CA"
778763106289758208,JennaEllisEsq,881388,1279,27835,"Washington, DC"
372372537,AlanDersh,339232,143,1653,"Cambridge, MA"
187499098,Wolfmansblog,5299,246,15850,
1221387786319564800,teleconsensus,246,255,46,Cyberspace
888534062088024067,KB28216647,2321,4996,24028,"Bel Air North, MD"
967289146225168384,hotsmartfy,907,2412,19224,"El Paso, TX  USA"
