user_id,screen_name,followers_count,friends_count,statuses_count,location
1337531542114078722,JovanHPulitzer,73294,86,1938,
182172898,BuffiePurselle,11473,1990,16214,"Atlanta, GA"
23722944,IamEddieO,881,713,555,"Baltimore, MD"
2318165929,coffee_anytime,3199,3443,46609,"New York, USA"
4310770282,BobRmhenry1,18959,18223,83786,Peoples Republik of Kalifornia
116374232,kpeezy_86,316,244,5104,DC
1254219897208541184,serenabknight,77,394,1141,"Florida, USA"
406290234,Raiklin,185382,107,479,United States
729676086632656900,TeamTrump,2437883,132,30719,USA
953458646997807104,GKirschenheiter,41342,201,236,
25931310,braunwyn,28689,81,748, Newport Beach
176489220,GizelleBryant,107259,81,4391,
511415135,RHOATL,16735,21,1024,"Atlanta, Georgia"
511391234,RHOOC,7339,26,435,"Orange County, CA"
4670616708,EmilySimpson_OC,82102,207,3782,"Laguna Niguel, CA"
202918529,RHOBHFans,27437,172,7085,
2795404498,PVeritas_Action,248059,710,3158,United States of America
16989178,JamesOKeefeIII,1024090,1325,17857,New York
711938088927268864,ParentsMovement,274,39,1106,
890090388052217866,ColonelKek45,1648,3435,31377,Kekistan
