user_id,screen_name,followers_count,friends_count,statuses_count,location
2352629311,HawleyMO,489587,990,5069,"Missouri, USA"
141838723,mvseven7,7138,7219,8417,CA’s🇺🇸Finest city 🏝🏖
1310860081433513984,Will31819857,637,1167,15990,
1223539032056946688,AussieInfidel68,2425,2315,9137,
1332726027659915265,janicem64373197,2670,5002,1145,
333742569,joevets4u,3258,4986,4435,"Grants Pass, OR"
1317630160724787200,shannon20929896,3072,4979,1155,
276589370,Carrie_2100,2126,2141,3447,Alabama
143877635,vharshaktn,634,2877,1163,"Soldotna, AK"
1341134574210998273,MagaGirl4Trump,1459,1718,652,
1317699827476647936,KnightenRene,803,1566,684,
1251462647536590850,Tami13807576,4936,4885,8263,United States
1293480646128439298,vuka84397343,4174,5000,61843,
1331067334514110464,paulncrissy,606,955,3977,"West Virginia, USA"
990061710508638208,beth_luciUSA,180,559,2204,"Las Vegas, NV"
1283567272368513026,immaLetuFinishh,2659,2771,929,Biden’s Basement
1257331954258792451,bar_loo,1659,2086,6392,
989207710406266882,KMJJ_Enterprise,5313,5781,7252,
903057412055195649,DeplorableLeen,3442,3318,21697,"WASHINGTON STATE, USA"
1250046846417936384,RJAY87130670,1173,2001,5933,USA
