user_id,screen_name,followers_count,friends_count,statuses_count,location
1157277186988171264,DanielsCongress,37152,1681,697,United States
14221620,RattlerGator,58902,3475,123940,"Tallahassee, Florida, USA"
33608041,ksorbs,494120,305,18127,California
759081003168112640,jonvoight,512963,9,90,
1881296893,PatrickByrne,198888,175,3536,Inside Deep State's OODA-Loop
1303359870930952193,RMrlarry,2236,4321,1681,Kentucky
1150818278350045184,Magdalena_USA,6313,6921,25767,United States
1269409906458755075,jodiecpa61,1977,1912,2853,"Ardmore, OK"
1259963457060900866,ChristoSwart18,775,844,2236,
2660110448,pluginreplace,2462,3682,7454,United States
28851241,Phil_The_Aggie,15516,17003,14031,"Texas, USA"
1186625826,FarRight1_2,47631,21907,102352,
1288894380733009932,JamesKicked,2379,4996,456,GREATEST COUNTRY 🇺🇸 🇺🇸
24431556,GeorgiaLogCabin,87930,69064,80296,"Georgia, USA"
1079129376724144128,CaliforniaStump,1910,2972,19976,
935942321756966912,RealAmVoice,94685,1134,10490,13276 East Freemont Place Cent
1317513407881486339,NautPoso,11175,921,5313,
1324579241430798339,BrianTh37895972,29582,381,15181,
1323585990578130948,CarissaKeshel,19765,58,198,
808080314,rumblevideo,43282,56,8247,
