user_id,screen_name,followers_count,friends_count,statuses_count,location
60534757,Pipewrench56,974,1552,44430,America
1289597575486746624,THEPUNI42195814,41,52,104,
1358498928,Planet7x,1759,17,142,USA
1297970100432232457,NiQolePatriot17,1348,2315,26147,
1343612848224792580,shaunam30727213,15,80,307,
1316218894927888384,PepeNewsNow,57144,2073,9772,
1258911145789980673,qpatriot82,49,122,456,
1150287899868327936,PatriotQJr,301,262,4706,The Great Awakening
137511836,luisjr40,6333,5988,33486,"Charlotte, NC "
2315583427,EntheosShines,174880,66053,164856,Made Drudge 263 Times Since 08
1318463341677993984,richardgibb8,56437,1442,3774,SLAVES NO MORE 
825090080670961664,badtrumpart,253,69,3618,"Macon, GA"
93307778,BusyElves,26892,2809,18927,North Pole USA
1297715474902417408,AmericaWins20,4254,4923,8505,
1276098714520686593,Danny_Dark_O,8221,725,13715,
824673820686643200,CombatLVL,11816,1017,10378,United States
1259576009541681160,ice_qued,1188,772,4687,
154243839,Read5000YrLeap,1459,1152,14703,"Pennsylvania, USA"
850348448,TiKiNMs,3716,4890,15666,"Mississippi Mud, USA "
1220823217453051904,amandaj56140305,2881,1924,29351,United Kingdom
