user_id,screen_name,followers_count,friends_count,statuses_count,location
149681153,jbinnall,117190,1114,1593,"Alexandria, VA"
484653715,hotheadchamber,16633,16633,34924,Global ☆
454190260,Lukebenjiharper,205,429,1943,
1237512940691107840,Hasuroma13,113,0,1917,England/Canada
331020289,jessiprincey,47517,411,8323,"Dallas, TX"
1318131069862830081,touhouLW_Global,18498,0,103,
1212789005370060801,arcobalenotv,1662,1753,2527,
1336422340851326977,thefish48035192,1292,3373,284,
2411942305,ChristianWalk1r,147665,400,10121,IG: @christianwalk1r
1231260775362154497,Spare_Me_Ur_BS,1740,20,1803,
1101526660397047809,mad_agility_,1953,2850,6050,Patriot Country
1237612672373248000,Rothbard1776,172455,358,10990,The United States of America
91478624,Forbes,16477253,5220,262373,"New York, NY"
1217576941290545152,PeaceOn80435224,495,493,9041,https://wego.social/Alleanna
124945134,ChefMoji,1149,4939,2822,Mostly Earth
1314703570822930432,RealRLimbaugh,630992,1,130,"Palm Beach, Florida"
165039823,Peoples_Pundit,225110,5267,82508,"Florida, USA"
3047722897,realMikeLindell,393472,9560,2373,"Chaska, MN"
826065164504006657,mtgreenee,231124,1928,10255,"Georgia, USA"
1193251639530049536,mil_ops,218867,15007,8354,FEMA Region VI 
