user_id,screen_name,followers_count,friends_count,statuses_count,location
700032846,SnowDayCalc,9225,1,209,
769739202963517440,AFunnyValentine,34903,35104,153169,Gateway to the West
49732083,DavedaGruber,25408,23923,137558,PA
1165398811008819200,LindaLiberty9,24732,17620,222086,USA
2521755565,ricwilsonjr,587,807,34988,
759933883622236160,1776_punisher,45506,45718,88519,I live rent free in your head 
2315698776,mchooyah,401349,3307,11256,
275276082,Thomas1774Paine,307162,53164,177485,Muckraker at TruePundit.com
2950103415,AnBeOnd,67836,67073,178675,
386886622,djaycameron,26438,672,876,
832713490213134336,real_jamielshaw,19352,106,2694,"Los Angeles, CA"
21829541,NRA,896444,1087,19885,"Fairfax, VA"
523248016,jsolomonReports,866238,374,9202,
877985300466745344,JosephJFlynn1,418272,3536,4773,"Florida, USA"
1151532573501399041,cummings2020,26755,7379,2643,"Bronx, NY "
2730264319,EricMMatheny,141358,106374,177730,"Broward County, Florida"
254820047,TAlanHorne,75610,66753,24115,Utah
25029495,pulte,3060500,307,7891,Love
83251991,poggydoggy,13064,13148,85675,USA
912617985084465152,leroy_pompell,14264,13821,695,United States
