user_id,screen_name,followers_count,friends_count,statuses_count,location
166152189,CharMeckEM,11340,390,2510,"Charlotte-Mecklenburg, NC"
18486881,femaregion4,34438,438,7285,Atlanta
86582499,AllJimRogers,73857,9916,869,New York City
2566535282,Conflicts,285632,1350,58893,
821777383233617924,voevoda_satana,974,159,2122,Syria
784408134681038848,PowerOutage_us,6043,470,618,United States
65616414,L0gg0l,12368,2915,41002,Germany
1016259939541618688,SOJTFOIR,25999,670,1227,Iraq/Syria
789303014192402432,StratSentinel,91732,726,12279,
