user_id,screen_name,followers_count,friends_count,statuses_count,location
1336756269567385600,EbrimaN53950884,6,543,3,
15384969,JRehling,101532,47373,88273,Δx Δp ≥ ħ/2
1284231554655416320,GrannyRebel,4523,4713,15786,Ca
947141559975317504,KimWhiteSongs,4011,3120,921,"Maryland, USA"
145515742,ForgottenDoor,7522,6575,1296,"Las Vegas, NV  USA"
1324264954220945408,BoweGabrielle,59,366,143,
1019678363969974272,LBuckingham,15136,0,233,
1012109886,fleetwoodmac,246174,3,268,
235236313,StevieNicks,330668,99,386,
2548844174,MickFleetwood,50380,6,342,
800285348261556224,WeDontHaveTime,78996,55108,15397,Together we are the solution
24611702,LoveNotFear42,376,505,7782,
857758351509266432,TheOrville,84577,150,8982,
1248747785609826304,CirrocL,12155,47,337,
1164702999999963136,Grudge_Cat,12441,154,350,
1812055789,CodeMonkeyZ,509984,396,4103,
74201997,ChrisDoohan,22509,1932,4911,Thousand Oaks
15443224,roddenberry,37190,971,11573,Los Angeles
1311791698134138880,Tre45onousTrump,36,93,443,
42273370,Sentios,466,495,20211,United States
