user_id,screen_name,followers_count,friends_count,statuses_count,location
206907313,Mjkdragonfly,1456,2658,793,
1306712213588189184,Ariesangel01,843,1311,2105,
1241144761496621057,Countrygirlswi2,2955,4956,6391,
1274748847131164672,TGuru650,3454,4685,4856,"New Jersey, USA Swamp Central "
1278355711618158592,MAGAmusic2020,2755,2933,5071,North Carolina
1316595714164752384,TheLibertyWarr1,8035,853,1572,
1261333509492350982,RobertChernin,9129,9284,1651,
801563783751532544,Skillsetmag,7442,736,3196,
283303356,clarajj4,11297,10984,1658,
1127369304209420288,Sewist5,9543,10135,14182,
1246647487,mohamin34,1961,5003,9593,
1269327132058058752,ForgodC,198,388,990,
1301194611939975181,TRUMPatriotB,2814,4302,14813,"Echo Park, Los Angeles"
1049946396592345088,Jry123456,10115,9870,5446,
940243920,carolynallgood1,2113,2629,1890,"Louisiana, USA"
1263929304833908736,DJTGOAT,21089,21374,57347,United States
22339165,IDFSF217,68981,69218,1309,Dar al-Harb
1181156368809627649,strain_dr,3999,3368,322,"USA,CA,AUS"
127527686,MrMonkfish,11708,12019,3153,United Kingdom
792945241720442882,NutherNobody,5583,5651,3253,
