user_id,screen_name,followers_count,friends_count,statuses_count,location
1312113659557150720,MarMar19722624,132,655,4205,
15503210,Antiwarcom,46831,6282,57527,San Francisco
1289551844780335105,apf_nyc,2411,302,3878,secure bunker location 
1310774293593313281,sun_lion1111,2705,1564,5502,
869756246223503360,Intermittent_IQ,1468,2313,5625,"Arizona, USA"
375721095,Breaking911,833415,0,302,Nashville
1298415862052007937,TheOnlooker18,12021,1106,69833,
1460038886,RevengeBunny,4486,4975,150309,"California, USA"
1029094268542099457,Lancegooden,70494,377,981,"Terrell, TX"
878239454313447424,Stop007now,4881,121,9388,International
47228656,_Erin_S,940,808,9769,United States
20953609,W_w_g_Q_w_g_A,417,951,1733,
1256718394663096320,ZNeveri,13965,14,5719,
253637278,_YvonneBurton,14765,2064,606286,"Collierville,TN"
788102268591538177,Time4U2Know,49877,1570,14822,United States
604785353,chadabizeid,23968,300,8896,"New York, USA"
1268010618726072331,SeanCordanon,74435,10988,23587,Utopias Ghetto
2316489986,22kAnnie,557,4997,11,
930997219,vonmauro,1016,2655,111,"New York, USA"
