user_id,screen_name,followers_count,friends_count,statuses_count,location
1310336568704425984,DEFendFURiously,6501,4222,11290,
370122957,DrPhillipsMD,102251,1180,3889,"Washington, DC"
732560662916825088,kathy12985,19235,17666,11297,
1323730225067339784,Transition46,1237779,49,263,United States of America
1298372735383605249,RonGOPVet4Biden,21831,336,13048,Florida
1276674375479996416,LilyyAlexander,15097,86,291,
1221242033530195970,ReverendWarnock,561062,843,1971,Georgia
188061519,RealLyndaCarter,183613,991,4415,Maryland
1266775924894134272,badbitchinaz,23491,22597,61414,"Scottsdale, AZ"
1093619068148559872,gretchenwhitmer,117457,50,284,"East Lansing, MI"
39734611,Saisailu97,27530,6410,103525,satan’s lair
1314027964552667137,KevinFl10795096,19,9,45,
827494604144537600,PatinkinMandy,253114,115,2166,"New York, NY"
1264890456070139904,claudiamconwayy,569412,47,225,"Washington, DC"
42451620,danjlevy,903818,716,13015,Schitt's Creek
16581604,MikeBloomberg,2759650,561,12913,
793902637733146624,EdanClay,75334,46124,59035,"California, USA"
260759782,DouglasEmhoff,739705,886,3735,
1250150005765267456,sinnndy1,9678,9885,26339,Illinois
14824849,SteveMartinToGo,8784630,342,558,Cloistering
