user_id,screen_name,followers_count,friends_count,statuses_count,location
1033416172614680576,THEREALMAGADON,645,1329,605,USA
799906103333179394,TinaNicoleB82,73,682,1702,"Auburn, MA"
805862640782217217,America1stMae,29942,31251,97322,United States
742007817364602880,diegohughes101,20640,19036,3560,Arizona
3182205378,Robynmonty,36802,34643,98088,Nevada~
875189851565502468,MichDeplorable,58038,43375,5804,"Michigan, USA"
785836889974644737,PutIdentityHere,40181,37293,5507,
3238353269,Natureissoscary,245063,250462,5228,
1093774442264707072,VincentCrypt46,299498,913,23881,"Pic is edited, edited for a reason."
1887036884,KillerBeeShow,2358,2457,15526,WOVV 90.1FM Ocracoke Island NC
122820598,1mom2boys2girls,1057,1686,5691,
1016183664412151808,FredWhetzel2,2182,4957,2663,"Virginia, USA"
79583814,PhillipGilliam,12712,12494,7646,Texas
1291396699697618944,catholictrumpbk,2315,4730,472,
1240364159017066497,CommiesGoToHell,4000,4567,24868,Flat Earth
4567984103,HeatherThatche8,32,171,150,"Delta, OH"
4113413953,BalanceBeam100,760,944,8678,
109579534,EliseStefanik,382520,2033,11369,#NY21 
806344552718045184,drsimonegold,252581,75,358,"Los Angeles, CA"
1270484814135791616,Jenni_Risden,296,949,11606,Trump’s America🇺🇸
