user_id,screen_name,followers_count,friends_count,statuses_count,location
179932936,HulkHogan,2259774,220,29379,"Clearwater, FL"
71339449,RicFlairNatrBoy,1101764,759,7629,
192729852,Andrew_Gribble,28249,924,31914,Cleveland is the city
57982473,JerryLawler,1430107,772,23714,"Memphis, TN"
862071500,billwillswtam,4645,757,13189,"Cleveland, OH"
3331681,progressive,75785,7349,22877,"Mayfield Village, OH"
510322989,BrettFavre,355511,147,1405,
34722543,dekker,264097,736,5529,"Sheboygan, WI"
1303728377132544000,college_bowl,138,1,8,USA
1043542615,JCTretter,18473,28,199,
2747419124,MrsHolley4,159,106,934,"Minnesota, USA"
22703645,TuckerCarlson,4634855,97,4044,"Washington, DC"
328726306,Rharr_15,67649,2894,25713,"Tallahassee, FL"
834518417348689920,ClevelandBeard1,169,239,1612,
232901331,dbongino,2866242,861,74934,"Florida, USA"
1209936918,OANN,1730474,78,132062,
246500501,GeraldoRivera,376350,938,13341,New York City
875856268056969216,DC_Draino,444360,391,6410,IG: DC_Draino
43775786,stoolpresidente,1919682,1308,84534,Boston
896766343,THEMrsWar,108,2028,325,"Fort Polk, LA"
