user_id,screen_name,followers_count,friends_count,statuses_count,location
1237911282440982528,DHarshbargerTN1,8645,512,346,"Kingsport, TN"
149681153,jbinnall,117265,1117,1593,"Alexandria, VA"
1242534200634478593,RealPNavarro,118569,10,428,"Washington, DC"
2525939006,canadiangirls99,53665,6421,8745,
967806961164185601,Johnheretohelp,112968,4199,19057,Just Outside My Mind
187680645,LLinWood,911716,8103,13441,"Atlanta, GA"
1100153767708819457,SandySmithNC,21159,3850,1000,"North Carolina, USA"
1112724144427139072,JamesBradleyCA,39960,1940,3905,"California, USA"
1029094268542099457,Lancegooden,70555,377,981,"Terrell, TX"
1288319695658135552,realstewpeters,62838,83,1362,"Minneapolis, MN"
1275437942257811457,realryanhartwig,41501,8675,7479,Arizona
1021372234970148865,BobbyFr07605059,124,494,12971,"Brookshire,Texas"
177633498,JRdowninTexas,31393,31758,30505,"Texas, USA"
1881296893,PatrickByrne,198747,175,3533,Inside Deep State's OODA-Loop
968526709917134848,TomNelson22,14373,10799,3007,"New York, USA"
1336382384539803649,KingSolomonJed1,1776,2166,886,Buckingham Palace
19415893,RobHerring,74079,75,685,"California, USA"
1330274087218851852,PhillDKline,89553,212,353,"Amherst, VA"
19149039,DavidShafer,65681,280,2940,"Duluth, Georgia"
1197202009973231616,StrategicMelis,17285,5872,13367,
