user_id,screen_name,followers_count,friends_count,statuses_count,location
1337531542114078722,JovanHPulitzer,72540,86,1892,
3320478908,Stranger_Things,3058755,68,7273,
715177919438577664,TheCrownNetflix,211001,53,1557,
1660865102,WorldHaunted,8400,8321,768,
3188974160,OSParanormal_KS,5612,3066,2800,"Kansas, USA and beyond"
1967013500,psycathyroller,38535,39343,1117,"Atlantic City, NJ"
3171022243,TheDeadFilesTV,64766,9,695,
22167056,earthskyscience,864663,342,28500,"Austin, TX"
1264500446489698309,Witchy85P,2575,3608,38782,
776793266,GHStaigle,4334,4804,16467,Texas
74303349,MarkFinchem,54558,1383,3755,"Tucson, AZ"
3018960919,RebelNewsOnline,209022,17256,39754,Canada and the world
20878297,ezralevant,251056,1850,160255,Canada and the world
3115678678,EnglishHeritage,197943,470,31830,London
1219377021685395456,WhipLash347,53816,8271,10858,
2847221717,DNI_Ratcliffe,429364,859,29,"Washington, DC"
563712850,VicToensing,184084,29,631,"Washington, DC"
1544653724,lofly727,101255,15802,20764,
934698571,BpoolWebmasters,1256,625,1341,UK
1231932979263549440,pictures1441,7035,5673,518,on your mind
