user_id,screen_name,followers_count,friends_count,statuses_count,location
704853530981462016,sl_patriot,4880,5370,112297,
1254556114982756353,politicamil,5098,5488,2593,United States
4878696827,pinehurst_trump,6593,6673,2541,
2998912851,GregBoucher93,21422,12154,24147,CT
3430365809,rod27601,177,225,8805,
1179867852,RacingMendoza,833,3742,3269,México
1466546456,MalayaRamsey,497,109,6654,United States
1281266878908977157,CommonSense2076,1759,1958,2789,United States of America
28273986,Paulos1,1316,2617,748,
894277580593000448,LesTemplar,1579,1968,63480,NWO☪️= genocide against ✝️☦️🔯
744682544096940032,lindatruetexan,353,941,29086,
219325896,ciara_nicole777,322,493,4281,"Murfreesboro,TN"
1296186407455797248,BobbieJ8486,12948,10321,3258,"South Carolina, USA"
1271881354880442370,QouBou,6449,2729,29913,
303356417,No1BoomingUSA,9119,10026,21521,York 
39353497,bailbondsman1,3643,4694,9448,"🇺🇸AMERICA 1st, US CITIZENS 1st🇺🇸"
1897416668,mikemcbride0257,1829,1416,25603,"Texas, USA"
373691559,preheat_2_420,1835,2909,11428,Steeler Nation
347914871,dicemanyo,2050,1204,12576,
1275457708305481728,Trump4everR1,2945,3544,29796,
