user_id,screen_name,followers_count,friends_count,statuses_count,location
22134126,moe30,5765,6290,16621,Somewhere in the hive
1237861354977087488,1st_ForceRecon,17101,17742,26443,"Phoenix, USA, Earth, Milky Way"
1245734649286066177,SuePs91,15496,15389,22764,
1122603270810288134,DaNLTn52,4683,4972,3311,United States
1166759493063106560,TAMMYDIEHL10,10375,11068,30968,Texas
40901611,seanastevens,4131,702,1415,"Saint paul, MN"
39970349,uniquelywritten,30633,30804,46980,"Alabama, USA"
1149086990,TexasPatriot50,33697,33294,27619,USA
183471112,hottestcatlady,9257,9980,50849,"Swedesboro, NJ"
1190736924576800769,brenterroriz247,10909,10322,8940,Chicago
44784439,mwpeaceoff,4421,4203,3974,
1081789781271629825,LoriHare8,4792,5219,16219,United States
1219960459593383938,q2_warrior,2023,2443,5521,
4032710543,shannon4412,1592,1854,1977,"VBeach, FL"
1242925573732696067,SeanCohen5780,4879,5135,4497,
86985451,daisyinthehouse,16898,17444,44736,"West Virginia, USA"
1078707039810002944,cassity_n,2039,2044,72143,
823238195508719617,DeborahBrookeA1,14151,15294,28054,"Harrogate, TN"
44672556,454US,130291,95942,125074,"New Rochelle, NY USA"
1027950924176732160,oneforeeachofyu,1507,2974,7537,"Illinois, USA"
