user_id,screen_name,followers_count,friends_count,statuses_count,location
340399938,bigschembo,258,767,45774,
106638316,_DandyDyke_,94,366,6685,"Boston, MA"
3255678006,grandmagrit,38893,549,5208,
18839937,Popehat,260573,1155,202519,Los Angeles
822215679726100480,POTUS,33299899,39,10996,"Washington, D.C."
117501995,SenatorCantwell,250535,2256,9394,"Washington, DC"
293131808,PattyMurray,458236,2414,19587,WA & DC
92186819,maziehirono,479062,1537,6456,Hawaii
247334603,SenatorDurbin,684578,2398,18613,
242555999,SenWhitehouse,432114,1899,15589,Rhode Island
150078976,ChrisMurphyCT,999773,210,23945,
278124059,SenBlumenthal,693540,985,15196,"Connecticut, USA"
476256944,SenFeinstein,1499129,224,11364,California
72198806,SenGillibrand,1606265,1088,20266,New York
15808765,CoryBooker,4806878,89993,66717,"Newark, NJ"
33537967,amyklobuchar,1371035,135928,12979,
226222147,PeteButtigieg,3060577,2768,12660,"South Bend, Indiana"
357606935,ewarren,5395237,559,11144,Massachusetts
939091,JoeBiden,22104483,45,7046,"Wilmington, DE"
956004746065797120,CiaraSpeicher,137,1228,89,"Archbald, PA"
