user_id,screen_name,followers_count,friends_count,statuses_count,location
1273733854168301575,Pryme306,12136,234,5903,
1299089280422170624,Pimpy15941740,11260,131,1804,
3353682310,jen_mccarty,7070,325,2382,avalon
20015311,rickygervais,14503332,1485,64135,Earth
928587764530065408,SnowWhite7IAM,45282,590,70529,Everywhere
989546854118440960,LauraMagdalene4,53607,176,2833,
3940871,AwardsDaily,32271,4054,8477,Los Angeles
1264252459515547656,QohnG,72508,756,1580,4-10-20 
2605515721,charliefreak1,19228,2031,12516,Mexico
396868550,BeNosey,95100,6829,43755,London 
449974837,JohnMappin,164068,6214,48905,"England, United Kingdom"
1235263195901722625,CoronavirusFor,34180,4964,3254,
984537447525691392,John_F_Kennnedy,427062,10711,6539,
1173876025266229248,DrCharlieWard1,29264,343,430,Marbella Dubai Singapore
2687954641,TJHproject,32684,5753,5586,"Tennessee, USA"
90480218,RichardGrenell,710250,2699,10470,"LA, Rancho Mirage"
33608041,ksorbs,492894,303,18127,California
375721095,Breaking911,833416,0,306,Nashville
47293791,w_terrence,1206515,673,6183,United States
528316812,Mrtdogg,15166,15203,26420,
