user_id,screen_name,followers_count,friends_count,statuses_count,location
2417586104,SebGorka,1076298,4672,87380,"Washington, DC"
15729784,mattsheffield,33669,1123,36497,"LA, DC, SLC, KC"
58998365,kjax13,28,199,76,
2804734538,tleytze,12,30,4,
270923413,CincyWatchdog,709,1168,25917,Cincinnati
241382835,prattprattpratt,7930096,477,4148,
3533337022,BrianSheridan19,12,84,1,
40891771,WhitlockJason,437765,524,53844,Nashville
46233559,rosemcgowan,1022334,5361,14408,Planet 9
713733336112500737,JeremyTate41,23514,2989,4895,"Annapolis, MD"
267271194,jdmpwrd,291,575,2029,ohio
34900333,jennajameson,848868,15630,50046,
1248671849518694401,CincySports11,1941,4904,1860,"Cincinnati, OH"
1267260770322190339,80_wild,375,805,653,Worldwide
31015297,OldSchool80s,179589,356,24458,"Shermer, Illinois circa '80s"
1275510206831656966,CJRi66062984,46,147,227,
802041431523205120,chef_hev,813,1397,381,Earth 🌎🌎
1189326285052567552,Cincy_Stuff,329,957,117,
859506776986841088,SubtleBoobs,14779,3728,6095,UK
1018627848,JimBelushi,107335,231,1124,
