user_id,screen_name,followers_count,friends_count,statuses_count,location
1040118106574577664,thewoodtiger,1437,3477,2996,❤️⭐
934842739358928896,tsawyer03,193,743,384,United Kingdom
1636518230,Liberty_Lad1,67,485,531,United Kingdom
1318449554,eos_enemy,572,411,5601,Virginia Water
1172920374,DaveKeatley,7823,4898,3181,
842483749,timmcdonough56,113,871,3154,
1009485565975322627,annieabudhabi,79,306,876,Abu Dhabi
400103414,ErinElmore,10186,1406,1923,"Jupiter, FL"
777231703572094976,BeechingCliff,4940,5292,9293,"English Midlands,Great Britain"
1292702964436684800,Berumster,14430,12225,7131,Mostly Twitter Jail 
244973299,johndmtb,8857,8583,267486,South Coast. UK
1295833337450332160,CrayonVille,6155,5909,2674,
1284552277953581057,cwap9031,65,226,173,"South England, UK 🇬🇧 "
2651778139,MrLilburne,2097,2209,1525,Global
282392790,RobPaul,3568,22,416,"East Coast, USA 🇺🇸"
841184994605355008,Eve82140453,5197,4665,78865,"NE England, United Kingdom"
1207836813655707649,Michell36595237,2122,2176,4248,New Hampshire
24333130,DrShayPhD,120246,68273,103765,Florida
1277005418250874880,AndBurbridge,2340,4536,6474,
882746427658575872,annieka77,6340,6426,66562,"North Carolina, USA"
