user_id,screen_name,followers_count,friends_count,statuses_count,location
1268240789219487749,HeWasntJogging,6713,208,2286,
27107126,kyledunnigan,77735,28,1612,
61283362,TimKennedyMMA,315463,304,15813,"Austin, TX"
18166778,Jim_Jordan,2014638,3981,4755,"Washington, D.C. "
930552552302792705,DanCrenshawTX,1143711,821,2291,"Houston, TX"
27000730,Timcast,820138,787,9050,"Washington, DC"
57441414,ZubyMusic,338401,2651,92250,"Southampton, England"
104969057,IanMcKellen,4101595,796,2692,"London, UK"
602317143,SirPatStew,3617599,212,1466,
19029137,BrentSpiner,1423394,269,19640,"Malibu, CA"
18396070,levarburton,2041721,910,16786,"Los Angeles, CA"
47786101,RobertDowneyJr,15605704,62,694,
237845487,GeorgeTakei,3209779,937,67478,"Broadway - New York, NY"
15227791,WilliamShatner,2535523,610,102803,"Los Angeles, CA"
370505925,sourgirltorn23,43,322,1074,
67609471,not__vee,8375,54,20379,
28422142,iamcolinquinn,538136,833,32404,nyc
35184346,normmacdonald,1154468,762,18705,Los Angeles
19695929,NickDiPaolo,107483,316,2307,Georgia
3199033084,Arch_Christ,12958,81,3053,
