user_id,screen_name,followers_count,friends_count,statuses_count,location
1246440482760085504,StellaMoris1,40321,810,1633,UK
1201242798126555136,MrsC_Assange,62385,3097,4677,Australia 
815393683335806976,MarkBoeing787,97,33,7526,"Americas, Asia, Europe"
837487095430201346,DonTrumpAkbarr,363,768,7716,MAGA Country
957661774605574144,CJHair3,63,109,7,Maxine Waters Hellhole
1115825375987281920,sicsyde,37,96,1468,"Fruitvale, CO"
21269372,StephenLawson_,11017,753,1924,
221976147,suzy1493,7996,2758,38625,"Glendale, Arizona"
33850911,Re_Folk,6456,653,4290,"Riverside, CA"
924701300788531203,OAN_RBLX,2138,12,496,United States
1314703570822930432,RealRLimbaugh,630710,1,130,"Palm Beach, Florida"
1123792707254665216,DailyLimbaugh,28409,3,673,"Cape Girardeau, MO"
2973271588,HFsHFries,4470,362,31772,
533199190,HomeFreeHatGuy,16349,91,4434,
33795647,HomeFreeGuys,54366,1442,7555,"Nashville, TN"
233033586,TheAdamChance,13413,1057,4616,"Los Angeles, CA"
2241605250,AdamHfbeatbox,18436,18,28,United States
59701801,RobLundquist,23580,1233,4866,"Minneapolis, MN"
1944851455,_theAustinBrown,26012,662,3553,The Road
58605466,TimFoustMusic,33016,840,5428,"Nashville, TN"
