user_id,screen_name,followers_count,friends_count,statuses_count,location
248348305,teerob831,3456,3482,1655,"Mississippi, USA"
2716096566,AflLadder,1295,46,1464,Not the AFL. Nor Channel 7
901273920501940225,OnnoleeCarter,2730,4230,25896,"North Carolina, USA"
818124498859913216,patwest47,10183,9971,110731,"St Petersburg, FL"
3040597194,AndrewY87296210,396,304,2274,mixing it up at Ulamambri
1019282433273942016,Richard92344545,1935,2670,6689,"New York, USA"
722592894880587776,kevinkc5757,30073,31887,62788,#AR
3396027933,pennine_rainbow,2729,4994,31529,Pennines-County Durham.
769870028204220417,USABookClub,22211,16247,116404,The Heartland
1268041254,BirdBrains4U,3665,4990,8311,"Louisiana, USA"
3006081057,LevinTV,331236,8,3974,Undisclosed Location
1609476776,RepublicanFund,28647,1169,2502,
15378041,VirginAustralia,289629,401,128179,Australia
248232279,alperaltun,470513,385709,12534,"İstanbul, Türkiye"
1004301759291052035,tndixiepicker,127,227,482,"Lebanon,Tennessee"
984154248433762304,Wills_Place,77312,77164,75476,Mid-South 
2317444732,FactsMatter_17,5261,4947,72451,"QuBit-17, USA"
2546478398,leslieau7,7913,2262,382027,
171632862,JaySekulow,563444,174,15133,"Washington, DC"
10615232,ChuckGrassley,690279,13236,9496,Iowa
