user_id,screen_name,followers_count,friends_count,statuses_count,location
3320883763,TreyGibbs28,27021,25273,152582,"Soldotna, AK"
1160336982771490817,Here4Trump2020,25631,26087,153272,NYC
1341119420375162881,aTimeQ,15021,226,154,
1347652536,MouthyBuddha,37164,362,5794,
1320193180265029637,OzRestored,14451,15,737,The United States of America
3932768472,EmeraldRobinson,365022,12733,13844,Washington D.C.
1242180610875154433,cookerevivals,2006,0,1027,"Florida, USA"
961724343708364800,prophetkim,11124,19,401,"Camarillo, CA"
1264347879713406978,AmandaG76575177,6265,25,75,
1018185975183257601,TheWiseOwl_AZ,11266,8321,18484,"Arizona, USA"
1081773289897451521,BossOfTheMoss77,12793,11433,49934,Illinois for now Okie by birth
1338250993062973440,MermanEthal,18822,1111,1412,
19638530,noahbenjamin,9936,983,9542,✈️
15946464,terrirobin,2217,2457,55246,
45489122,dotjenna,19577,16654,80276,
1284262415224328192,dirtydiscooo,25233,1032,17797,
188665202,Americanlll,29257,11724,13362,Living inside your head. 
799326923142770688,AnneElizabethUS,7630,116,826,"Los Angeles, CA"
1288319695658135552,realstewpeters,62853,83,1362,"Minneapolis, MN"
862405843811131392,QAnon_Decrypted,30091,1074,47,U.S. of A.
