user_id,screen_name,followers_count,friends_count,statuses_count,location
33933259,UNICEF,8550696,586,49196,
18213483,amnesty,1745515,3842,21911,Global
19701628,BBC,1783165,205,35691,TV. Radio. Online
69231187,UNHumanRights,3148860,1551,18582,"Geneva, Switzerland"
91478624,Forbes,16477229,5220,262371,"New York, NY"
64643056,RT_com,3029674,670,371117,
14159148,UN,13311029,1184,77488,"New York, NY"
14138785,TelegraphNews,769879,249,211269,"London, UK"
16887175,DailyMirror,1230982,4185,722933,UK
5402612,BBCBreaking,47027998,3,36939,"London, UK"
788524,guardiannews,3435745,1246,250944,
612473,BBCNews,11691304,101,437628,London
16343974,Telegraph,2989566,782,398252,"London, UK"
16973333,Independent,3464725,722,1067118,"London, England"
742143,BBCWorld,30353716,70,319587,"London, UK"
168541923,ACTforAmerica,257973,185753,5546,"Washington, DC"
20708260,securefreedom,29940,7225,40392,"Washington, DC"
2836421,MSNBC,3935660,762,232151,
15012486,CBSNews,7931305,552,280385,"New York, NY"
87818409,guardian,9392409,1083,646534,London
