user_id,screen_name,followers_count,friends_count,statuses_count,location
1158564976644284416,Urknotthebosso1,537,1460,3136,"Tampa, FL."
197595910,scottkajun,153,689,689,
734842261347803136,Tonya__Rose,1516,2682,6261,"Loganville, GA "
47989446,DickeyBetts,5180,32,314,
237481322,GoyaFoods,72890,2225,9317,
238653938,OldSaltCityAce,2998,1475,248177,He's everywhere! 
900500142,capthlr,202838,2265,33639,Ft Lauderdale Florida
1015401844699533312,SouthernMm,112,368,78,
2357190571,mrsnyamajor,15439,129,33859,"Baltimore, MD born and raised"
165039823,Peoples_Pundit,225144,5266,82520,"Florida, USA"
36528126,kirstiealley,1612403,917,78150,Hollywood
918323976849510400,JamesJMilton,254,1662,1132,Office of the President-Elect
247977494,IWashington,227755,16657,44756,Everywhere I tweet...
884948958396780544,Hot_Desert_Sky,1305,2926,2329,
20545835,newsmax,918220,573,106708,United States
29458079,JudgeJeanine,2566930,488,17917,"New York, NY"
68599584,RobertCahaly,101296,601,682,"Atlanta, GA"
39078695,trafalgar_group,97858,1390,421,"Atlanta, GA"
807095,nytimes,48582079,904,418006,New York City
1259714432,kimKBaltimore,558490,3209,35601,Mary Land
