user_id,screen_name,followers_count,friends_count,statuses_count,location
3415037892,2LarryJohnson7,153706,617,7961,"Florida, USA"
34327520,jeffsekerak,39500,70,48599,
314208244,NATINITE,426,402,19451,Shell Beach
7712832,JanaMurray,10862,10421,60367,United States
1041573343,jeremywrk,1816,4998,7063,"Lawrence, Kansas"
2195495816,freetofindtruth,8367,15,4888,"Seattle, Washington"
61843769,rexhh,2812,2763,12485,Texas
1134595811977748480,DemetreJennifer,16,54,31,
511686599,PaulTheMartian,16142,799,54148,"47.6769° N, 122.2060° W"
572170148,Abbyleemiller4,1115,14,94,
1127662677084528640,AikmanMaria,3,13,1,
1024336429198049280,DarkSideOfRing,60136,800,1414,
2415527648,robbyjtheii,20110,16663,19278,"California, USA"
297688038,NatCounterPunch,69517,7374,21415,PDX
1004381531090145280,earthisaplane7,2672,1070,1488,
1063845954850312195,EricLow78630146,9,38,2,
54303075,TheSolariReport,34802,780,16527,"Tennessee, USA"
2489876530,ShawnSt51128037,1782,322,53389,Not of This World
26637348,TulsiGabbard,1016999,2573,10673,Hawai'i
961445378,officialmcafee,1070894,14406,65656,Wherever I am
