user_id,screen_name,followers_count,friends_count,statuses_count,location
2352629311,HawleyMO,488325,990,5069,"Missouri, USA"
2834414451,BarnesHannahA,705,287,1048,
1205349968107704320,eric70_,1722,91,16,
22677397,atensnut,498390,6468,23848,"Fort Smith, Arkansas"
1207874097251639296,CawthornforNC,177441,116,367,"Hendersonville, NC"
26637348,TulsiGabbard,1017021,2573,10673,Hawai'i
68807455,borderfox116,12249,12635,131466, New York  / P.A Area 
15392486,disclosetv,242486,470,1878,Join our community 👉
1229394709329666048,LWDoyleUSA,31713,2241,5171,United States of America
112769454,pjcolbeck,10482,1525,14234,Michigan
1812055789,CodeMonkeyZ,509984,396,4103,
321954654,kylenabecker,169702,4797,9060,"New York, NY"
1330274087218851852,PhillDKline,89575,212,353,"Amherst, VA"
33417701,ScottFishman,125312,53191,41542,Carolina
321190259,LizWillis_,39964,735,10212,"Atlanta, Ga"
1270521971848118272,PATPmovie,46026,268,2047,Washington D.C.
858877958089568256,McAdooGordon,36330,1483,24784,"Washington, DC"
1881296893,PatrickByrne,198999,175,3537,Inside Deep State's OODA-Loop
24822993,tracybeanz,512165,989,66911,
4041824789,RSBNetwork,382178,527,18344,"Auburn, AL"
