user_id,screen_name,followers_count,friends_count,statuses_count,location
462104542,chuckwoolery,667120,2666,100686,Texas
78523300,RealJamesWoods,2745727,5171,36133,
818927131883356161,PressSec,6349264,330,4309,"Washington, D.C."
818910970567344128,VP,10395008,15,9356,"Washington, D.C."
822215673812119553,WhiteHouse,26095841,14,24085,"Washington, D.C."
818876014390603776,FLOTUS,16486903,8,1364,"Washington, D.C."
822215679726100480,POTUS,33300832,39,10996,"Washington, D.C."
25073877,realDonaldTrump,88580404,51,59410,"Washington, DC"
