user_id,screen_name,followers_count,friends_count,statuses_count,location
25235151,RitaPanahi,250896,2346,154597,"Melbourne, Victoria"
38495835,marklevinshow,2894609,6,27735,Underground Bunker
16794766,jenfulwiler,39423,937,21442,"Austin, TX"
17469289,nypost,2116661,11370,363089,"New York, NY"
586707638,SidneyPowell1,1241811,1983,107792,USA
1209936918,OANN,1730233,78,132061,
20545835,newsmax,918219,573,106710,United States
778763106289758208,JennaEllisEsq,881637,1279,27837,"Washington, DC"
90480218,RichardGrenell,710330,2700,10471,"LA, Rancho Mirage"
2835451658,MrAndyNgo,837858,821,18429,
16523905,robbystarbuck,211434,5259,71760,"Nashville, TN"
25816369,drdavidsamadi,387652,4606,17557,"Manhattan, New York"
18584875,hodgetwins,797134,1034,2403,United States
2365814866,nestride,2886,220,324,"Washington, DC"
599357202,Scruton_Quotes,33288,147,6769,
1392956425,EcoSenseNow,106295,1251,45582,"Canada, Mexico"
178814146,FiatLuxGenesis,7938,6077,78962,God'sCountry
3262160865,HonorAndDaring,10876,2541,43953,
22703645,TuckerCarlson,4634853,97,4044,"Washington, DC"
1568352805,Bolt_RSS,24370,8,18696,Australia
