user_id,screen_name,followers_count,friends_count,statuses_count,location
30569324,Speech1A,4745,4892,40563,
141333435,Xoana_Ra,20232,3742,34185,Angelic Realm
1312036582422196224,ArtOfWarNews,47514,310,4427,"Florida, USA"
1289338042910638085,GreenCastleGo,3573,384,9306,
3301847203,BenKTallmadge,69327,17643,260014,
967806961164185601,Johnheretohelp,112928,4199,19050,Just Outside My Mind
1341119420375162881,aTimeQ,15021,226,154,
169244010,absitminded,6717,73,172,
1298828851867418624,Bill_Binney,66268,32,125,
1326526624741920768,TwatterWanted,45480,900,2268,
1316845497987072002,WhereIsTruth4,24024,782,10546,North Carolina
2327592480,FordFischer,71931,1373,14926,Washington DC
1309623283143323648,Patrick17henery,4156,1681,3734,
1143588853665751040,HB04920973,12365,13086,171416,Aleutian Mountain Range
1247243074226585601,JohnWiQ1776,18379,9920,8401,USA
1287907387094040583,Johnny_Cue_17,18422,2750,9281,
2476178880,FreedomFriesInc,16050,10999,290079,Living rent free in your head
1339837324176347137,WyattHoliday9,354,1234,241,"Tombstone, Arizona, USA "
1177833512147312640,Drstellaimmanue,1633,1626,189,
1230961593451712513,WeTheInevitable,109976,791,12103,
