user_id,screen_name,followers_count,friends_count,statuses_count,location
33579744,Christy5Mc,138,621,663,"Atlanta, GA"
4345741901,maga1Trump13,3104,4839,24555,"Florida, USA"
799447554,createaface1,231,841,1757,Oregon
77575683,Qgotmelikewohh,166,651,1443,"Gettysburg, PA"
739326540,ninoboxer,64495,899,2546,USA
1147501530024685570,PBounasis,558,1770,16738,
562467580,Ami_Magazine,57330,82,1907,New York
1321913200649015297,JohnsonEnright,12,33,106,
1344397025354330112,Qaron171,1423,220,27,
1240992969660026886,hereforareason5,577,1223,10375,
21652157,judyshel,24307,550,2853,
91446414,kimarie93,2420,4765,22489,Locals/TreasureGazette
304527582,Hellohowru12345,16688,2807,8411,Earth 
726307402455355392,lynnmark6,1915,1562,176616,England UK
27945987,paulamjohns,6363,1264,105024,"Independence, KY"
19834625,apharmtech,3189,3733,35611,NC
833413294476128257,iso20022,4098,568,876,
1341622088545792000,RedOctoberQ,4743,1408,2482,Underwater.  Duh
1279294895375683584,Defcon1Q,10374,9360,50982,Over the Rainbow 🌈
231125162,KristieMartin7,11,52,61,"Emmett, ID"
