user_id,screen_name,followers_count,friends_count,statuses_count,location
1279012671187152897,SalishcoastA,771,1425,3463,Unceded Salish Coast
1341816413334372352,antifa_fc,1609,3,367,Stolen land known as Portland
1271509161717706760,spinart7,3103,1519,23971, unceded Mississauga territory
1284737275457200133,Casecase241,24,263,214,
1266614909825093634,MaxMaxACAB,23,316,485,"Astoria, OR"
1325899913054593024,WasatchFront161,115,139,38,Occupied Ute and Shoshone Land
1310573951362437120,USAntifa1,465,1235,6661,
1286562611123720192,SigmarBeak,69,551,1794,
1341846558204030976,Noodlea37499875,196,375,2503,
1033036523329839105,bunnypdx,448,851,62795,Chinook Stolen Land
72998304,KaliGuideUs,318,1281,1344,Greater Portland
862132335101173760,The_Redwoodsman,397,1159,8602,Cali
1191736778622828544,BRiderson,314,995,5393,
1395510618,ASchmidt990,93,367,1935,
902674709782855680,_wHyZ_gUy,680,2111,27821,"
🏴 left the plⒶnet 🏴"
1328342061385355264,thelonesadgirl,13,35,121,Drowning in My thoughts 🥲
1326282215030890496,frosty__lady,326,421,1169,
383651109,fridahak,275,215,7278,
1089609123296169993,thetiredscot,127,885,9431,
2923532965,megadilf,217,865,3034,
