user_id,screen_name,followers_count,friends_count,statuses_count,location
230232964,PuertoVallarta,110192,29231,35771,"Puerto Vallarta, Jalisco"
1066898457678540800,MohammadHussain,31895,491,784,"Ontario, Canada"
360965292,VirtualGiff,14349,3250,14405,"York Region, ON, Canada"
1969346438,JohnRMoffitt,103939,106642,138999,Houston Texas
140976305,CAFinUS,63760,11747,19900,🇺🇸
3901911016,PHealthGnome,1236,203,2105,Ontario
30826525,BrentTerhune,348307,4689,21938,
443215941,Sethrogen,8796001,1598,9440,
551224414,ericdamier,266057,5,7,Worldwide
1096205507348623360,DFisman,42843,7398,19525,Turonno
1010593116,SharkawyMD,21779,449,8671,"Toronto, Ontario"
158802921,therazpoint0,398,702,4071,
1012426446,subvoyeur,5345,2595,55319,"Ontario, Canada"
2150327072,billieeilish,5322349,0,580,
359135635,Glenn_Booker,911,1629,3192,"Kitchener, Ontario, Canada"
2813682121,warriors_fbc,646,499,4454,"Newmarket, ON"
1288921734624636928,alberta_moms,7045,69,1936,
838462542,redmcgraw1,7384,6003,135380,
260048456,RogerCarrier,174,161,5683,"Chatham-Kent, Ontario"
55457727,BubbaWallace,467920,224,12890,
