user_id,screen_name,followers_count,friends_count,statuses_count,location
255289631,MarySueEnders,311,1418,9993,Michigan
11454572,martingeddes,249714,20200,96720,"London, England"
915588573751062528,arelybebe_,108226,248,4794,
373018802,Seekingtruthsee,21069,22686,4532,
372547796,tfcHiking,1182,1863,992,"North Vancouver, BC"
788702952265396224,BonnieM07136192,4397,4925,28925,
52537626,LetsRoll404,4597,3977,16826,U.S.A.
146989988,bushwhackingfoo,1319,1199,9513,"Syracuse, NY"
309260961,waterfallshiker,1405,1158,2011,North Carolina -Triad
68031682,johncarter_net,2014,1507,6667,Out There
54786485,negtwits,2239,4787,46084,"SpaceCoast,FL & WayDownEast,ME"
473995205,Wilderness1967,3098,2840,5227,The Great Outdoors
95704598,oldgeekgal,15120,16401,199243,
838675674,writerinthewild,1220,1403,2540,"Bend, OR"
38577494,HyndenIsHere,21321,391,4750,Los Angeles
937737835066650624,TexasNanaTam,13715,13551,174406,The South
26701846,wiptick,49716,36314,54019,United States
279094857,patriotswanted,5492,2430,57244,United States
801225039081312257,Qreat_Awakening,12187,12933,249177,
23766446,Odonata_Anon,8953,4289,45865,"California, USA"
