user_id,screen_name,followers_count,friends_count,statuses_count,location
3740820863,patton6966,224150,276,1630,
23022687,tedcruz,4303130,6028,29917,"Houston, Texas"
138190051,MiltonWolfMD,34383,302,1292,Kansas (God's country)
38495835,marklevinshow,2894568,6,27735,Underground Bunker
39308549,DailyCaller,828006,7641,320230,"Washington, DC"
457984599,BreitbartNews,1712600,113,138942,
21829541,NRA,896420,1087,19885,"Fairfax, VA"
24438725,AllianceDefends,36282,4009,24714,"Scottsdale, AZ"
11134252,GOP,2768653,1649,44661,
39344374,DonaldJTrumpJr,6586454,1500,40799,
988573326376427520,SecPompeo,2737539,49,3680,
770781940341288960,RudyGiuliani,1337501,545,3327,"New York, NY"
432895323,LindseyGrahamSC,2075375,2117,12004,South Carolina
292423442,JamieGlazov,38801,9200,136344,"Los Angeles, CA"
1140122654655094784,SpinquarkNews,1224,593,9241,The Greatest Nation on Earth
19985444,jihadwatchRS,157765,233,101278,
239005322,CalebJHull,156943,994,39426,Probably on a plane
18166778,Jim_Jordan,2014461,3981,4755,"Washington, D.C. "
18266688,TomFitton,1368804,3303,47142,"Washington, DC"
1108472017144201216,TrumpWarRoom,1276262,285,27151,MAGA Country
