user_id,screen_name,followers_count,friends_count,statuses_count,location
2256001838,Tigersauce79,215,939,9758,Louisiana 
1055918150728978433,braveruth,6,15,326,
1208795851717562369,dad_liams,9249,5542,43559,
801488303283437570,Revelation118,573,387,5390,
1248742566553686026,sallybluey1,52,76,1214,
178806519,DrMadej,35209,328,1571,@carriemadej for parler
946741899800522752,paulaldridge789,624,923,62934,"Oklahoma City, OK"
1220335822777520129,QuacksAnonymous,438,99,6263,"Crazytown, U.S.A."
727403658,ChrisWickNews,54538,42910,60427,"New York, USA"
788800097173798912,Grampynotgrumpy,3052,4966,89793,The Dystopian State of America
1332659376407126018,justeluamba,315,3335,33,
1313137562525986816,Yeshua_pro_vida,5088,2075,23213,Mountain mama 
1241472932456599552,1ThessCh5,6300,6429,20610,"Black Mountain, NC "
1173151794278461441,AxelSavage4,3420,1384,26527,Alaska
1299153797500018689,CROWSPLAY1,2246,421,20333,
38495835,marklevinshow,2894543,6,27734,Underground Bunker
1074480192,SenTedCruz,1943930,6486,15545,"Houston, Texas"
10774652,theblaze,767533,700,128726,"Dallas, TX"
3260285413,quot3bot,47734,14,34071,
2660192797,TwiisterPlays,1684,943,21272,"on Earth, Waiting For Our Lord"
