user_id,screen_name,followers_count,friends_count,statuses_count,location
992841263606099969,breakth3rules,1310,305,1521,NYC
822933078691680256,PazzoTheFool,112,825,3973,The Recesses of Sanity
910942652027285505,trajan_decius,2650,4994,90202,United States
1318848777151795200,Laocoon91460922,199,197,1513,Pleasure boat on Styx
296511533,nnalinas,834,1149,11704,Land of Plenty
769983567665438721,ivycedarlane,550,556,8994,
791719222812348416,rogueplanet011,64,328,138,The Oort Cloud
1299870990038695936,BulgakovsPilate,595,395,661,
1106812216286896128,AlexZ80365313,523,507,15088,"Akron, OH, USA"
1243636267620933637,RedHedgedragon,79,93,280,"Wisconsin, USA"
1276904336199647232,lamb_austin_,309,477,214,"Hays, MT"
1265131133840134144,LeApresGarde,156,956,79,
1278336254065758209,JoshuaScribner3,1663,3174,21340,
1056309168490057735,Nomos_Forever,69,287,2162,
451292765,JesseLucasSaga,982,378,45168,~fogpyl-pillyd
1068210480752328705,WeMustBringFire,1314,1115,30963,
239836801,GMNigelDavies,2175,1887,2629,"St. Helens, UK"
1272208202772463620,LaureMartel,726,977,12776,Manhattan & Bronx
1024727625393229824,1freegrl,415,394,12061,
975925470,richey_paula,800,562,13569,"East of Sun, West of Moon"
