user_id,screen_name,followers_count,friends_count,statuses_count,location
195006267,Why_C_Y,468,2381,6255,Hong Kong
524663667,Firefouxblog,2028,175,9312,"Graz, Austria"
1328241824,tianyuf,12821,2773,18374,Beijing
3147656756,CyberGEND,9670,529,773,France
1143446245429501952,lihkg_forum,274630,0,1648,
2882771723,EricBillyFR,8133,150,20296,"Strasbourg, France"
124709648,EmmettTill,54264,3114,9495,
3204731,krislc,42263,3041,67543,Hong Kong
74418756,tomgrundy,147370,1730,30581,Hong Kong
1285844719147384832,infondus,2616,1402,2700,"Alsace, Moselle, Lorraine "
773827024700014592,AlienwareFR,23687,155,2870,
970510792150827008,tedhuichifung,4219,8,8,
14276011,kjoules,127,163,10342,香港 Hong Kong
193579986,GuillaumeRozier,21268,804,74996,Paris
17653768,hurtingbombz,2686,1580,16564,
205271732,fbgootw,3040,4497,12021,Victoria City
55509201,gforestier,16323,671,2307,Mulhouse
1146961934375366656,glassarqat,2416,443,3708,"Montréal, Québec"
1263672011961692161,JUVIEH4LL,587,125,3965,she/her 🇭🇰 eng/廣東話 
1272818951878311936,TrineHerold,756,1040,8056,Denmark
