user_id,screen_name,followers_count,friends_count,statuses_count,location
1147253398670102529,UncoverDC,100792,71,1878,
988573326376427520,SecPompeo,2737469,49,3680,
20545835,newsmax,918252,573,106712,United States
432895323,LindseyGrahamSC,2075407,2117,12004,South Carolina
11134252,GOP,2768692,1649,44664,
877985300466745344,JosephJFlynn1,418355,3536,4774,"Florida, USA"
620571475,DanScavino,1309415,776,11855,
1917731,thehill,4066873,270,823288,"Washington, DC"
1812055789,CodeMonkeyZ,509961,396,4103,
24222556,tyler,304313,2369,9077,"New York, NY"
128587008,TheKuhnerReport,16047,1091,6175,"Boston, MA"
1326005070,HowieCarrShow,85435,1521,17108,"Boston, MA"
2320755170,RealVision,175502,1824,9826,"New York, NY"
2453385626,RaoulGMI,313671,693,29642,"Little Cayman, Cayman Islands"
47474439,realDSteinberg,45690,4776,36409,New York
1191733036133552128,DHS_Wolf,91231,372,938,USA
850507814023942144,GeorgePapa19,754265,15130,7220,
240454812,GenFlynn,1202535,29561,2002,"Parler, America"
2281325286,Techno_Fog,362504,1759,4279,
982675379319132160,JohnWHuber,330929,98,12562,Redacted
