user_id,screen_name,followers_count,friends_count,statuses_count,location
1303152055067070464,IAMTHINK11,919,284,4858,Eden 
1375684140,MikayesFiona,70761,28651,82012,
1284026381253279744,GhostOfReagan_,3874,205,1552,"In this world, not of it"
31694924,RsWilliams59,5695,2433,9748,San Francisco Bay Area
2241288482,SuicideSeattle,9316,1691,64416,Seattle
826065164504006657,mtgreenee,231124,1928,10255,"Georgia, USA"
1347652536,MouthyBuddha,37163,362,5794,
64916983,joshgerstein,78561,2175,53005,
1292211889489862661,loudclown,27287,5057,8543,
1079425580880125953,8Notables,42267,3792,32572,5D
1156474736307650560,Awakening5d,9668,98,1053,
1196441152486072320,CBS_Herridge,480980,21,1565,"Washington, D.C."
1314703570822930432,RealRLimbaugh,630996,1,130,"Palm Beach, Florida"
255850156,HSRetoucher,79502,3288,53629,United States
2411942305,ChristianWalk1r,147664,400,10121,IG: @christianwalk1r
1296126493609930758,JTWildeMusic,5590,3062,2834,
1276252123852922900,Arcturus11_11,4420,2981,5665,
1048529117937901568,flynn_neill,85066,9777,28596,"Rhode Island, USA"
157878520,pyles_corps,13763,6346,43761,USA
887863510398509057,Crypto_Ginger,7370,2656,16535,
