user_id,screen_name,followers_count,friends_count,statuses_count,location
283416650,barbarab1974,6844,1807,30076,Italia
956927351446794242,RN_Inchieste,1167,128,1280,Italia
1208078891543400448,giacomo_novara,801,3268,11335,
337808606,RobertKennedyJr,225346,594,4066,"Los Angles, California"
1176500323432718341,nin_ciu,2035,1212,12985,
1120084154853490688,TardinoAnnalisa,676,153,177,
600365935,SardoneSilvia,36029,2621,5804,
707022920,pbecchi,63239,20,23919,
201658727,VittorioSgarbi,733493,254,10121,mai nello stesso luogo
213831700,TheFigen,199300,0,7353,Turkey Capital
958928545,ivan__jordanov,439,73,158,
1312861802766704640,suspendiranata,659,1245,453,Macedonia
16936686,21WIRE,60448,2787,90203,USA
920750804,azangrillo,26740,529,2447,"Milan, Italy"
1154374308019523585,stefanitaskova,142,164,205,
561943256,nsekulovska,676,1922,862,"Sydney, Australia"
178806519,DrMadej,35201,328,1568,@carriemadej for parler
1324339484088041472,Plata_oPLlomo,276,489,395,
1088830032951365632,jauleskij,650,491,82,
1277789485,gjorgjikost,1212,4012,2641,Vevchani | Istanbul | Geneva
