user_id,screen_name,followers_count,friends_count,statuses_count,location
23022687,tedcruz,4302840,6029,29917,"Houston, Texas"
1191416292454096896,BCBacker,43933,332,1621,
1190427663732760577,Nurse_K_,41313,2653,11925,My Delusional World
44067298,michaelmalice,163028,959,118962,Brooklyn
2248872301,NSAGov,855317,158,3106,"Fort Meade, MD"
801563783751532544,Skillsetmag,7443,736,3197,
18604137,RonColeman,162916,1131,240537,"New Jersey, USA"
1314703570822930432,RealRLimbaugh,630814,1,130,"Palm Beach, Florida"
963480595,MarkMeadows,942751,1033,4314,"Washington, DC"
1043185714437992449,catturd2,506675,15088,51183,
921614845,LandauDave,26213,8737,44146,"New York, NY"
1141817186878537728,DesertMonkey4,3596,3305,59367,Nanny State USA
1174708184126300160,CompoundBoss,25801,838,35160,"35th & 7th Ave, NYC"
436432290,dsonoiki,1531,449,2392,
56561449,JesseBWatters,1586976,1160,11870,
962474950379560962,SteveInmanUIC,76398,840,2376,"California, USA"
28628850,greggutfeld,1761134,699,27351,I am here
16523905,robbystarbuck,211455,5259,71732,"Nashville, TN"
1102631312161046528,DEPLORABLEREEG1,68376,32659,85602,So Cal
1260568644943319053,clan53br311vii,2764,4991,5368,United States 🇺🇲
