user_id,screen_name,followers_count,friends_count,statuses_count,location
23578274,kyledcheney,129358,992,22277,"Arlington, VA"
934120733839691779,beffjizzle,39,32,2185,Wakanda
861040794945310723,thechiqulatina,46,433,374,Inland Empire
240454812,GenFlynn,1202068,29562,2002,"Parler, America"
836776191986028545,AmericanShef,1105,2289,13862,nope :)
778763106289758208,JennaEllisEsq,880877,1279,27833,"Washington, DC"
1022693675250249729,DrewHLive,137848,165,2240,"Los Angeles, CA"
173590275,roads_red,166,323,1686,California
1316595714164752384,TheLibertyWarr1,8034,853,1572,
37575922,hollandcourtney,135160,1814,20810,"Las Vegas, NV"
1288471903347314689,hereformaga1,116,259,11729,East Coast USA
1015227876126412800,americanblonde9,10101,1949,35909,Trump country
102773464,NYCASP,239426,4,6965,New York City
431609420,curtisludwig,93,289,254,"Dallas, TX"
501862263,jul_mills,148,696,1481,
1005090245451362304,theblackssheep,155,228,8701,"London, England"
783031421363380224,joslyne_raquel,3324,498,16208,Galt's Gulch
63335631,Joy_Villa,260802,17448,51610,"Nashville, TN"
1066469945754537985,Tim77349156,13964,13993,95,
11454572,martingeddes,249665,20199,96717,"London, England"
