user_id,screen_name,followers_count,friends_count,statuses_count,location
51661036,lookner,69669,806,25113,"Orlando, FL"
950225377124933632,AgendaFreeTV,37432,1,4397,
1167106860622778370,BeckyBu63533516,40,0,0,
1178243423884775426,TeraMangala,6827,5528,3989,France
2334672679,irving_nicholas,35968,1172,3132,"Texas, USA"
3303647274,LunkersTV,83934,222,6561,
2432846172,DemolitionRanch,147848,68,1953,"Texas, USA"
960966433462214657,bunkerbranding,12407,23,498,"Texas, USA"
2298337552,whytdb,3489,4796,46319,"Illinois, USA"
412508889,April_LaJune,151,22,7,United States
1096798647826739201,tinypinkrose,1934,79,226,
1110630257558736897,Sherrys53001679,39,0,1,
1467871832,Tina_S__,20673,10,211,"Paris, France"
300784702,Nelzie101,6606,259,244567,
2336050548,infinitechan,116423,24,2389,The Darkest Reaches of the Internet
1025287175041175552,MillyAlex3,5704,1606,184,"London, England"
4636715229,snugglesandsex,37383,54,256,
2914001256,_sexxybiS,66139,321,384,
2254531961,Northern_IL_Cpl,79822,1934,122,"DeKalb, IL"
738868159667568640,p0rnhack,95711,71,341,"California, USA"
