user_id,screen_name,followers_count,friends_count,statuses_count,location
1334300969266507782,BobbyPiton3,118342,66,1662,
620571475,DanScavino,1309605,776,11855,
15392486,disclosetv,242587,470,1878,Join our community 👉
1313966902704771072,BlueSky_Report,42596,1581,1429,
2438831503,ChanelRion,605681,18892,21790,"Washington, DC 🇺🇸🇰🇷"
875856268056969216,DC_Draino,444356,391,6409,IG: DC_Draino
307039459,molmccann,154527,793,6634,"Texas, USA"
187680645,LLinWood,914090,8102,13442,"Atlanta, GA"
2778328297,MajorPatriot,292104,92,2664,
165039823,Peoples_Pundit,225183,5266,82522,"Florida, USA"
1812055789,CodeMonkeyZ,510051,396,4103,
3932768472,EmeraldRobinson,365295,12733,13849,Washington D.C.
1164329457793957890,PepeMatter,121782,2880,18338,
90480218,RichardGrenell,710441,2700,10471,"LA, Rancho Mirage"
1196441152486072320,CBS_Herridge,481015,21,1565,"Washington, D.C."
78523300,RealJamesWoods,2745775,5170,36133,
1217559748557647872,RealChrisLangan,33680,48,873,
1024741706552561664,Melis_Strategic,9248,0,13012,United States
733638588714352640,SimbaMaple,138,236,17370,
1014864584124059653,RayGun0231,426,78,6935,"Hattiesburg , MS"
