user_id,screen_name,followers_count,friends_count,statuses_count,location
939091,JoeBiden,22107304,45,7048,"Wilmington, DE"
19697415,billmaher,11070711,38,4797,Los Angeles
821085854512939009,IndivisibleIL14,3497,2974,77932,"McHenry, IL"
216776631,BernieSanders,14153330,1477,19333,Vermont
1339835893,HillaryClinton,30139251,892,12417,"New York, NY"
813286,BarackObama,127555045,597334,16061,"Washington, DC"
237814920,RepHultgren,21469,1842,4972,
25073877,realDonaldTrump,88580966,51,59410,"Washington, DC"
7313362,chicagotribune,1128007,411,225972,"Chicago, IL"
