user_id,screen_name,followers_count,friends_count,statuses_count,location
1328348025387945984,TheRealPacoG1,134,358,4660,
18296251,u2bheavenbound,34982,34661,91350,
1159786625804750848,Lyle75893105,4004,5001,7336,"East Coast, U. S. A. "
1158547734707810306,CuriousThats,7483,6021,19942,
921880207870459904,CaldronPool,8462,3173,10963,
1325639866881863681,MilionMagaMarch,43028,1,187,Washington D.C.
1337531542114078722,JovanHPulitzer,72793,86,1896,
958408514807967751,NewDayForNJ,82217,22687,36281,"New Jersey, USA"
144580542,Thomas_Binder,32107,2859,73602,"Baden, Switzerland"
1154152980062490624,POWMIA_Locating,462,576,1599,Now RV Living around the 🇺🇸
1289338042910638085,GreenCastleGo,3573,384,9306,
569602202,iNewsTV,2584,500,10900,"San Francisco, CA"
747302761,SOttenbacher,4257,4701,21398,"Michigan, USA"
1246206008457940999,Corey_Ag_47,266,378,719,"Toledo, OH"
1343312417070051329,CowboysBack,4030,146,112,Arizona
1097515491730604032,horelick_m,32842,33025,68172,Space
1239730617887096833,ItsDieselFreak,2161,2380,6562,
954523462231457792,mericasteve,1238,1778,1825,
1173681893255995392,QckDaddyCoze,5506,1970,18890,
