user_id,screen_name,followers_count,friends_count,statuses_count,location
703404427978395648,RaziloUSA,9454,9636,19376,"#USAFIRST, #ABORTIONISMURDER"
1288319695658135552,realstewpeters,62853,83,1362,"Minneapolis, MN"
1322693567765237761,EzraACohen,107123,61,59,Pentagon
18849977,JoshBreslowWKRN,15738,14949,30172,"Nashville, TN"
17898127,AshleyRenner,5660,3939,1221,Organize the South
1082257753974951936,DrianSwamp,966,1362,16071,
393190233,LeahR77,285852,91673,431070,"Florida, USA"
159562865,LauraScharr,2104,359,5297,"Lake Murray, Columbia, SC"
59477844,Fox7S7,40,55,4638,
273422163,fwhites62,31,262,624,Washington DC
1201953403099893760,RonnyJacksonTX,118790,296,1631,"Amarillo, Texas"
1321558541682036740,LAMorga16817942,88,230,617,
1324458986914127872,DefyThey,35,225,126,
1064206014,TulsiPress,283167,1143,4665,
2209200122,jamiecstanfield,2215,1418,2245,
1237612672373248000,Rothbard1776,172451,358,10990,The United States of America
570884576,StayAwakeMarieS,877,1247,29915,
36528126,kirstiealley,1612357,917,78150,Hollywood
1275873452004642818,Gimnasium12,558,842,4518,NY & Fla
1290231333931888640,MindSwobo,1985,2653,18373,"Hackberry, TX"
