user_id,screen_name,followers_count,friends_count,statuses_count,location
11856032,NBCPolitics,614351,261,73034,
18767699,CBSPolitics,302961,622,26806,"Washington, D.C."
16815644,ABCPolitics,959297,474,163615,"Washington, DC"
373683618,PnPCBC,216966,474,32410,Ottawa
818910970567344128,VP,10394598,15,9356,"Washington, D.C."
818927131883356161,PressSec,6349007,330,4309,"Washington, D.C."
818876014390603776,FLOTUS,16486693,8,1364,"Washington, D.C."
822215673812119553,WhiteHouse,26095389,14,24085,"Washington, D.C."
25073877,realDonaldTrump,88580799,51,59410,"Washington, DC"
94741751,jbf1755,82947,2058,60549,"New Haven, CT"
16032925,foxnewspolitics,1919941,252,46649,"Washington, D.C."
621533,BBCPolitics,752702,290,102295,London
16423797,globepolitics,130328,37,60816,Canada
130109576,SunPolitics,38141,472,45947,
25937737,WashingtonPoint,138544,2208,92721,"Washington, DC"
52573702,awzurcher,31542,2342,33011,"In and around Washington, D.C."
30050899,OpenSecretsDC,150321,3821,53083,"Washington, D.C."
