user_id,screen_name,followers_count,friends_count,statuses_count,location
94412171,PAPABEAR56,5357,5564,22787,
1159588467971674117,patrick77512524,10444,10512,2146,United States
2203369952,PatKennedy428,372,1405,7784,"Right of Center, FL"
1222224053810974726,patriot_paula,21899,21866,52453,"Illinois, USA"
1261090983212711936,patriciadye83,689,1041,9504,
776567201100918784,Patrici31573497,12773,14030,124930,Region Metropolitana
929570135672741890,PatDodge6,1658,2756,10312,
131602718,PasoFinoTrain,4217,4681,110319,"Texas, USA"
874696082,pasadenalady63,11580,12238,109043,USA
869027407,PamelaStar23,12653,12829,92813,
1151159465397428225,POLITICALWAROOM,24930,12875,3193,"Washington, DC"
68599584,RobertCahaly,101296,601,682,"Atlanta, GA"
62572013,AbigailLWalls,1024,1132,1763,"Lansing, MI"
1239246382160064513,QImwith,855,296,761,
8542882,ThadMcCotter,30388,10288,18101,
1009976545044201472,AliceMarieFree,38162,231,989,"Memphis, TN"
1091216816,thetoyman1,61379,65952,351505,"Las Vegas, Nevada"
19671129,icecube,5718242,196,8157,"Los Angeles, CA"
22953032,PaxHart,7762,6804,21755,"New York, NY"
822185179477315584,wandavazquezg,84656,323,11514,"Puerto Rico, USA"
