user_id,screen_name,followers_count,friends_count,statuses_count,location
19671129,icecube,5718251,196,8157,"Los Angeles, CA"
848276549308739584,4YrsToday,21102,16360,29023,
1024930357,Michael_Voris,30959,374,19966,"Detroit, Michigan, USA"
1189646151483641857,Ghostofrebelli1,1469,449,3195,Sunshine State 
17454769,glennbeck,1410582,451,19161,"Dallas, TX. Rockies, NYC."
3420421481,N1ckSandmann,237118,229,1357,United States
459492295,MerckManualPro,27000,1392,8144,"Kenilworth, NJ"
34900333,jennajameson,848907,15630,50046,
3021643160,TimBallard,52462,144,537,"Anaheim, CA"
819201209991041024,WarNuse,128473,47,19652,Way North
1270531866634878977,RealTina40,214760,764,2955,"Bronx, NY"
1194669296993128449,noquarter4dems,1508,1798,17681,"District 1, SC, USA"
940430173517811714,intheMatrixxx,257493,68071,60820,"Florida, USA"
739326540,ninoboxer,64492,899,2546,USA
93637779,AdamMilstein,167556,63512,37880,Southern California
154532994,ActivistPost,40259,624,134720,The Blacklist
809974521746911232,CoreysDigs,129543,474,45153,Zen
1011764563656806400,CoreyDigs,1115,16,4,On the flipside
1229394709329666048,LWDoyleUSA,31706,2242,5171,United States of America
303675008,PHARAOH_ATEN_,64709,1434,5733,"Buffalo,NY"
