user_id,screen_name,followers_count,friends_count,statuses_count,location
1343985132248690691,gamingpvper,5,31,11,
937668672436555783,awake_life,1322,1758,1127,Bath UK
1329524472550989837,susanafonseca97,3,28,28,
1326440419979374592,TrismegistoLeon,39,377,1056,
1243566240410546178,Pablo08694110,16,212,35,
358245362,RomyKattia,640,3021,3236,
1140378092181045248,Valeria60637392,24,81,17,"Sao Paulo, Brazil"
801162435214327808,CASE_forAmerica,31715,32140,2303,"Arlington, VA"
1201752700913770497,Susan45687298,8,29,93,"Sault Ste. Marie, Ontario"
1332069323708518402,Silvana18949517,8,25,2,
1292478597437980676,thannefa,1255,528,284,
991033812825051137,Patriot_350,18815,19208,16789,
208703060,reycoreco,2253,1519,926,TÜRKİYE
513222554,Meliiida,56,152,2951,"Estación Central, Chile"
1146180843733430278,Mike99797820,9,45,170,
122223266,NevaehAngelD1,434,1994,4138,
969107378435059712,diliproy193,22,281,85,Bangladesh
1911635839,CentroMandali,2379,2306,8429,Ciudadanos del Mundo
27076119,teenahall,1213,2661,2714,US
80661150,solpires,1195,3204,185321,
