user_id,screen_name,followers_count,friends_count,statuses_count,location
1298828851867418624,Bill_Binney,66291,32,125,
289420613,naomirwolf,74943,30272,103637,New York
809502192650616834,MythicTreez,15997,538,9004,"Denver, CO, USA"
1342600453683556352,PS5StocksNews,1330,0,7,United States
25029495,pulte,3060486,307,7891,Love
298235383,AlexRyvchin,20476,8195,10818,"Sydney, Australia"
2325924517,jason_meister,26149,2471,14345,"New York, New York"
1040408524281573382,AAnon55,20849,12906,20251,"Digital War Zone, TX"
1303912261157875724,LaminSa24910906,163,4889,21,
317420804,Calvin12Broncos,28,1488,16617,
1104956239,Agrant3595Grant,8765,7690,107762,"South, USA "
1319971864891035648,Hannah48202118,41,400,3003,
890737347779801089,BloomfieldExec,1529,3618,1340,"Michigan, USA"
1095816582658490368,nicole_nix_,13632,13022,33409,
192625058,GatesRobertJ,18456,10237,32561,Kekistan & Merica 🇺🇸
3932768472,EmeraldRobinson,365130,12733,13848,Washington D.C.
21651982,lsferguson,95903,100205,297423,"Worcester, MA"
965365356398194688,DisclosureBP,26807,855,16521,Japan
1247629688106881026,NwoArchive,11934,6245,12310,"London, UK"
1246440482760085504,StellaMoris1,40315,811,1635,UK
