user_id,screen_name,followers_count,friends_count,statuses_count,location
878239454313447424,Stop007now,4881,121,9388,International
1288319695658135552,realstewpeters,62854,83,1362,"Minneapolis, MN"
994011569397878789,ENSAlerts,25888,2,127,United States
2201449066,pittman_george,25694,15738,45398,Southern US
1326054283058454530,lyne_ian,11733,4074,12154,
1318657460308234245,NewYorkCity1986,670,39,1087,"Dallas, TX"
44385628,gregkellyusa,286398,1463,2992,
15392486,disclosetv,241934,470,1876,Join our community 👉
1313966902704771072,BlueSky_Report,42577,1580,1427,
1324579241430798339,BrianTh37895972,29358,381,15160,
771989142,GiftedNutter,10128,5996,140271,Somewhere
535157837,johnflipside,16070,12654,68703,
778763106289758208,JennaEllisEsq,881166,1279,27835,"Washington, DC"
434458299,GavinWax,29726,2136,45534,New York City
840322382837477376,j2klul,47716,49,14,"Chicago, IL"
22869693,SchmittNYC,90944,272,9007,NEW YORK CITY
246833307,BobSpindell,53113,154,21,"milwaukee, WI"
1138396700,MythinformedMKE,12291,1798,33612,"Milwaukee, WI"
321954654,kylenabecker,169451,4797,9014,"New York, NY"
135180235,RussellOkung,217750,657,7195,Homestead
