user_id,screen_name,followers_count,friends_count,statuses_count,location
1336422340851326977,thefish48035192,1294,3374,284,
879976370905923584,zntrm3,600,1303,49,So Cal/SGV
1241491416477511680,SilverStarLTC,94,574,291,Kansas City 
1324395020800151555,aucillaBuck,270,1366,831,Aucilla River Florida
2496382477,identifime,130,506,1858,
110748071,McMississippi,1279,1951,16656,Mississippi
1337042600717656068,bellaane3,26,206,2631,
263008771,PepperBible,1103,2009,13782,Dallas Texas 
1339726319899303936,Richard76377049,215,464,989,Walley World
3075624248,TedBBaxter,120,712,11557,Like Pitbull I am worldwide
1326030658129571840,StopAndObserve,270,1210,406,
1292860257140707328,BARBARA01384274,260,671,13432,
836824970986651649,jblackwell787,914,2732,16906,California 
1338189553790685185,lapp_kathryn,283,1903,7,
1339891475027546113,WIgirlinTN,102,302,531,"Mount Juliet, TN"
228743881,jennjenn9481,566,1164,1557,Middle of no where
984267615907360768,PatriotRising7,2430,2892,699,
1029875657092739072,helloladymudan,3915,3344,25484,influence.co/the_mudan
131036750,KatherinDaigle,1866,4753,5238,California
1340682774903140356,AmericanAssas10,977,2507,4364,"Montana, USA"
