user_id,screen_name,followers_count,friends_count,statuses_count,location
143926445,Buttfumble69,2885,4726,1451,United States
1256718555745325057,UKnowledge90,2633,548,18465,
1082257753974951936,DrianSwamp,967,1363,16070,
2717424554,DSAuthorMama,5754,6313,5404,
973817830520053760,ZimMom1,11352,10947,16624,"Harare, Zimbabwe"
102823092,14cornerstone,3504,3610,6225,
1270299535160610816,Stefan7C,272,567,222,"Chicago, IL"
1271832892411281409,PrezElectKQ1776,11438,10987,7167,"Idaho, USA"
1344556429521408001,DgRaVh7htXBCwkn,9,53,0,
807915731878674432,MaxProphet888,357,1283,16564,
753277247499309057,Zzyzx88716829,242,482,82,
983846977774305281,sp_433,7465,7675,3884,L.A.nd of libtards
1300118152660094976,MccoyBriannon,773,930,270,
733243513,AmberHumanBrown,6409,6264,3808,
1180480482305302530,2kay24,207,342,9420,
1297394050044108802,Lambchops4Truth,657,932,1381,Australia
1275530056501207042,MeehanColleen,1966,3016,4579,
768969054,JuliareCardenal,9846,7547,16788,El Salvador
871004185092739073,the_cfo_c,18364,18799,5263,Everywhere i want to be...
1237633650125967360,MirkaSlonka,1855,4548,13897,Pilznokręg Nagórnokudowice
