user_id,screen_name,followers_count,friends_count,statuses_count,location
806483762330488832,GregoryInez2,11149,11589,10039,"Naples, FL"
2321151825,blessedgirl84,2729,3196,60332,
821921699805429761,TonyRic26861150,1316,2657,93289,"Indiana, USA"
732232295806058496,AdamTallamy,1266,3827,516,"London, England"
29660537,MedMindset,2416,874,43293,
834855740468756480,theblazingpress,2250,469,4432,
1162079078951710720,trumpet_news,1950,85,787,
946476448373645312,JimSTruthBTold,57656,54828,6938,United States
1108746006110318592,ed1_fasteddie1,20097,21341,4501,"Florida, USA"
958805877817069570,Cook4USHouse,41914,45538,4547,"Hager City, WI"
896757271,fiftymaker,3776,4582,6947,An elevated position
2294762225,LoveTrump_45,24176,21603,107823,"Pennsylvania, USA"
98055943,eddiedial,31940,31962,34171,
873994480621322240,DRATallahassee,1136,1565,1063,"Tallahassee, FL"
3490454713,thinkamericana,15454,1873,24607,United States
825054615481618432,wemophil,38663,42523,39003,United States
791948359216967680,ArnotbUp,13301,14072,27070,USA
756533671750995968,JeepReisende,27860,28649,40725,"RI, MA, CA, Japan, Indiana"
411919337,BaronTrump2040,16569,16860,4857,"LAND of the FREE, USA"
1060929786464239616,1MagaPatriot,16394,16568,66163,"California, USA"
