user_id,screen_name,followers_count,friends_count,statuses_count,location
578309257,VMRennell,41,287,2295,
127941629,GrrrGraphics,239373,24578,48306,"Montana, USA"
601535938,RealMattCouch,541994,113537,323592,"NW Arkansas, USA"
7702542,DLoesch,1268135,4285,137025,"Texas, USA"
35039490,MarkDice,694288,368,10338,MAGA Country
42670638,mercedesschlapp,221749,2651,29176,"Alexandria, VA"
823367015830323201,Scavino45,878907,989,6704,1600 Pennsylvania Avenue 
818927131883356161,PressSec,6349171,330,4309,"Washington, D.C."
2465189046,WhiskeyRiff,124908,1398,23701,USA
2859616600,ThatSippiBitch,13585,14085,9501,"Mississippi, USA"
952758329301807104,TheSharpEdge1,152448,894,40262,United States
1050459109202518016,cain_nate,112446,17060,8124,"West Virginia, USA"
942618447443144709,elenochle,184696,1788,36807,"Michigan, USA"
2375777923,CodeMonkeySTU,2648,888,3986,"Palo Alto, CA"
2746741969,SteveScaliseGOP,67742,742,810,"Jefferson, LA"
140544619,TobyGodbey,5602,5238,2429,"Virginia, USA #MAGA #WWG1WGA"
8157452,BillMoore20,116247,114478,308052,"Pearland, TX USA"
1728681320,PlayInCollege_,15990,14870,75254,United States
984154248433762304,Wills_Place,77312,77160,75476,Mid-South 
1097922813648883716,7777Pedram,425,924,1338,
