user_id,screen_name,followers_count,friends_count,statuses_count,location
1201670995435646976,laurenboebert,341584,1123,2913,"Colorado, USA"
44385628,gregkellyusa,286367,1463,2991,
22869693,SchmittNYC,90939,272,9007,NEW YORK CITY
1314703570822930432,RealRLimbaugh,630899,1,130,"Palm Beach, Florida"
633966700,AlanaKStewart,50356,1054,19785,"Beverly Hills, California"
44067298,michaelmalice,163030,960,118965,Brooklyn
82447359,ScottBaio,648361,26524,21738,"West Valley, CA "
875856268056969216,DC_Draino,444294,391,6408,IG: DC_Draino
187680645,LLinWood,907865,8105,13441,"Atlanta, GA"
307039459,molmccann,154561,793,6634,"Texas, USA"
36362259,JohnClaytonNFL,1355226,254,5475,"Seattle, WA"
33417701,ScottFishman,125299,53204,41539,Carolina
1326692782778540034,PatriotVixen,106,86,603,
1025922902414188544,Blackstonecomms,11096,10137,18510,Anytown USA
1626795866,K12Lioness,36290,24686,267350,🌎✨💫✨🇺🇸
412833880,michaeljburry,159913,22,1, lỗ nhớ
1306600467070423041,McfadinJennifer,48,251,24,
22677397,atensnut,498182,6468,23847,"Fort Smith, Arkansas"
3139131148,NickRicci5,25491,16752,9124,Wallingford 
436510306,kelvinjstudios,1585,662,9456,DMV AREA / US Travel.
