user_id,screen_name,followers_count,friends_count,statuses_count,location
160891549,sharrue2,549,1302,8997,"Beaver County, PA"
183767243,AJCGlobal,257343,671,21372,Global Jewish Advocacy
1075904377221722113,RepFletcher,18037,135,1839,"Houston, TX"
1112744620247662592,WesleyHuntTX,50277,208,1392,"Houston, TX"
488580338,RhondaHurley2,49839,48617,284938,USA
14504859,DuckDuckGo,1667935,1261,43602,
1272267106352984064,FREEDPeacock10,17011,2400,48503,BackTheBlue
1201282115599392769,VFuska,145930,105,564,
762389795037294592,TheRightMelissa,534829,2017,53996,
4639413136,marklutchman,309764,564,2942,"Philadelphia, PA"
32626129,KayaJones,455464,19032,68844,America
18005085,MZHemingway,691919,1313,105205,Justice on Trial: The Kavanaugh Confirmation and the Future of the Supreme Court
586707638,SidneyPowell1,1241680,1983,107792,USA
778763106289758208,JennaEllisEsq,881315,1279,27835,"Washington, DC"
1088873419721056256,BDSreport,7100,644,1921,
1239307288717991936,TArrived17,26868,1470,6080,
491719838,TPUSA,470202,33391,25499,The United States of America
22677397,atensnut,498280,6468,23848,"Fort Smith, Arkansas"
15212187,bennyjohnson,380555,1836,49280,WashingtonDC/ New York City
240454812,GenFlynn,1202395,29560,2002,"Parler, America"
