user_id,screen_name,followers_count,friends_count,statuses_count,location
453144804,PINKYPIE41,5077,5416,146513,"Alabama, USA"
977030624547672064,33Sail33Comb,441,550,60141,"Grand Prairie, TX"
302783968,YaffaDina,2101,1600,179572,Belfast to Brooklyn via London
261353132,lzapp16,1692,2122,155845,
1221959033621504001,92exchangestre1,192,642,13120,
827011760876093440,LadybugKae,399,292,118940,
362095262,aprairiesong,1175,3032,202303,Illinois USA
1250870427943161863,KevinQuiles16,18,131,242,
88702710,chenweihua,61649,2487,29677,Brussels
2894309192,RealAlexRubi,27033,999,22081,"Distrito Federal, México"
13149462,PrisonersMantra,66,1684,7406,"San Francisco, CA"
220526324,WeManifestPeace,1878,1544,34481,Unified Heart-Mind Nonlocality
16745361,harikunzru,66043,3171,30138,"In the Cities, in a Time of Disorder"
1095261895643332608,GreenNewDeal_EU,6009,6,54968,"Berlin, Germany"
45592950,kessaho,1680,2974,126689,Ashill England 
1019402068560437248,ChrisRi80029765,1311,4994,119484,USA
1298689374494892041,nc8901,825,2044,362,
1062298198138597376,othmanalzaq,1251,0,2118,أعيش في عالم موازي ⚡
956620773057232898,EinarsonNan,209,435,150496,"Milton, Ontario"
4153328243,joe_kidder2,7580,8111,207810,
