user_id,screen_name,followers_count,friends_count,statuses_count,location
820220397702483969,DDRitchie11,4585,4954,6793,United States
964668902939783169,johnsmi81736453,482,980,318,
836639756775731200,Blonde193,2078,3113,102831,
912001125083164672,ArcherSpeaks,26,231,66,United States
1324579241430798339,BrianTh37895972,29237,381,15157,
822963445653860354,_bbailey0011,1205,1616,9201,Planet earth
126984330,therealwireguy,2554,4149,222,
18005085,MZHemingway,691937,1312,105203,Justice on Trial: The Kavanaugh Confirmation and the Future of the Supreme Court
1029870852878295040,CatesDuane,58505,4102,161449,CATES COMMAND CENTER
2491643024,ademore52,2522,3955,4130,
1336496288792272897,Truckers4T,2051,3916,16767,
82535786,AafkeTT,234,563,180,PlanetEarth
1315744786775760897,LRiley51529515,788,1265,1236,
1310976573626109957,justice1886,1576,2180,11701,
1307722761134112771,DonnaMa57910292,609,1907,10737,
1486546596,terriro76620666,7390,7703,63125,
1170473256354308096,hackenknall,5056,5548,18943,Hyperborea
1324787374518317056,GRANNY83736386,1349,2351,8530,
95294663,jorge_tamachino,580,1178,2229,In this wonderful world 
1284883740137668608,RoundTablePoet,1152,2074,4777,
