user_id,screen_name,followers_count,friends_count,statuses_count,location
1617964620,15thMEUOfficial,10608,538,4231,Camp Pendleton
2299748280,WandaAirey,4105,4997,79894,
1273076653057589249,Allenma15086871,25779,8206,18116,Fort hood TX
745167798486212610,TheBatman1961,4844,4939,20770,Brisbane Australia.
192547775,PressTV,247725,62,233926,"Tehran, Iran"
1296519141763846144,RedWaveWWG1,29472,1439,18242,
1200876066975424512,JNeBUgs,1097,630,19984,United States
449850814,jfradioshow,36411,27879,38564,"Washington, DC"
1881296893,PatrickByrne,198313,175,3520,Inside Deep State's OODA-Loop
256563406,BillWhiteNY,25972,8374,6171,"Atlanta, GA"
1216621876656537600,FehrNessonly,106,396,2185,
1242534200634478593,RealPNavarro,118471,10,428,"Washington, DC"
20793819,the1murdock,32644,32854,227067,"Scottsdale, AZ"
1051991690167418880,FoxholeMedicine,12634,7143,31395,RT does not = endorsement
1336604509502488576,magaQ75,29,32,358,
90915217,JneenTweets,17784,17848,55268,USA
1199772084102033410,johnlufe,904,1260,56311,
264501955,MichaelCoudrey,311141,120,12867,Instagram.com/MichaelCoudrey
6782762,ali,215636,1894,30280,United States
1290635110149169152,Wizard_Predicts,187241,1692,11910,The Swamp
