user_id,screen_name,followers_count,friends_count,statuses_count,location
377731828,taomori0606,6643,6132,7332,
1326147693077532673,Ezibae1,481,1389,6,
3452617943,RebekahRassel,10623,1257,1361,
1338909287129681921,cendlish22,573,783,73,"Pittsburgh, PA"
1265456717975912448,realsaucemanx,1691,1929,645,
206529139,DmaleModel,224,1438,464,
815873450736844800,DogZander,9617,9837,43878,Eirenaeus Philalethes 
1284262415224328192,dirtydiscooo,25234,1032,17797,
1324446010484154376,Sadie_1030,609,876,8135,
1258049885582110720,HazelbakerTammy,36,134,666,
1321927396971421701,SusanStJames3_,13330,9842,532,
1305529287747932162,Timberline87,407,1372,99,
2389659709,StephanieRudge1,3241,4999,5384,"Dallas, TX"
1143937308502024192,shot_gangster,7260,6441,40654,"Top of the World, Ma"
509072423,LeashesofValor,25643,52,4232,"Milford, VA"
1120731891768930304,JovanMalik1,1533,4655,52459,"Mexia, TX"
1095816582658490368,nicole_nix_,13632,13024,33344,
4137081675,lynnegoodwill70,4607,4891,57339,"Pennsylvania, USA"
866022726120636416,ShirleyMSchulz1,3607,4657,2848,"Seguin, TX"
865475209,Anna_Da_Suza,12037,11260,95589,"England, United Kingdom"
