user_id,screen_name,followers_count,friends_count,statuses_count,location
21372714,gadgetogeek,1622,1650,83,New York
1325046107458691072,dobuybitcoin,3532,2101,1648,
712869200075821058,Court_Dog_1776,19087,956,5367,
1305113609761157122,hang_zen45,119,155,94,
1284026219009376257,Wes65973793,128,571,540,"Germantown, OH"
64405364,VictorCrawford1,2223,4993,41431,I'm Everywhere!
4552682975,lance_bivens,8733,9134,315586,"Connecticut, USA"
1307363170210766849,SamathaMontgo20,640,1397,2193,United States
317855151,jacobspm,3450,4105,75656,
122266920,avibob7,2345,4840,6767,"Valley Glen, Los Angeles"
1264378361830309888,edsonjorgealve5,1755,2151,16899,"São Paulo, Brasil"
1240067677831528448,Michell67674658,223,603,866,
2546604024,2014_judi,1502,1397,62613,"America, USA"
1342508972,JanJannmarie,1374,2581,5093,
22591187,feathered3,3870,4970,18044,America
48842856,Neptuno05,983,1073,19455,Mundo
1908970620,BronxBombers_2,3271,4700,14034,Earth
4512790945,KanPatriots575,32,178,355,
1310614767212670977,jnk9693,261,702,1775,"New York, USA"
1551235124,LynneAtwood1,2722,3656,16679,
