user_id,screen_name,followers_count,friends_count,statuses_count,location
778763106289758208,JennaEllisEsq,881243,1279,27835,"Washington, DC"
1271574939330584576,RosenbalmMikol,1,0,3,
1258442075718049793,madihirst,27,69,0,
1314703570822930432,RealRLimbaugh,631108,1,130,"Palm Beach, Florida"
850036892,Project_Veritas,863454,879,9646,"In a bunker, Greater NYC"
22203756,Mike_Pence,6073490,46,13155,
2835451658,MrAndyNgo,837844,821,18427,
16523905,robbystarbuck,211454,5259,71755,"Nashville, TN"
15764644,SpeakerPelosi,6179831,359,11079,San Francisco
36528126,kirstiealley,1612385,917,78150,Hollywood
770120310,DuckDynastyAE,1863180,3975,20259,West Monroe 
1149115340,DuckDynastyaday,2214,78,128,
1561192512,FansOfDD,1104,27,44706,
59482886,Arightside,17106,760,23145,Washington D.C.
1052225335318712320,annvandersteel,112104,5475,43697,"Florida, USA"
586707638,SidneyPowell1,1241680,1983,107792,USA
1210713200066539521,EmmanuelTapiero,771,112,84,Always Traveling
466864852,BoSnerdley,233885,1660,187557,Southern Command
877022416735657984,friday_newmusic,6829,542,1464,"Seattle, WA"
1098091506886471680,laralogan,217352,734,4818,
