user_id,screen_name,followers_count,friends_count,statuses_count,location
1295173121696124928,centrright4trmp,5424,574,7766,Arizona 
4905675219,CTRUMPMAGA,402,347,25119,
1298023453828628480,Qatriot172,1834,2915,6651,"San Diego, CA"
2847221717,DNI_Ratcliffe,429342,859,29,"Washington, DC"
18005085,MZHemingway,691931,1312,105203,Justice on Trial: The Kavanaugh Confirmation and the Future of the Supreme Court
25837289,BernardKerik,250639,6231,22998,NYC
37127853,Longie2,14241,13909,22947,"California, USA"
506529550,tnvolfan109,7511,4158,6411,Tennessee
1010225201949310977,pieno_siciliano,1416,1979,17939,Texas
820067620338679808,TakebackUSA2,17698,19141,65373,United States
86121977,imthemommy6,4181,2668,47848,Capitalist USA ❤️🇺🇸💙
1278136277846515712,klapperchas2,2957,3011,3924,
1263929304833908736,DJTGOAT,21049,21311,57248,United States
453315760,forgature,10196,10102,48847,"Greenfield, WI"
1308869166489907203,Bonface69822076,281,1863,26,
331908924,Blizzard_Ent,1394784,209,7588,"Irvine, CA"
17258481,Wowhead,373903,284,25819,Azeroth
1328103492863586307,MarcellaJusti11,1085,1583,441,"West Virginia, USA"
476386305,GeorgeHaught,4847,802,9340,Monaca PA
210685981,STORMBLADEX69,15930,16833,142715,Seattle Area
