user_id,screen_name,followers_count,friends_count,statuses_count,location
1096975711,MountUnionFB,12376,66,3507,"Alliance, Ohio"
1092143552862318593,RyanPrusinowsk3,113,218,18,"North Canton, OH"
712666627,VikingVillageNC,1939,228,2529,Your moms house
490799145,baum4888,125,115,20,"Greentown, OH"
2172922045,OnePerfectShot,618900,2712,189989,"Austin, TX"
968650173944647680,mindset4footbal,481,1466,669,"New York, USA"
264361128,Liz_Wheeler,564579,866,35630,
194144771,1480whbc,5832,3350,44926,"Canton, OH"
64408373,OHSAASports,122253,847,23387,"Columbus, OH"
484200697,BlondeBrains100,5195,4817,5943,"Chicago, IL"
2279892463,BazemoreD,4013,4741,63715,
1104971798255304705,agan_shon,407,628,3209,"Chico, CA"
882046183580893184,MelRoseCab,665,1041,856,"Arizona, USA"
835441211922001920,JimHaley17,6585,5179,72898,
953770070156742656,followtha_WAVE,80,238,303,"Atlanta, GA"
17670201,rimajo,769,1197,11522,WI | USA
1155500124296097792,VicSmit02178321,3834,4283,62183,
244222832,mlrun,1262,3247,767,"Kansas, USA"
1151973208507277312,debrjoh2,1860,3349,3476,"North Carolina, USA"
1955132936,varepall,294033,315910,32409,"Reston, Virginia"
