user_id,screen_name,followers_count,friends_count,statuses_count,location
907314822328582145,jonbonjovi,118009,13,172,"New York, NY"
1026837220454526978,nicoleloisee,6636,1479,81433,"North West, England"
73235230,emilyviolettx,3396,193,21255,UK • she/her 🏳️‍🌈
977641427789283328,helen49789134,399,526,31194,
2835396615,RickyDragoni,39917,37294,38230,"West Des Moines, IA"
925475420354547712,BIMbelieveinME,13972,14991,12864,"Portland, ME"
200147510,tuckerdalebooth,13859,12310,69466,"Redondo Beach, California"
22278373,artsngrafts,7044,1816,48112,"Scouser in Northants, UK."
819291380342210568,unicornmommy3,1248,959,36447,
2865626881,PinksterC_87,11070,9901,33832,United Kingdom
1034112536663257088,Littleflynn2,879,291,4475, United Kingdom
2195598862,judyannewolff,15045,11389,2668,Bristol UK
88861017,YackyDoodleDnDy,27880,30641,262004,America Central(Costa Rica)
94499619,drsurendrpathak,20037,16927,65384,"Ahmadabad City, India"
821106599590764545,ByeongKim162,3971,4955,4648,
2920033789,mhall55nine,41268,29558,1040703,Post falls ID
952076537490272256,Gloria91191464,835,186,26198,Soy como el viento...         
871493726899773440,Patridley35,4166,4737,5970,
2420861179,rudirudenski,9739,9398,12604,Paz
794884899320827904,strongertoget,10687,3760,21775,
