user_id,screen_name,followers_count,friends_count,statuses_count,location
1264004462558900224,yakwtfgo92,20,83,258,
1324049167149420548,VisiblyVincent,21,54,393,IN your mind
349347318,PeterAttiaMD,140458,86,7096,"Austin, TX"
66590132,foundmyfitness,340051,163,7944,
520445177,davidasinclair,130946,1035,3456,Boston
75742264,tveitdal,308067,117117,53411,"Arendal, Norway"
326665662,Alex_Verbeek,255156,94347,17323,"Ottawa, Ontario"
948288110,MaxSedgley,444,466,722,"London,UK"
829901695261880321,DTrump_Cat,2836,2643,42763,da whitemouse
55028345,CreightonForTX,13468,7359,1571,"Conroe, TX "
19087480,jewelsong22,1141,3560,1976,Lake Forest
1205486647,DrJuanCarlosRey,77443,74755,2196,"Danville, VA"
2975722854,MrNegroMilitant,106701,152777,261345,youtube.com/c/TheMilitantNegro
4864972734,j_anna_kim,216,266,5198,"Los Angeles, CA"
155078285,andyrosebrook,1371,3323,225826,"Fairfield Bay, AR"
212525935,pissantpartisan,945,1729,47188,"England, United Kingdom"
287453721,garyhgoodridge,91446,73062,65124,"Barrie, Ontario, Canada 🇨🇦 "
50282969,jahzzar,920,1106,26856,Xixón
2181668744,mysticmckee,71,111,1199,"Olympia, WA"
255730745,Rose_Marie_Holt,3253,5000,207696,
