user_id,screen_name,followers_count,friends_count,statuses_count,location
1292286823452958720,YellowCube7,23031,2125,2576,
1322693567765237761,EzraACohen,106944,61,59,Pentagon
30789710,ToddAnon,6499,7104,5378,"Lafayette, LA"
46610491,LordSangOne,31299,31422,126543,Good Samaritan Works Inc.
105112655,agentm0m,3786,4992,106668,Quick!  Look behind you!  It's Trump and election day is coming!
710088641243123712,MMjustified,36083,36334,446501,Everywhere & Nowhere
21013101,LilBird2U,4467,4997,6610,
1898691468,Linkreaction,2621,4409,24526,
1617268405,gregalcaro,1121,1245,1434,Philadelphia
1191880091543973888,BushnellJenn,500,844,1049,"St Petersburg, FL"
3082181212,Zenicity,1580,3320,6728,
950215904419131392,Destroycabal,182,966,42,The Left Coast. “Antifa Land” 
721017228,RasSwan_aka_JS,35,262,512,"Connecticut, USA"
860779938,MariL0111,16,151,176,
920758115842211840,Ton88125843,7,100,6,"California, USA"
1314334565662683142,TishaMayfield,205,1509,1632,
1243032627944157185,ReddingtonAlice,25013,17756,16901,
726150987010830337,ReelFreeThinker,1274,1589,3363,America
36528126,kirstiealley,1612306,917,78150,Hollywood
