user_id,screen_name,followers_count,friends_count,statuses_count,location
278385826,morgancjonas,1623,712,1983,"Melbourne, Australia"
1298786984496832512,reignitedemaust,1482,51,331,Melbourne Victoria Australia
1307894464917041153,advocatemelaw,602,42,78,"Melbourne, AUSTRALIA"
1038748858241581056,Origsmartassam,28265,677,2659,"Melbourne, Australia "
818948638890217473,RepMattGaetz,1165277,899,7136,
350822109,ElijahSchaffer,276670,617,8887,America
240454812,GenFlynn,1202614,29561,2002,"Parler, America"
1060487274,RepDougCollins,554829,1000,5419,"Gainesville, Georgia"
2352629311,HawleyMO,488554,990,5069,"Missouri, USA"
344972339,RepDevinNunes,59219,17,218,"Washington, DC"
2847221717,DNI_Ratcliffe,429546,859,29,"Washington, DC"
2750127259,RepLeeZeldin,331732,1966,4094,
1194770389634895873,BonginoReport,209914,22,5894,
109579534,EliseStefanik,382521,2033,11369,#NY21 
58579942,mattgaetz,866894,2707,14441,Order FIREBRAND!
592730371,JackPosobiec,1267134,965,73764,Valley Forge
7702542,DLoesch,1268136,4285,137025,"Texas, USA"
35039490,MarkDice,694316,368,10338,MAGA Country
1094902785907208193,wufcofficial,7766,2456,2618,"Victoria, Australia"
76438819,deneenborelli,141226,3174,96090,New York
