user_id,screen_name,followers_count,friends_count,statuses_count,location
4203708160,SteinbergEllis,13,30,12,"Westmount, Québec"
2735654302,mrbrainwash11,14,42,206,
1212806053907185664,TheLeoTerrell,440150,456,3807,Los Angeles
20545835,newsmax,918251,573,106712,United States
39871442,GOLDCOUNCIL,167857,362,7865,London
844357254,ThorupMikkel,3658,903,5752,Worldwide
146095589,geraldcelente,100114,153,19334,"Kingston, NY"
93295809,JamesGRickards,172451,2029,48509,"Portsmouth, NH USA"
26626414,tamariskinLA,852,1484,47526,USA
16497528,newyorkpost,7503,4,1,
66106683,SimonDixonTwitt,36222,110,15403,Hong Kong
27000730,Timcast,820127,787,9050,"Washington, DC"
19091173,scrowder,1340648,2745,59295,Ghostlike
18379614,RubinReport,968795,723,85292,Dagobah System
2295012080,PlutoTV,39123,2140,11799,Space
48478726,IsraelinCanada,40463,3533,6568,Ottawa
1012006255,JCats2013,13485,2105,9603,New York City
810055220,ProudElephantUS,12957,12607,17587,USA 
1254568136126402562,TwixBixby,664,212,10545,"New York, NY"
1234029592345632769,NickBra97063176,1359,2015,20880,
