user_id,screen_name,followers_count,friends_count,statuses_count,location
36988190,rkirchmeyer,20832,21439,26295,Texas
2179272529,Doug__MD,3105,3777,3841,USA! USA!
726430866142978050,jimv245,6347,6449,52616,"Alabama, USA"
2835555562,vetpatriot17,30149,30080,25775,Maryland
277277509,ptshapes,72,407,413,Halifax
485807407,octojofo,1396,4165,3671,Rhode Island
831171484471136258,SpaurShana,1670,3337,101,
1315434508313939968,Svinal3,812,2496,9203,"Huntersville, NC"
1252401351369383936,thetrumpfight,269,1110,1942,
268037956,Ig_Bricker,16148,16160,16108,"Islamorada, FL"
623230663,PetiteNicoco,61347,1152,3202,In a cozy place
374568289,newstalkflorida,25486,17193,48662,Florida
14233243,rosethistleart,1855,2476,57854,"Colorado, USA"
1320523995339390976,NuggetBrain2,97,317,1830,"Fort Worth, TX"
1215424719744270336,IR19841,11,80,495,
902200087,CassandraRules,294205,1705,7565,Best Virginia (WV)
787053906966618112,AzConcernedVote,1767,4960,14566,
2436446310,shelli_hassell,681,836,7234,"Oklahoma, USA"
1267860176595451904,Mizpah175,1444,1953,14645,ROC 
1251683656545923082,VicLoyOg,556,1382,5746,"Aloha, OR"
