user_id,screen_name,followers_count,friends_count,statuses_count,location
1010882996436516869,amy_kettler,7776,7423,525,United States
850296351082655744,Lauraf151,908,1979,43,United States
1188828511777239040,KellyWHoward1,1373,1946,33,United States
2314476960,WLMiller2,8610,8063,17900,"Utah, USA"
989846935698894850,nunyanunyanuny,4173,4792,10650,
837366507889905664,419Sadie,3707,4853,13517,USA
22668583,tobayman007,1464,2403,3333,"Syosset, NY"
1209417007,SteveScalise,473973,1272,12284,"Jefferson, LA"
826451723493449729,Pistolannie31,7346,4835,45251,"Colorado, United States"
312272485,AmericAlways1st,18114,17203,8357,"Nashville, TN"
157383259,NewsJunkie107,3601,4609,31379,
329717467,flgidot,1092,1412,26119,"Michigan, USA"
1158544529043218433,DominguezDykem1,1804,2427,365,"Spring, TX"
89842963,Stefild,12458,8473,9431,"Bakersfield, CA"
1277785861770354688,KeepAmericaFre4,10299,10663,24063,
34286067,LeesOldWarHorse,11561,7160,7562,"Decatur, GA"
381678556,Johnny_Joey,133029,3571,44870,"Atlanta, GA"
28731208,Dude4Liberty,25817,167,3527,Detroit
1071463551460618240,adeymua,14,58,3,"Houston, TX"
127623086,DevilDogGraphix,284,227,1760,Virginia
