user_id,screen_name,followers_count,friends_count,statuses_count,location
78087160,gpduf,1396,28,723,"US, Germany, UK"
18152669,GreenMedInfo,23291,3758,21794,"Naples, FL"
1019584943406579713,CathyWr58910445,1188,2210,63425,"Orange Beach, AL"
789950831336497152,CaravellaBeth,877,753,33444,Wisconsin *  Stand For Freedom
26028938,CBNNews,152843,8052,128546,D.C.-Nashville-Jerusalem-VA
1058310158,amybryantdraws,13479,68,50,"New York, NY"
841293004967161857,RewardsXXX,58,0,0,
850036892,Project_Veritas,863414,879,9647,"In a bunker, Greater NYC"
3012905111,Politicochick,538,397,1809,
18544958,GarethPorter,23841,1816,6673,"Arlington, Va"
241797873,VCscanner,80317,696,14080,"Ventura County, California"
1006328651540033536,MonarchFighting,617,938,9633,The Village
67719573,ThoughtCatalog,945089,21,98366,"New York, NY"
21032566,WorldTruthTV,27451,2,233325,N.Y.C
194779710,TECHGANTUA,2456,2934,80006,
865542924221652992,omraj_jeetun,1147,870,41638,"England, United Kingdom"
1384996994,Homestead4Honey,67389,63397,32693,
952364011,ancientorigins,53193,160,50758,Ireland
443681853,_Present_Truth_,1150,4588,35847,
3385068466,AliceRothchild,56666,38889,10237,"Seattle, WA"
