user_id,screen_name,followers_count,friends_count,statuses_count,location
4041824789,RSBNetwork,382233,527,18344,"Auburn, AL"
4312282894,Maximus_4EVR,117631,200,72864,🇺🇸🇪🇸🇮🇹🇰🇷🇬🇧
201066140,pnjaban,234743,2125,71138,San Francisco
247299000,dannyrussell53,550,2856,18888,"New York, USA"
6782762,ali,215683,1894,30287,United States
40891771,WhitlockJason,437767,524,53844,Nashville
46671731,ginacarano,591222,700,3549,
66533920,ZaidJilani,80398,4898,1704,
18604137,RonColeman,162906,1132,240589,"New Jersey, USA"
13829492,Garrett_Archer,54379,1626,20860,"Arizona, USA"
2438831503,ChanelRion,605682,18892,21790,"Washington, DC 🇺🇸🇰🇷"
1290635110149169152,Wizard_Predicts,187347,1692,11919,The Swamp
1188952552785829888,bishop_gains,1497,386,20161,"Phoenix, AZ"
909562273127178240,realikamusume,4792,969,148530,海の家れもん
1230237046767341572,AdamInHTownTX,15506,5297,31474,"H-Town, TX"
7900962,lhfang,179848,2322,16888,San Francisco
169725807,MiLick74,5354,5918,387548,Balneário Camboriú - SC
17469289,nypost,2116683,11370,363097,"New York, NY"
232901331,dbongino,2866201,861,74934,"Florida, USA"
242960383,GamebredFighter,670541,3641,4294,Miami - 305 DADE
