user_id,screen_name,followers_count,friends_count,statuses_count,location
1254080368606658560,1Q261,3,20,9,
298336075,Jemmi14,164,539,12991,
48390207,LoneFox0101,13552,14897,31546,United States
2739059517,kglang95,34,1236,637,
18856867,zerohedge,844691,781,411305,
3401364074,SomsonKathy,6799,7090,20672,USA
1175045729527746561,brandon07_82,6499,6648,3127,Bama Country
78698140,Pciota,6369,6430,7136,Akumal 
154593813,KBrew4,24444,21668,37848,United States
939677568726388736,nettieraymond15,7177,7521,55296,
800452747413700608,CarolLynn6952,29422,31712,102066,Ca.
1262948091730317312,BillieStinnett1,5482,5958,7076,
839990114226909185,beeyouknit,195,629,337,"WWG1WGA, 🇺🇸"
3327671199,DickHindleg,18226,19485,14400,United Kingdom
1968904392,flaworm,11138,11234,7836,
121532017,stella_immanuel,194626,98,929,"Houston, TX"
978606266040938496,no_itsmyturn,23925,818,67615,KolMakom 
6999252,CoachBee,1833,4996,15398,Californistan
1109884084858306560,scott_samo,4231,4618,936,"Lafayette, IN"
71073547,RickBrunsman,8683,8801,27370,United States of America
