user_id,screen_name,followers_count,friends_count,statuses_count,location
2217936319,digiteracy,1366,993,1446,"London, England"
2248283053,DrLauraPinto,964,938,1730,Toronto|Windsor|Oshawa
1161151028,CWCAssoc,1253,2785,4947,Canada
345764607,melissametos,381,350,4334,"Pittsburgh, PA "
1335676191148273668,SophieWodzak,88,221,61,"Pittsburgh, PA"
377140532,Michelle_Juel,564,862,5176,"Denver, CO"
790930945364852737,williampdance,978,392,2166,Lancaster University
1213427257428983809,Ahmed59882901,99,828,28,Spain 
2195704844,CritDiscStuds,1257,345,1063,
856482139,GlobaLangMtl,295,295,8797,
3230277400,Barakos_E,917,673,1660,"Hamburg, Germany"
1670542950,MKhosraviNik,915,595,1082,Newcastle Upon Tyne
279141462,NSarkhoh,631,299,1167,Kuwait
831293109099192323,baddg_,1464,526,17282,canada
2747657225,DiscourseNet,935,1200,3277,@DiscoursiveFields
2349713293,DiscourseofEd,1521,702,1423,
515558682,VeronikaKoller,2473,170,5819,Stroud/Lancaster
324612422,rjzahrani,485,848,13285,Saudi Arabia
908502062,okfem,420,920,1847,Munich - www
4250284695,hajar_khalifa,851,633,13369,"IU, USA🇺🇸/KFU, SA🇸🇦"
