user_id,screen_name,followers_count,friends_count,statuses_count,location
1273076653057589249,Allenma15086871,25801,8206,18120,Fort hood TX
1125482587063975937,joyinliberty,11624,7773,30634,"Kennewick, WA"
1322307116485496832,mill4lib,1552,1993,4413,
1340124483655507969,MajorKillSwitch,10779,978,116,USA
19211550,gatewaypundit,456285,1509,115158,"St. Louis, Missouri"
847927252444688384,IvotedT,9094,8927,31898,Cryptologyville
3301847203,BenKTallmadge,69326,17643,260013,
630934199,j_mcdee,1612,2110,36094,
339984356,IvanPentchoukov,74211,2836,8959,"New York, NY"
331020289,jessiprincey,47518,411,8323,"Dallas, TX"
1268010618726072331,SeanCordanon,74439,10988,23587,Utopias Ghetto
1196283311661834240,JUSTICETIME7,27310,11659,37495,Socialist Republic of Oregon
1290635110149169152,Wizard_Predicts,187250,1692,11910,The Swamp
1278570772135505920,weiyuksj1,18863,68,1282,Canada
895103978547150851,RhodyPatriot,5851,2566,3778,"Rhode Island, USA"
1268364967360815109,NoClutchTruth,20115,1145,12023,
23317891,docdhj,76848,6035,70572,
1133781254959239168,SenMastriano,191407,810,896,"Fayetteville, PA"
2940969333,Caria_Anne,1861,4836,11440,USA 🇺🇸
952758329301807104,TheSharpEdge1,152358,893,40256,United States
