user_id,screen_name,followers_count,friends_count,statuses_count,location
358419991,Lsubet,3904,4812,52431,Louisiana and Florida
439517291,villarre11,3699,4856,181329,
1403463307,markieupton,238,616,5272,
1000572787,watchwoman0908,10776,5119,4134,
2981682513,denisel_italian,1604,3211,8806,Parler- @deniselitalian
3376781080,alcardfan,31376,29901,132575,United Socialist States Amerka
102812699,TrumperDay1,3223,61,15683,"Dallas, TX"
819959560735756288,libbysc53829165,396,372,9873,"Charleston, SC "
916963122488987648,MargereyC,29452,26027,102194,United States
1199730169788948482,TCCpodcast_,3240,294,7697,United States
946409530853855232,The_Gay_Patriot,4145,4107,12641,"Georgia, USA"
84449604,Mod4USA,55065,51896,19608,"Long Island, New York"
830494864072585216,crazytimes4sure,731,783,4929,
256543090,georgiotesta,3922,3776,136655,"NY, NY USA"
885671476627521536,JeffTheGK,17871,19011,55029,
167049356,NathBar1986,1359,765,116746,🇧🇷
185272231,wilfredodiazPR,5524,3017,55720,"Texas, USA 🇺🇲"
887102582216204288,avibebert,22495,21707,268864,United States of america
237044684,CurtisJefferySr,10713,11500,53592,#louisiana 
601327729,eraufly,3314,3259,72265,DC : United States of America
