user_id,screen_name,followers_count,friends_count,statuses_count,location
1062846217418240000,SGirardau,6399,6477,86971,Calgary Alberta
1303258956073033730,esabella_maria,559,3566,59,canada
1308807264061526016,yann_yin,63,210,987,
1304972740382916608,EspritCritiqu20,522,1068,4360,
73177902,DanHanzus,82204,531,36398,L.A. via N.Y.
229178711,footmercato,1258300,444,127283,
1250500127254609924,CovidTracker_fr,12605,1,516,
1254141493780066305,Covid19Crusher,17980,18,3526,
2227229474,VietFooty,2681,245,9462,
4009501402,footnewsbe,1566,4953,83090,
2926136996,GasPriceWizard,15815,3423,36495,"Toronto, ON"
603018371,Footballogue,1242751,29159,160929,
986232040021549056,MarinaMedvin,33791,538,30819,
133663801,BFMTV,2969482,575,502648,France
2912677426,ALERTES_INFO,6029,81,153172,
200659061,UPR_Asselineau,74270,639,16900,France
1325425331860332544,MApaisee,148,3082,67,15 Rue des Halles 75001 Paris
1340938413118263301,yanickmassicot1,36,88,371,
412708728,PierrePaulHus,4963,1049,8338,Québec
1418493008,acalvillo13,953,104,12,
