user_id,screen_name,followers_count,friends_count,statuses_count,location
1150673385640382466,look_fishing,3056,4094,2006,
792416794866806784,fllangpersonal1,21156,22046,12183,USA
1599141961,Mac72Terry,54190,49352,11972,New York Comedian
1156017647017852933,Assanbadjie5,420,4978,15,
805798831019331585,Saadarchy,10877,125,1861,"Planet Earth, Next To Mars"
1133037041501913088,TacoAddict702,1118,1583,1359,"Las Vegas, NV"
749662181579485184,LacyJohnsonMN,225783,705,782,North Minneapolis for 41 years
1081249656162664448,JaneSehmer,6,26,231,
801162435214327808,CASE_forAmerica,31715,32140,2303,"Arlington, VA"
4172858894,RazorBuckeye,2920,4774,6933,USA
1093648117176492032,truenature333,4140,4622,1194,
841105476,windshawdow,17941,18294,53838,
891555390,DebiIrwin,18039,19006,11016,
1111096544906932225,BUB_HOSS,3285,3974,5337,"Illinois, USA"
857283155384033280,MotorCityRigger,14511,14718,7936,"Dallas, TX"
17522884,TimBurt,209253,85463,99960,
952572254033993728,JamesJdauto,64072,69783,144964,IL
190878483,Chris11962,56487,56529,599097,NYC
1150555041767366656,Dee37940550,2996,2010,160503,WWG1WGA
737876050487709696,Footprint_no,34434,26904,3313,"Oslo, Norge"
