user_id,screen_name,followers_count,friends_count,statuses_count,location
1343355479376809984,Utah_17,8556,185,37,
1297666231470665728,JonmarcoSanchez,1098,545,2956,
730814414367162368,Ripple_XRP1,85114,172,5261,"London, England"
1537899096,sashinka2cute,19219,523,5873,"New Jersey, USA"
1161014473001512960,TinkerTricity,11229,9025,44058,One Nation Under GOD
1298710189852340225,JQuest63071850,721,890,8996,
1004572573177294848,KillAuDeepState,80775,21826,16974,Sydney
1237578874424344576,crossroads_josh,20520,44,1025,New York
149681153,jbinnall,117316,1117,1593,"Alexandria, VA"
2388042907,christina_bobb,112606,8683,2008,"Washington, DC"
878239454313447424,Stop007now,4889,121,9394,International
1343077690161713153,dochawgaday_35,402,580,582,
888225282334871553,PJ_Matlock,107362,142,15559,atlas-trading.net
1060325652698710025,An0n661,88879,436,15568,
1052225335318712320,annvandersteel,112251,5473,43698,"Florida, USA"
573498801,simonamangiante,41137,2298,15531,"Beverly Hills, CA"
1219377021685395456,WhipLash347,54044,8272,10887,
1085225533623783424,KanekoaTheGreat,90484,4173,10325,Hawaii
1339694994999959553,Nic_Ohi,10675,106,257,
969426442877620224,CreepsOnAMissio,3994,255,3662,The Swamp
