user_id,screen_name,followers_count,friends_count,statuses_count,location
948842726,KirstenMcKim,537,32,0,
375852740,SaraGonzalesTX,92224,1633,42299,TX
20932641,dynamex,9410,4799,158920,"Lake Shangrila, W"
820648607447654400,DavidKyaloM,14317,841,1991,Kenya
1063215812603985921,Naildrvr1,6888,6373,43046,Behind My Flag
1323585990578130948,CarissaKeshel,19730,58,198,
1052225335318712320,annvandersteel,112003,5475,43697,"Florida, USA"
39334221,pastormarkburns,182416,585,24776,South Carolina
44385628,gregkellyusa,286321,1463,2990,
69048123,BethanyAllenEbr,63528,1638,8717,"Washington, DC"
3248410062,rsultzba,43283,43401,266914,USA and Here to Stay
1100153767708819457,SandySmithNC,21149,3845,1000,"North Carolina, USA"
149681153,jbinnall,117157,1114,1593,"Alexandria, VA"
187680645,LLinWood,906734,8105,13441,"Atlanta, GA"
832978972602429440,GrahamAllen_1,194991,538,4639,
95721490,18airbornecorps,32685,581,9395,"Fort Bragg, NC"
839579044060483584,stewonthis1,23404,21453,235255,"Chicago, IL"
942156122,RepSwalwell,939879,10149,14792,"East Bay, CA & DC (CA-15)"
133028836,AdamSchiff,522244,757,1705,"Burbank, CA"
