user_id,screen_name,followers_count,friends_count,statuses_count,location
17698956,moorehn,103929,7095,154161,"Here and there, hither and yon (NYC/Paris)heidi dot n dot moore at gmail dot com"
16301599,vafkra,381,778,2022,"The Sonoran Desert, Tucson, AZ"
2931820272,heylanaaa,2346,2048,7759,
1063800152119549952,EvgeniiKovgan,110,183,1504,"Moscow, Russia"
841489249157468161,DemocracyDocket,112555,23,986,United States
59524045,billprady,204384,1025,71558,Beautiful Downtown Burbank
1281676179150376960,jai_mountain,195,860,3037,"East Atlanta, GA"
880859563183882241,RachelEGolden,1577,727,1630,"Oakland, CA"
823766058909761536,LynAldenContact,102078,99,5984,
380956211,jasonhickel,100609,993,7593,London / Eswatini
2409925783,commoditywx,4335,72,2467,"Bethesda, MD, USA"
745824471689244672,dremilyportermd,42967,146,2852,"Austin, Texas"
2770288777,sim_kern,12813,5655,13234,Atakapa-Ishak Land
842501352945143809,aidan_smx,25649,3209,23596,"Los Angeles, CA"
1106233568131461121,CevikusHB,6403,1009,2107,"Istanbul, Turkey"
1191478934245904387,thescrewballgrl,1220,992,7777,FLL
1078771401497161728,RepSpanberger,43090,813,3213,"Virginia, USA"
882958562296819714,SpanbergerVA07,58193,907,5190,"Glen Allen, VA"
759442329967046656,biologicalriley,2404,2239,27054,Georgia
1160989196334575623,gingercinephile,453,410,1315,"Tennessee, USA"
