user_id,screen_name,followers_count,friends_count,statuses_count,location
30354991,KamalaHarris,13598242,737,15521,California
939091,JoeBiden,22105761,45,7047,"Wilmington, DE"
273515759,teespring,69343,4117,18203,"San Francisco, CA"
14457324,rossmason,15206,874,6957,"Geneva, Switzerland"
778944871,patharrishomes,232,94,280,Georgia
224410857,Teleperformance,20115,2561,43774,We are present in 80 countries
15358364,MuleSoft,94150,28008,16621,"HQ: San Francisco, CA"
987780156843585536,BrainRoaring,1762,1,105383,
44727381,4g5gWorld,14918,424,2423,"Delhi, India"
3888273677,5gcouk,2615,1987,668,United Kingdom
202590356,HaroldSinnott,74936,45363,91581,"Miami, FL"
15416505,GovMikeHuckabee,1787849,582,13377,United States
49034507,real_defender,63868,3636,12351,United States
2679926082,ascherm97,7,288,31,
281295324,FeaturePoints,312310,10,2307,"iPhone, Android and the Web"
732701934457495553,ExposedScammer,1480,444,6248,"San Diego, CA"
976411944382025729,Scams_Exposed1,74,241,143,
1029600409554309120,UnplannedMovie,280026,3867,1509,"California, USA"
73238146,SenateDems,1116923,2354,26114,"Washington, DC"
14377605,TheDemocrats,2017827,1716,33406,"Washington, D.C."
