user_id,screen_name,followers_count,friends_count,statuses_count,location
15937190,AZGOP,91793,2314,21434,"Phoenix, AZ"
359403242,kelliwardaz,131308,2353,38690,"Phoenix, AZ"
2795404498,PVeritas_Action,248064,710,3158,United States of America
149681153,jbinnall,117288,1117,1593,"Alexandria, VA"
1330274087218851852,PhillDKline,89560,212,353,"Amherst, VA"
1881296893,PatrickByrne,198795,175,3535,Inside Deep State's OODA-Loop
704943112217608193,MattBraynard,164623,76,3856,
43775786,stoolpresidente,1919291,1308,84532,Boston
711188856943411200,PaulManafort,88830,67,163,"Washington, DC"
1334300969266507782,BobbyPiton3,118014,66,1662,
208155240,MariaBartiromo,1003595,1464,33304,"New York, NY"
44385628,gregkellyusa,286520,1463,2992,
1367742536,FarnsworthEddie,6404,434,272,
17993620,kenblackwell,28477,10842,5272,"Cincinnati, Ohio"
33608041,ksorbs,493906,305,18127,California
24822993,tracybeanz,512125,989,66909,
82447359,ScottBaio,648444,26522,21743,"West Valley, CA "
1812055789,CodeMonkeyZ,509934,396,4103,
3047722897,realMikeLindell,393673,9559,2374,"Chaska, MN"
2301891810,Mickeegee2020,25157,11716,22352,United States
