user_id,screen_name,followers_count,friends_count,statuses_count,location
1143692924762415105,lets_be_real45,1590,2349,3215,"Louisiana, USA"
1047582050130321408,koho48275529,879,1559,3944,World ...Europe.. Canada...USA
1244297046737260545,fair3lle,1544,2576,11610,United States
1207747779541504000,KathiCupidsmom,30861,32543,70209,
912350122276737024,Imdragonman420,5923,6479,17164,"Connecticut, USA"
968685540378804225,cbrnetaskforce,48086,51678,91476,United States
1211378500889804801,liberty1619,17249,18222,103,
1130736369876160513,jerrylin52,2880,3114,565,
1301629426661195777,joyceeTrumpgirl,2676,3180,1464,MO.
505914946,rio_lang,2403,3176,64762,
3146523138,realhawkmash,8949,9800,13297,
1231474769305849857,NoMoreWumaoPls,1155,1495,6675,"California, USA"
1051486875901255680,erniezarraphd1,1348,3136,1166,
858869359908925440,noyes_jan,189,375,1415,"Zanesville, OH"
812734040352624641,f_stop1079,19454,21280,25875,South West Florida 
1244424064346841088,b_G2G,3046,4984,19331,Where ever God needs me
4239354074,mrtimwalsh,14647,14219,22977,"The Left Coast of Washington,"
4839872717,ellahoward271,14043,14153,128385,United States
474164675,Gigiii______,1051,3651,6709,
1191757749052477446,HeroAtLarge323,6903,7406,57595,
