user_id,screen_name,followers_count,friends_count,statuses_count,location
1288319695658135552,realstewpeters,62854,83,1362,"Minneapolis, MN"
1329019426365169664,ProfKlausSchwab,18966,152,1,"Geneva, Switzerland"
1084863075365384194,StimmederVernu2,1622,1730,25968,NRW
1167603779568578560,PowerReclaim,5988,420,36559,Multidimensional Paradise
1051719695156400128,ALightWeaver1,7487,3266,14472,Australia
1225779630,BeholdIsrael,157847,60,9516,Israel 
1262383335109730305,KlarKarl1,1794,1602,5810,Deutschland 
2352629311,HawleyMO,486297,990,5069,"Missouri, USA"
1361872532,BareReality,17223,1329,24589,
832978972602429440,GrahamAllen_1,195007,538,4639,
104410500,Claire_FOX5,5736,1705,14833,"Atlanta, Georgia"
4052291878,Achgut_com,44403,396,19979,
1188834335752892416,hallo_meinung,9868,1769,1146,Deutschland
240760644,RepGosar,148742,4499,13612,
515819614,PantherBrigade,10002,162,7244,"Fort Bragg, North Carolina"
135244073,4thInfDiv,10921,157,3470,"Fort Carson, CO"
1854971202,82ndABNDiv,64132,658,11307,"Fort Bragg, NC"
95721490,18airbornecorps,32686,581,9395,"Fort Bragg, NC"
1097009180215521280,3rd_energy,184,893,11,
3376321847,occultb0t,91150,11,29973,
