user_id,screen_name,followers_count,friends_count,statuses_count,location
47739450,ByronYork,468893,1383,48016,"Washington, D.C."
739610364975808513,paulsperry_,338528,4834,19514,Washington DC
1228762162983841793,SpiethLegion,2053,190,17447,
165039823,Peoples_Pundit,225103,5266,82514,"Florida, USA"
589561485,NWSCorpus,24478,162,21925,"Corpus Christi, Texas"
2835451658,MrAndyNgo,837856,821,18427,
334715818,BuckSexton,539980,1544,3698,"Manhattan, NY"
25531732,WeatherNation,181647,2109,146169,
16539917,iCyclone,113804,1437,37693,Southern California
112047805,brithume,1269555,820,23481,Southwest Pennsylvania
704282873231237121,florian_krammer,163480,921,9969,"New York, NY"
19540668,AWMcKibbin,1329,1114,5045,"Austin, TX"
592730371,JackPosobiec,1267052,965,73763,Valley Forge
850507814023942144,GeorgePapa19,754090,15129,7219,
201840221,golfatx,1494,42,571,"200 S. Lamar, Austin, Texas"
1113747629282930688,BallouxFrancois,77796,670,10526,Soon surrounded by wildlife
36458871,RHGR,687,124,1315,
240454812,GenFlynn,1202350,29560,2002,"Parler, America"
3035374285,TravisCOSW,7827,203,25441,"Travis County, Texas (Austin)"
54412900,DevinNunes,1368938,728,3137,
