user_id,screen_name,followers_count,friends_count,statuses_count,location
1336371823898931210,AliceOw76658969,102,331,670,Tx
61580027,deebest0,493,1491,813,"Okeechobee, FL"
879368179054776325,1rogueguy,592,1481,1370,"Florida, USA"
21943222,KristenMeghan,12350,1602,12420,"Michigan, USA"
815947473566900225,KingDrue17,39915,41922,77320,"Colorado Springs, CO"
1271060750602252290,JohnMax12665996,2814,4346,15965,
568513319,DormineyWood,706,319,13262,
1341467021368832009,WhiteSpiderQan1,185,475,277,
84603698,razrbakrok,338,890,11126,
1262094193868115969,mark_capron,90,39,7400,
1337492298800705538,Joyride28415920,135,681,1242,"London, England"
950625219181531136,GingerNevil1,2622,1197,6706,"Georgia, USA"
1300051171537596416,Tess987233813,1079,1286,22088,
1292286823452958720,YellowCube7,23100,2124,2577,
57606996,JeffreySilvey,25,210,32,United States
1242961969507897344,TrimHoof,2038,1923,4880,
994687568611610625,Killuminaticou1,2903,2588,21046,Anonymous
1097348008407191553,Investigator_51,43175,39679,22048,"Nunya, Business"
571806745,AmmoInCamo,10985,9222,7851,
74303349,MarkFinchem,54570,1399,3755,"Tucson, AZ"
