user_id,screen_name,followers_count,friends_count,statuses_count,location
16540406,djsamhouse,275194,107,705,Los Angeles
43483262,KwetterKas,1997,2768,35125,Twitter world
5526292,rockmore,44753,3041,10895,"Los Angeles, CA"
23943320,Wakooz_RSSfeeds,64564,204,21411,Toronto
16981808,Malukynha,958,133,367,"Berlândia, pertim do beraba"
14563201,meetjennmclean,49240,40174,38494,"Laguna Beach, California"
22781553,aniket_kulkarni,240,347,4036,Pune
34767150,dannywhitehouse,49352,32398,34406,"London, UK"
15044502,KellyMitchell,77810,18666,89689,"Napa, CA"
18715112,wombll,128,380,180,London and Ireland
35696386,summerof52,3827,5138,17151,USA
47276724,Pregnanthelpnow,1927,0,14049,Florida
36900363,iambranded,9705,9742,36236,In God's Hands
18478609,staycemichelle,1038,585,9568,
18463079,MiraclesGoddess,34911,29639,43627,"Oakland Hills, California, USA"
19945621,boblange,27622,18825,2389,Cyber Space
12570402,duffer47,28054,35558,141441,"Dallas, Texas"
22276232,successwalls,192810,216837,2516,"Kansas City, KS"
20663063,FreeArticless,11678,12315,59266,Romania
37311403,Bail88ge,25670,34166,16932,New York
