user_id,screen_name,followers_count,friends_count,statuses_count,location
1295173121696124928,centrright4trmp,5319,574,7750,Arizona 
357891015,ahartell,2332,4691,7430,United States
1287507883081392128,mauilad68,14,92,4,
1255769483517419521,CantBreak2,124,221,164,
470773520,fbgrays64,167,389,603,Australia
3359199749,King_Kong5656,3235,3843,4751,"North Carolina, USA"
1265997732851965952,irish65,158,641,1317,
863741609971769344,RealKristiV,1369,1679,2042,
1307843154561777664,love17andyahweh,3693,3649,14918,
1144128948240035840,CindyKendrick11,108169,6242,76269,
1009082450440523776,RitaParent1,12207,12329,51150,"New Jersey, USA"
173700354,mediaknowitall,865,1408,12669,United States of America 
1250359199264980992,MrPain2020,2776,3764,30713,
239223833,AR16HARDING,337,349,320,"Oklahoma, USA"
1271770156499435520,PowellsSupport,8237,328,682,
264480795,krissie_t,5771,6108,3421,USA
88846960,4tylergirl,3280,4491,9705,"California, USA"
1625955996,emeraldAcre,5866,6440,85854,Right on the Left Coast USA
822941081859985408,DeeDeCrist,3978,1173,293119,"Massachusetts, USA"
200163987,DrLee4America,77663,37902,183738,USA Volunteer Tweeter
