user_id,screen_name,followers_count,friends_count,statuses_count,location
525264466,Pontifex_es,18585655,8,2965,Ciudad del Vaticano
246871490,marc_lotter,143010,1234,9276,"Washington, DC"
18956073,dcexaminer,286332,258,511448,"Washington, DC"
51241574,AP,14903961,6949,281110,Global
990659412111978496,QellyAnon,25659,21941,49522,"FEMA Region X, United States"
877883121290674177,DOD_Outreach,16018,29,3471,"District of Columbia, USA"
18005085,MZHemingway,691932,1312,105203,Justice on Trial: The Kavanaugh Confirmation and the Future of the Supreme Court
19338927,MorganOrtagus,26582,3875,10063,"Washington, DC"
259001548,kayleighmcenany,1936492,2284,21771,
138809881,mschlapp,296948,1555,58677,Alexandria VA
357935735,elizabethpipko,10909,75,855,"New York, NY"
42670638,mercedesschlapp,221734,2651,29176,"Alexandria, VA"
17685258,parscale,863672,478,5603,Florida
24578794,Scaramucci,978052,2253,29362,"Long Island, NY"
9376622,tkinder,69594,48353,49549,Here Probably
262756641,senorrinhatch,130641,405,12714,"Salt Lake City, UT"
10615232,ChuckGrassley,690268,13236,9496,Iowa
432895323,LindseyGrahamSC,2075291,2117,12004,South Carolina
16669075,fema,820055,737,22468,United States
825337281405923328,Henryhooddavis,81495,1299,15103,Saint Louis Missouri 
