user_id,screen_name,followers_count,friends_count,statuses_count,location
33152005,EricRWeinstein,448056,839,13055,Argleton
1339290150166269952,TwoBird17209613,44,216,3923,
1341119420375162881,aTimeQ,15201,226,156,
149681153,jbinnall,117337,1117,1593,"Alexandria, VA"
1317296407473172480,Q17Follow,21362,2959,15402,
24822993,tracybeanz,512306,989,66911,
1237612672373248000,Rothbard1776,172851,358,10997,The United States of America
324236072,ObamaMalik,344369,286,5859,"Alexandria, VA"
704943112217608193,MattBraynard,164628,76,3858,
2746965839,Ron4Trump38,9039,4416,58518,"Mt Misery, Texas"
1290635110149169152,Wizard_Predicts,187347,1692,11919,The Swamp
778763106289758208,JennaEllisEsq,882015,1278,27841,"Washington, DC"
17454769,glennbeck,1410582,451,19161,"Dallas, TX. Rockies, NYC."
187680645,LLinWood,914088,8102,13442,"Atlanta, GA"
15392486,disclosetv,242587,470,1878,Join our community 👉
789977198,ChrisRuddyNMX,37463,25,1288,"Boca Raton, FL"
381678556,Johnny_Joey,133030,3571,44870,"Atlanta, GA"
1110684264243302400,GoJackFlynn,227862,5351,18241,
42670638,mercedesschlapp,221749,2651,29176,"Alexandria, VA"
138809881,mschlapp,296926,1555,58676,Alexandria VA
