user_id,screen_name,followers_count,friends_count,statuses_count,location
431742890,DrTurleyTalks,40654,13852,25989,"Newark, DE"
1313472194232684547,karmasjanitor,14250,0,161,ATX / CHI
36528126,kirstiealley,1612389,917,78150,Hollywood
23360808,yogagenie,88502,33374,349098,"Kensington, MD"
110445334,megynkelly,2585058,2385,15714,
18253799,mikeroweworks,424090,243,2356,http://mikerowe.com/podcast/
1298358020339048449,MegynKellyShow,23705,61,494,
1309263863603363841,V2020,68,458,1885,
1006474869570093056,samanthamarika1,299388,249,6820,IG: samanthamasonmarikaa
1150821796112764928,FlorioGina,104927,1077,11102,
1212806053907185664,TheLeoTerrell,440125,456,3805,Los Angeles
1194368246176256001,JaRonSmith45,23582,44,145,"Washington, D.C."
1035360663391100928,RealWalkAway,99116,32,966,"New York, NY"
3170031728,BrianMastFL,26298,648,1356,"Florida, USA"
17454769,glennbeck,1410582,451,19161,"Dallas, TX. Rockies, NYC."
21586418,danawhite,5533358,1884,37642,"Las Vegas, NV"
1191733036133552128,DHS_Wolf,91220,372,938,USA
1062465792212717574,KerriKupecDOJ,102638,46,1248,"Washington, DC"
464136514,BoJackson,226808,85,668,
332590264,theangiestanton,227527,2997,37863,"Atlanta, GA"
