user_id,screen_name,followers_count,friends_count,statuses_count,location
1080170640584265728,iScopesy,3286,662,17752,"Phoenix, AZ"
1206008009052131328,maycontainpod,3680,91,1470,Taco Bell
566891802,Big_E,26469,1340,107708,"Charlotte, NC"
1206043681104564224,IFBSermons,1948,2411,1789,
1118552386514116613,realPOISONkill,3536,105,2758,
47532113,rodemics,78932,313,41562,"Sydney, Australia"
970803336831164416,lovethynerd,1523,263,1797,
2830604556,Lazarbeam,1901996,967,12449,Sydney NSW
1241404619336683522,GamingMattyg,1310,702,2392,
1086915617481940993,gawsies,1562,614,1076,"California, USA"
178533379,JasonTLewisPHT,4839,1261,17883,"Iowa City, IA"
1232548799073128449,TheStavoReffic,1947,1656,3229,
21822997,HotepJesus,179480,1085,338378,
947641877032923136,WatsonBits,37,156,786,Australia | UK
18166778,Jim_Jordan,2014364,3982,4755,"Washington, D.C. "
968772281576116224,_Infinity_Bros_,666,863,5808,"Minnesota, USA"
1179021319771426816,RebornCrusader,333,96,322,
1253942384406085638,coinageekgaming,170,365,1135,"Queen Creek, AZ"
2428949036,Rebukenn,1144,209,11152,USA
917908233314078720,PhillysFinest88,574,732,5837,"Orange Park, FL"
