user_id,screen_name,followers_count,friends_count,statuses_count,location
34050356,Jchawes,311788,83,10639,"Warwick, Rhode Island"
1157788676451160064,truthbekn0wn,13004,13815,17712,United States
4918342668,FVTropicEscape,5623,74,6228,"San Francisco, CA"
2558835048,BeSmartnMatter,11530,11724,61392,"Trumpville, America"
76475158,RebelEricGiese,12648,12762,7197,rural Nevada
83652058,weblollipop1,4269,4599,182207,RetweetsAreNotEndorsements
1166043025157414912,LindaofNM1,24203,24343,17213,High desert of New Mexico
1086049486575714307,DLCane1,3486,3606,20214,"Virginia, USA"
613762727,cdaubitz,8494,8839,49234,"Texas, USA"
2924521561,AcuteAngle199,8108,8445,22791,
4862342390,Freebird187,71611,70159,36259,"USA, BABY 🇺🇸"
118244227,VickieBrown1958,6666,6790,17501,"Tennessee, USA"
703660856547151873,EDDIEXICE,22406,22587,3082,🇺🇸Planet Earth🇺🇸
813837205261189121,MikeRedPilled,18651,18456,64360,"North Texas, USA"
199841160,MrMichaelBurkes,255981,43,40166,In A Hollywood Bungalow
994290877672505345,LoveIsIt61,45769,46137,99717,"Trumpville, USA"
778086440194478080,shannoneffects1,40231,39084,166109,Southern Belle from West TN.
802562022571462656,Melodyjackson59,970,1347,1586,United States
1201867265899188227,AbuGaye4,102,760,3,gambia
865494980,Susanb5874J,72,71,1390,"California, USA"
