user_id,screen_name,followers_count,friends_count,statuses_count,location
321457527,ItsMeHenning,14643,13110,23104,New England
23081478,CBMcEnroe,1955,4981,27999,The beach near the mountain
267045979,ReturnOfBlues,277,362,32890,
803378728663449602,maydelynnj,1106,3452,6522,"Vancouver, British Columbia"
1670964756,Anngreg67097884,956,3246,27707,
4653926652,luneargentee,615,299,26274,
1160674721232560128,areYouTheStan,1086,1871,21292,
770759270,GetWisdomDude,41424,41906,106842,
828440121632497665,thebestkiril,243,991,14122,"New Orleans, LA"
227010728,KaraCalavera,31444,3011,186684,The Paris of Appalachia
440549789,jaelynnCA,759,1256,5095,"California, USA"
30039119,LancelotLinkSC,1063,4990,123454,Chicago
30710648,painterkathy,123,1933,3344,
54734967,DeKingone,2101,3307,6624,USA
277336305,AnneofKingston,477,1338,13394,🇨🇦🇺🇸SnowMexican/American 
1323090929750867970,DanielM4USA,44,1339,1147,"Illinois, USA"
366281032,Climate_4_All,882,2924,2889,"Hollywood, California, USA"
1018892168126193664,Talk_Nerdy_2Me,185,546,13176,United States
3082986275,RachelRGonzalez,39355,22130,34076,"Missouri, USA"
842365457906593793,yesprotest,403,1095,16140,United States
