user_id,screen_name,followers_count,friends_count,statuses_count,location
524990662,DenzelWashngton,147195,0,464,"Los Angeles, CA"
11348282,NASA,42768257,210,63533,
131198811,alexotaola,41968,356,20795,miami
592730371,JackPosobiec,1267107,965,73764,Valley Forge
1209936918,OANN,1730324,78,132061,
26487169,LouDobbs,2327900,2122,36547,"New York, NY"
21536398,GreggJarrett,805312,111,2025,New York
18247062,JudicialWatch,1852965,1893,81451,"Washington, DC"
208155240,MariaBartiromo,1003624,1464,33304,"New York, NY"
1212806053907185664,TheLeoTerrell,440166,456,3808,Los Angeles
195271137,larryelder,958110,135,64044,"L.A., Calif."
850507814023942144,GeorgePapa19,754302,15130,7220,
727648168171610112,james_mccoy_t,47812,4585,2678,"Texas, USA"
2693406407,AlvedaCKing,108013,18709,2634,"Atlanta, GA"
1367531,FoxNews,20185854,260,422219,U.S.A.
17454769,glennbeck,1410568,451,19161,"Dallas, TX. Rockies, NYC."
237348797,TGowdySC,1282468,350,2095,South Carolina
1074480192,SenTedCruz,1943994,6486,15546,"Houston, Texas"
216881337,RandPaul,3123889,504,14319,"Bowling Green, KY"
122148805,RNapoles,6285,1830,14383,Miami
