user_id,screen_name,followers_count,friends_count,statuses_count,location
952758329301807104,TheSharpEdge1,152358,894,40256,United States
122429270,benjaminjinno,3971,320,1148,"Baltimore, MD"
413426019,IlluminatiEyes,8480,151,8590,
44196397,elonmusk,41243117,102,13241,
3309371255,LauraBockov,6214,638,60132,Aggregator
1340124483655507969,MajorKillSwitch,10777,978,116,USA
350822109,ElijahSchaffer,276669,617,8884,America
233000889,fleccas,250647,4152,11090,"St. Petersburg, FL"
17282663,nickwallis,22707,3819,39986,London
586707638,SidneyPowell1,1241571,1983,107792,USA
704943112217608193,MattBraynard,164606,76,3856,
18115644,supertad108,362,491,3814,
1050459109202518016,cain_nate,112466,17059,8122,"West Virginia, USA"
303675008,PHARAOH_ATEN_,64709,1434,5734,"Buffalo,NY"
27146170,Tetsuyama511,6822,7500,186246,Amphoe Mueang Chon Buri
919757026779172865,mulierviatorem,107,1166,701,United States
1177583302036873216,SKihne,4327,2478,40478,
930470485221142528,RebsBrannon,10770,668,2572,"Minnesota, USA"
826419253347745792,99freemind,124936,2131,144504,"Ontario, Canada"
534881613,Annakhait,334105,1055,41653,United States
