user_id,screen_name,followers_count,friends_count,statuses_count,location
1604444052,dodo,2274409,4447,67176,"New York, NY"
1253190419053187073,QanonV,1062,239,5506,
1122180805743214600,OomoToa5,3180,8,410,"Coahuila de Zaragoza, México"
854483338530349056,Kabamur_Taygeta,80602,489,20545,
2778328297,MajorPatriot,291998,92,2664,
1264353259352920064,galacticbeingz,20356,220,33,(Galactic Federation)
3042431139,Nadangelove,21725,1440,23940,"Bonastre, (Tarragona).....""La Tierra""."
973544936342568960,cobrainfo1,34873,772,37614,
515490253,LaLuminista,8505,56,9083,"British Columbia, Canada"
1114231828276240385,ablem1136,9876,8605,13565,
722641135680819202,Gladiador_Anon1,1924,588,1686,Occidente
244802035,cestaticketJP,5609,3757,23195,caracas
1159485370494607362,AlexisPerezChi,4447,4467,16155,"Fügen, Austria"
88940130,jeshua166,2639,1268,39140,Al Suroeste de VENEZUELA
773003748360785920,DonCorneliano2,77919,1055,62063,
1090432162665545730,LuisaSaules,7,117,0,
36760987,Ramnier,29165,389,23738,Venezuela
412547298,manuelmarch,3866,3822,5905,venezuela
67530129,rociosanmiguel,1138336,60450,16093,Caracas
218387076,RCamachoVzla,296767,1120,39104,"Caracas, Venezuela"
