user_id,screen_name,followers_count,friends_count,statuses_count,location
115749048,SecretService,1119019,49,3743,
1237612672373248000,Rothbard1776,172675,358,10995,The United States of America
1325167246222761984,XimenaFuent45,58,1032,263,
1323792841550778371,JeremyAhrens16,907,3167,1057,Oceania 
1315758177766567936,Patriot__Doug,1247,1796,647,Please contribute if you can 
857001662,FiveRights,182089,50193,81392,
24822993,tracybeanz,512083,989,66909,
25216699,proudlittlepixi,608,1071,1138,"Fort Knox, KY"
27915028,AntonioSabatoJr,619832,25531,20894,
212369811,Catalinapby1,18911,20602,175785,U.S.
727651521102499840,KristinMarieH83,3875,4480,25618,"Boston, MA"
12591732,raywatts,17232,6216,186753,South Tookland 
1268575026103672833,YermanRonda,336,1252,11122,
307039459,molmccann,154538,793,6634,"Texas, USA"
953845697970950145,rspell55,3746,4798,27607,
1238881447,SueGrand,2769,4392,10163,"South Carolina, USA"
406290234,Raiklin,185382,107,481,United States
232878666,michaelvagenas,13158,13088,13983,
826065164504006657,mtgreenee,231222,1928,10258,"Georgia, USA"
817950287486861317,MAGAnewsmedia,12009,12896,20172,USA
