user_id,screen_name,followers_count,friends_count,statuses_count,location
940409602155282432,FogCityMidge,107541,3034,6768,"San Francisco, CA"
854882634949943297,FleutyMae,6203,6742,23463,"Augusta, GA"
3166145611,Marsha_4_Trump,7552,7230,168834,
1217605538080534529,maggies65450812,403,194,129,United States
844275558,laissez_claire,4128,4252,52345,
7595102,wretchardthecat,7622,667,55238,
801193447398903808,andrea_sydow,1883,2331,5605,"Texas, USA"
44884247,bsmitch007,34345,34844,6841,"Tennessee, USA"
125210002,Glammytami,10174,10066,115347,United States
193835505,CareyLou114,7587,8341,15044,USA
221121595,JAYBOY6930,6862,7913,318328,Tennessee
2988635099,pdzcompanies,1479,1969,411469,United States
918560396625063936,Dads_Opinions,12354,12769,20436,
873892305538822145,KeithGal0504,9840,10537,58614,
935852660,kim2tex,19407,19607,46698,United States
123942988,cblackroberts,3098,4065,3158,Coastal GA
387152544,jgmccut,970,1481,4215,"Hartselle, AL"
526346146,TinRepublicOfTX,17743,17623,224774,Texas Hill Country
315469915,sheilasheila58,16250,16343,151948,Land of Trump! 
818451103,USA_Rises,6870,7446,40981,"Maryland, USA"
