user_id,screen_name,followers_count,friends_count,statuses_count,location
305651726,pdebdon,16865,659,5874,
866244414695493632,philosophy_the,1831,1122,26271,Scotland
728848709962838016,Yeadoncampaign,13913,631,3588,"Edinburgh, Scotland"
1252620095907659778,saveourrightsuk,14349,427,1120,United Kingdom
1327740359535964161,llpatriot3,15198,8399,16004,
16134235,lucyallan,29434,1640,20363,Telford
1273747073452695553,HedleyLamarr20,568,239,2153,
1109565252193140742,debatenothate2,14564,15484,83260,England
1323243451887030276,GregAndersonred,28251,108,17,Philly
174173804,leonoflondon,940,5001,6940,
616590856,BritishLionRes,1568,2877,1206,British Isles
1337515890343030784,FrontineF,3022,348,1505,Ireland
963075198105907206,GinaPhi94724925,10451,157,4185,
1183075777669189632,36Bags,114,384,1464,The Field
65357102,trussliz,102854,1921,7962,Downham Market
545081356,RichardBurgon,120543,2050,16372,"Leeds, West Yorkshire"
47722134,LisaDaftari,52202,929,42390,
178806519,DrMadej,35222,328,1572,@carriemadej for parler
1133305785910550528,MPIainDS,48266,596,1926,"London, England"
45718934,B2TShow,6354,923,3285,"Dallas, TX"
