user_id,screen_name,followers_count,friends_count,statuses_count,location
1322693567765237761,EzraACohen,107271,61,59,Pentagon
778515525840228352,TeenyLZP,10246,4579,76791,"Arizona, USA 🌵☀️🌴🏜🦂🌵"
256578114,SocialistsSuck1,451,724,17050,everywhere
1881296893,PatrickByrne,198453,175,3524,Inside Deep State's OODA-Loop
3006911745,TinaTomblin,915,1605,16342,"Ohio, USA"
2749570755,__demers99,572,1194,32604,"Virginia Beach, VA"
404874168,anchorinn2,70,1167,577,
832260243111497729,BoboG697,3852,5003,3847,"Detroit, MI"
71073443,Dana_M_Salley,1062,2225,1042,
106911238,ScarletOGray,3040,4768,9116,USA
782619440907026432,n515359,346,1342,6289,"Ohio, USA"
1534810280,BigRicksChucks,485,2050,3779,"Virginia, USA"
32860386,mariewalker,195,406,6692,
948018679459057668,STompkinsJr18,48,67,326,
840381571517448192,CandyCaulton,1165,1586,88132,
777531256267378688,CharlesDplorabl,1443,1831,44822,United States
3094298156,jgilbert764,1548,2179,21946,
2515635117,gaila13ster,366,755,9646,
3994117520,Hadigee1,18547,20398,139258,
1180417136692477952,JohnD_ohh,5837,3877,74078,Boo!
