user_id,screen_name,followers_count,friends_count,statuses_count,location
427148138,nickrod91,3769,4572,2090,
14221620,RattlerGator,58926,3475,123940,"Tallahassee, Florida, USA"
406290234,Raiklin,185416,107,487,United States
711188856943411200,PaulManafort,88829,67,163,"Washington, DC"
2906666380,NCSCgov,83253,145,3611,
1180417136692477952,JohnD_ohh,5838,3879,74157,Boo!
917022784395599872,PeoneDahlia,12180,12615,54227,
19197292,MagentaPixie,16484,459,4673,United Kingdom
958176826765004800,marin82273729,3043,3443,5305,@Marinjournal2020 #FightBack
1293017423671701504,SilversStar17,1662,1818,7426,This Beautiful World 🌎
1242539267169157127,anonpatriotq,113886,5217,24700,
1232070580150640640,WW_NEWS_,23510,372,1699,"New York, USA"
787473361056239616,HarveyStaub1,48428,44797,286944,"Long Island, New York"
1243557882655842304,Lois02039924,1411,4184,3433,
25821785,Praying4Trump45,1607,2456,6383,
191264356,OptimisticCon,7304,1773,58906,
1324579241430798339,BrianTh37895972,29920,381,15201,
1264353259352920064,galacticbeingz,20368,220,29,(Galactic Federation)
1301228838362513410,STSWarriors,3243,4992,7815,"Illinois, USA"
4212906736,mikejarjarbinx,3175,4945,2373,
