user_id,screen_name,followers_count,friends_count,statuses_count,location
1314703570822930432,RealRLimbaugh,632100,1,130,"Palm Beach, Florida"
24822993,tracybeanz,512305,989,66911,
457984599,BreitbartNews,1712646,113,138946,
1163544795618242561,Trumpisright4,3421,4899,12686,Usa
1093774442264707072,VincentCrypt46,299547,912,23881,"Pic is edited, edited for a reason."
187680645,LLinWood,914076,8102,13442,"Atlanta, GA"
1294329107325636608,BrendaTimmons13,1,23,0,
94132483,OcrazioCornPop,86204,44437,637885,
1253030441742991363,jfk_ghost,67322,6,309,
186562905,Kevin_Shipp,143104,87,9095,"Washington, DC"
1089342073176772608,striderraven1,36191,9,22995,"Winston-Salem,NC"
1138020147296317440,vincent_fusca,189702,1,24,
984537447525691392,John_F_Kennnedy,427157,10711,6539,
948025605009879040,CryptoKoba,84247,1,225,"Pic is edited, edited for a reason."
1142421493932052480,Vincent__Fusca,204554,138,324,
1201282115599392769,VFuska,146157,105,564,
1098091506886471680,laralogan,217345,734,4818,
1110684264243302400,GoJackFlynn,227862,5351,18241,
4639413136,marklutchman,309784,564,2942,"Philadelphia, PA"
1241035399012569088,James78141017,128697,718,11055,
