user_id,screen_name,followers_count,friends_count,statuses_count,location
1251638956359385089,DrJudyAMikovits,178181,15,60,USA
172511244,T_S_P_O_O_K_Y,131324,20940,51451,Earth..mostly...
337808606,RobertKennedyJr,225414,594,4066,"Los Angles, California"
2778328297,MajorPatriot,292103,92,2664,
1286487506804973568,freedomfirst,95932,54,282,"Washington, D.C."
1252548951326195716,PlanetaLibre4,2795,4996,7297,Uruguay 
1317628485943226368,MorseCo45505270,3121,725,462,
18066440,USCERT_gov,144266,62,3711,"Washington, DC"
117439544,DefenseIntel,202900,126,2769,"Washington, DC"
964227358218649600,CISAgov,119498,91,1959,"Washington, DC"
56838279,ODNIgov,218751,134,4930,"Washington, DC"
1343178489831284737,Bonnie1776USA,2154,1701,745,"Knoxville, TN"
1082031161076002816,KathyVotesRed,35262,28304,91048,"South Carolina, USA"
498151860,Enigma1746,12875,97,126,
1133781254959239168,SenMastriano,191686,810,897,"Fayetteville, PA"
2906666380,NCSCgov,83236,145,3611,
1011712045027414016,TanakaBonolo,2001,2158,237,"Vaal Marina, South Africa"
1049674159029137408,InnocentChinye5,1002,915,1609,"Harare, Zimbabwe"
916963122488987648,MargereyC,29452,26027,102194,United States
2914940688,lizsfg,6455,3442,15898,Texas
