user_id,screen_name,followers_count,friends_count,statuses_count,location
223368830,POWOM,2,1,1,
1120055925241413632,Watchman61088,13781,65,2188,New Jersey
752493806,MichaelDeLauzon,72386,33880,108298,U.S.A.
105197658,Sammieheals,39912,22746,25803,USA
981979681951043589,JesusChristInUs,7205,6256,13388,United States
1411873562,iamjoppy,35576,12282,5707,Maryland 
1193050470,bobcarson7,28023,30721,57223,
44980610,HeavenRiots,163,381,3333,New York & Orlando
853282422279950336,AustiSteven,190,528,1675,"Pittsburg, CA"
3281306976,trinitysfaith,122260,67000,24882,"Phoenix, AZ"
897963400067784705,MarxismDestroys,6998,6952,11518,
2448449669,jennyjenn1973,4890,5226,9901,
880693901962739712,AMERICANTRUMP2,1885,2518,11225,"Texas, USA"
994678105649369088,realwulfe,44,124,204,U S A
995108612338012161,StanleyAnnQBrik,2827,3593,19410,"San Antonio, TX"
1009943383614291968,Karen43239379,2643,3437,1722,"North Carolina, USA"
162301746,LadyRedWave,88568,30896,502729,USA
54412900,DevinNunes,1369075,728,3137,
15513604,foxandfriends,1340474,1062,93424,New York City
929120966,smdamd,3437,4095,1255,United States
