user_id,screen_name,followers_count,friends_count,statuses_count,location
44385628,gregkellyusa,286451,1463,2992,
990317363915579392,TitaniaMcGrath,603188,986,2788,
1280579580714156032,RobertN06983452,266,2799,323,
1270393778415812608,Latinsportrump,4178,123,688,
457984599,BreitbartNews,1712573,113,138940,
232901331,dbongino,2865986,861,74924,"Florida, USA"
818927131883356161,PressSec,6348915,330,4309,"Washington, D.C."
17995040,benshapiro,3506091,264,162534,
91882544,DineshDSouza,1940221,6002,61633,United States
878247600096509952,RealCandaceO,2836669,22,4731,"New York, USA"
592730371,JackPosobiec,1267022,965,73764,Valley Forge
18266688,TomFitton,1368820,3303,47140,"Washington, DC"
620571475,DanScavino,1309321,776,11855,
949746546299387905,emerysmith33,30166,27,675,"New Mexico, USA"
37489008,david_wilcock,162113,20,581,"Boulder, CO"
37546690,CoreyGoode,80741,78,2723,"Boulder, CO"
989546854118440960,LauraMagdalene4,53610,176,2833,
1108472017144201216,TrumpWarRoom,1276257,285,27151,MAGA Country
259001548,kayleighmcenany,1936787,2284,21771,
818910970567344128,VP,10394442,15,9356,"Washington, D.C."
