user_id,screen_name,followers_count,friends_count,statuses_count,location
1201541272298639360,MaggieMayRose1,5652,2082,14733,"British Columbia, Canada"
1333602922773491712,news_populist,1697,1396,1393,
2337165018,FrankKane11,6734,7344,37385,"North Carolina, USA"
1247243074226585601,JohnWiQ1776,18403,9929,8417,USA
6755552,jacobgrier,5931,710,16937,"Portland, OR"
2352629311,HawleyMO,489128,990,5069,"Missouri, USA"
784868749,MorrisJ65,18490,19999,21176,Americaville
1341438647200002049,mariagoldengirl,651,153,48,
28904844,BarryRChapman,45157,43577,125916,"Valdosta, Georgia"
1317513407881486339,NautPoso,11191,921,5316,
877175080719179778,buildstrong1,7550,7589,45941,
968211836,adgarleyfarm,1413,347,2268,"Ulverston, Cumbria, UK"
1007773818922733568,obryan83,74,588,311,
4230368271,theruffriderz,3725,1080,44011,The Open Road 
1035959764495335424,Cole44749821,5733,6249,17225,"Pennsylvania, USA"
1337531542114078722,JovanHPulitzer,74532,86,1976,
974962644,robjoz83,5600,5061,18361,"Sandy Valley, NV"
1337431472626601987,LeashCustom,108,561,50,Boston Mass
1053708365120110599,RenagadeMaga,4137,4228,1622,"Dallas, TX"
93059852,LeeSmithDC,123955,1538,25011,"Washington, DC"
