user_id,screen_name,followers_count,friends_count,statuses_count,location
1319982185080934400,BenevidesJoe,236,569,380,
1327011208499748866,ConstantineJes2,957,1536,2577,
1285773195065335814,TXFlowerChic,3425,3512,20698,United States
788942777539190784,maggiewise111,40887,42463,62417,
245511351,grieve51166,8606,8844,141957,"Formby, England"
765017702792568833,LapuzzaBill,21934,22163,29387,"Meridian, ID"
1155138401852698625,Butterflylandi2,1148,1262,20889,"Texas, USA"
1012507237594607616,monica_sassy,54597,54034,303930,United States
16385605,Derameth,68968,58854,172194,
415782874,Pal3Z,27500,27180,230517,South East USA
1661094252,13thethe,41228,26902,246350,𝐖𝐖𝐆𝟏𝐖𝐆𝐀
1170161317283553281,Bonedaddy76,30268,30505,46544,United States
1249867401992318977,MelTheBos1,26030,21454,32549,WHitler's mitten 
738401158515953664,mistytx2020,418,581,2998,"Texas, USA"
214924517,NotUnderdog,40177,43193,101494,United States
244674034,Political_QRM,2195,2031,19953,New Hampshire
4345359329,rainedoo,754,510,3267,"Pennsylvania, USA"
1168784746819796992,Etmacd72,2736,2890,4190,USA
236469595,customwww,5535,5996,49480,
114770420,sofinique1,21990,20896,235330,USA
