user_id,screen_name,followers_count,friends_count,statuses_count,location
1337531542114078722,JovanHPulitzer,72025,86,1892,
6742412,jennybethm,105234,19427,26543,"Atlanta, Ga"
97171189,Flores4Congress,3245,2088,6358,17th District of Texas
1324579241430798339,BrianTh37895972,29101,381,15146,
1139166385966374913,HomelandKen,49359,243,3977,United States
1191733036133552128,DHS_Wolf,91220,372,937,USA
1500129642,MattWalshBlog,520289,532,47747,
1207914467637563397,b384n,616,718,607,
4096365088,bstategames,294001,524,6671,
23763207,launa_usa,18077,4317,45861,Earth
2251103190,abigailcfrye,50888,868,1037,"Washington, DC "
149681153,jbinnall,117148,1114,1593,"Alexandria, VA"
349137313,FBILosAngeles,94241,119,3389,"Los Angeles, CA"
2352629311,HawleyMO,484924,990,5069,"Missouri, USA"
840322382837477376,j2klul,47718,49,14,"Chicago, IL"
1313966902704771072,BlueSky_Report,42559,1580,1427,
1326922319193890817,GregOnTheRight,15258,56,81,
363708415,C_C_Krebs,265840,1327,533,
826065164504006657,mtgreenee,231045,1929,10254,"Georgia, USA"
