user_id,screen_name,followers_count,friends_count,statuses_count,location
962074522752077824,rickshawtuna,119,1561,1248,
244159089,peregrinepfp,217,541,5620,United States
49669812,mandiebuds,1828,4971,369,"Denver, CO"
1303878092717469696,TheLennyBruce,930,1409,4350,"Brooklyn, NY"
1010196879131529217,sweetvegannyc,10422,5478,992,"New York, NY"
1145474346409844736,TheLoris2,1079,1235,16148,
1111809331,GregTheC,903,1400,20757,Philly!
1271286556448272384,realfrostylady,2476,396,29018,Oregon
1193787479037530112,Solidarity_Star,14040,9999,70523,
1208635960512122882,dariceypoo,142,3090,146,"Dallas, TX"
80961011,WolfColin,1445,1784,10379,Always eating lunch at my desk
1283079144297857024,AchtBehr,910,2549,5042,Latitude 38
500434899,dcarrolld2,3183,3790,2323,United States
1228437899126816768,ElleDR2,50,199,1505,So. Cal. 
367153157,fishinthezoo,87,234,5714,"Maryland, USA"
1438981411,Spincredible,37,256,465,"Hamburg, Deutschland"
1187193115762925569,JustaskASK2,1572,2790,1312,"Cleveland, Ohio"
1300017678749503488,AntiFashBLM,642,3187,665,Europa
1180085954738098176,ZacharySauer4,328,1537,6538,"Blandon, PA"
1337894411938770945,sapphirehills21,48,204,268,"North Carolina, USA"
