user_id,screen_name,followers_count,friends_count,statuses_count,location
61660254,pritipatel,301956,519,5015,
911360726526189569,KirstyBain65,8566,8039,37252,Our beautiful earth
812032068821647368,Apokolips_MEOW,36,80,4689,
21894370,abaek5,176,625,53,USA
24506246,haaretzcom,392413,1844,364294,Israel
57689645,TraceMayer,65757,0,1757,
931642527110742016,jclcapital,5892,2116,2974,San Francisco
588831916,CryptoCrewU,17035,36,3867,
1287952864585764864,OracleFastMoney,1330,36,1785,TEAMUS_ORACLE@protonmail.com
1957610664,SamRamani2,10715,2866,7106,"Oxford, England"
522571568,NateGeraci,5944,314,7710,Kansas City
26448153,johnkim77,24959,361,41387,Woͦrͬldͩwiͥdͩeͤ
981695348191191040,jonnylitecoin,10042,3122,10869,"Hoboken, NJ"
318020958,BraveTheWorld,17423,989,4128,Not San Francisco
1247629688106881026,NwoArchive,11935,6245,12310,"London, UK"
624627263,tomgatley,1078,667,8586,Cardiff
568425704,MizAmerica3,3272,4558,17261,Georgia
1275933499967455232,BillyTeKahika,1430,11,150,"Te Tai Tokerau, NZ"
108632425,jonathankiwi,158,421,3009,San Francisco
1172578898716037121,meindiva,910,513,13016,Chicago
