user_id,screen_name,followers_count,friends_count,statuses_count,location
1337531542114078722,JovanHPulitzer,72681,86,1892,
44385628,gregkellyusa,286385,1463,2992,
22055226,replouiegohmert,407503,741,8475,
5392522,NPR,8555802,69237,209746,
1155513849031925762,AnonSevere,16178,295,510,
74303349,MarkFinchem,54559,1383,3755,"Tucson, AZ"
1367742536,FarnsworthEddie,6408,434,272,
15937190,AZGOP,91649,2314,21434,"Phoenix, AZ"
1151261114384171008,NationalFile,19438,1133,3352,United States of America
1052225335318712320,annvandersteel,112060,5475,43697,"Florida, USA"
1207874097251639296,CawthornforNC,174101,116,367,"Hendersonville, NC"
1147253398670102529,UncoverDC,100707,71,1878,
58579942,mattgaetz,866611,2707,14441,Order FIREBRAND!
104567779,77WABCradio,17882,492,34067,"New York, NY"
359403242,kelliwardaz,131272,2353,38688,"Phoenix, AZ"
15392486,disclosetv,241898,470,1876,Join our community 👉
275572403,SASCMajority,12118,293,1623,"Washington, D.C."
182430657,HeinzKetchup_US,57487,359,17007,"Pittsburgh, PA"
1605129174,DougDougFood,24310,537,1766,
1400063185,ThomasMoreSoc,13662,273,5179,"Chicago, IL"
