user_id,screen_name,followers_count,friends_count,statuses_count,location
67555681,petersmg1,20814,21016,48202,"Slidell, LA "
919770305370906624,Meowsef420,866,205,15132,United States
881281477060722689,Tmorr8,3567,4543,33118,USA
1203386270010900480,Qplus_17,4300,4728,58511,America
564950566,Jams4theBread,3286,3257,7199,
1132348826566709248,StrategicTrump,6231,6674,6699,
823873267865894913,DavidRM2A,61739,62387,16811,Republic of Texas
1192957101850542080,SteeringL,1487,3175,4556,United States of America
2438831503,ChanelRion,605681,18892,21790,"Washington, DC 🇺🇸🇰🇷"
818948638890217473,RepMattGaetz,1165146,899,7136,
963480595,MarkMeadows,942890,1033,4314,"Washington, DC"
2750127259,RepLeeZeldin,331713,1966,4094,
1354945507,kapnamerica,1828,2191,8156,being tracked by tech industry
27928194,thehhpnet,3438,4894,18139,
770781940341288960,RudyGiuliani,1337559,545,3327,"New York, NY"
41883859,DilaraEsengil,46847,38123,89298,Subscribe free to my blog 👇🏼
1029870852878295040,CatesDuane,58575,4102,161452,CATES COMMAND CENTER
2315583427,EntheosShines,174946,66060,164867,Made Drudge 263 Times Since 08
14313750,1Terry,3901,3964,62735,"Florida, USA"
2241288482,SuicideSeattle,9320,1691,64416,Seattle
