user_id,screen_name,followers_count,friends_count,statuses_count,location
229141520,CortesSteve,202794,588,31977,“MAGA Country”
951078925056307200,13hammers,16597,11994,62631,🇺🇸🌎
1084375028,JasonMillerinDC,268935,3548,49215,"Washington, DC"
1265704029583179782,Jfuenteswx,121,183,1453,
18604137,RonColeman,162917,1131,240537,"New Jersey, USA"
861246117689925633,JohnJamesMI,268895,499,2727,"Detroit, MI"
825337281405923328,Henryhooddavis,81495,1299,15103,Saint Louis Missouri 
1098091506886471680,laralogan,217351,734,4818,
930552552302792705,DanCrenshawTX,1143744,821,2291,"Houston, TX"
70468535,LilaGraceRose,246959,911,17416,"Los Angeles, CA"
1022693675250249729,DrewHLive,137844,165,2241,"Los Angeles, CA"
1326005070,HowieCarrShow,85445,1521,17108,"Boston, MA"
331060519,CBPSouthTexas,25696,39,4986,STC
1259714432,kimKBaltimore,558528,3209,35599,Mary Land
41005810,GulfPower,11952,572,11970,"Pensacola, Florida"
299798272,NHC_Atlantic,910243,76,10280,"Miami, FL"
344425346,TropicalTidbits,73458,503,9913,"Miami, FL"
762389795037294592,TheRightMelissa,534801,2018,53996,
1277984457467858944,GeorgiaPine8,14579,13889,17414,
994999025668521984,rcurtis808,13208,13939,15632,"Hawaii, USA"
