user_id,screen_name,followers_count,friends_count,statuses_count,location
22055109,SteveDoocy,256115,332,6073,Big town on Hudson River
930552552302792705,DanCrenshawTX,1143740,821,2291,"Houston, TX"
829383694976643072,AdrianNormanDC,70496,982,13549,Washington D.C.
190694528,MarineTimLee,10391,1250,23269,"Rowlett, TX"
491719838,TPUSA,470202,33391,25499,The United States of America
2480268229,TheOfficerTatum,614947,1301,6166,"Arizona, USA"
27995424,johncardillo,275224,1269,112251,Florida 
343041182,TomCottonAR,161407,628,5911,"Dardanelle, AR"
1058807868,GovRonDeSantis,664657,1290,4481,
487297085,RonDeSantisFL,300726,1098,3010,Florida
384910109,KimStrassel,489923,494,7306,
213795411,GovWalker,171146,260,13891,Wisconsin
235839823,HerschelWalker,444747,3287,1180,
18584875,hodgetwins,797102,1034,2403,United States
110542860,robsmithonline,206039,403,16786,NYC/FL
33750798,ScottWalker,286542,300,19683,"Wisconsin, USA"
129235890,Lrihendry,401829,7430,360864,
741977462028926976,almostjingo,98926,6842,203895,"Los Angeles, CA"
32626129,KayaJones,455465,19032,68844,America
1035360663391100928,RealWalkAway,99115,32,966,"New York, NY"
