user_id,screen_name,followers_count,friends_count,statuses_count,location
259001548,kayleighmcenany,1937264,2284,21772,
46671731,ginacarano,591239,700,3549,
23022687,tedcruz,4303331,6028,29918,"Houston, Texas"
1314703570822930432,RealRLimbaugh,632184,1,130,"Palm Beach, Florida"
17454769,glennbeck,1410567,451,19161,"Dallas, TX. Rockies, NYC."
429415553,AbigailShrier,56666,947,5840,"Los Angeles, CA"
240393970,RepJeffDuncan,67245,16227,10695,"Laurens, SC"
2874102076,stclairashley,387654,874,6217,"New York, NY"
44196397,elonmusk,41246095,102,13241,
762389795037294592,TheRightMelissa,534946,2017,53997,
18005085,MZHemingway,691917,1313,105205,Justice on Trial: The Kavanaugh Confirmation and the Future of the Supreme Court
695054484083470336,politicalelle,143742,2256,25899,Vagabond
41160276,prageru,582030,6297,50127,Los Angeles
36528126,kirstiealley,1612464,917,78150,Hollywood
112047805,brithume,1269495,820,23482,Southwest Pennsylvania
1176004076,LucasFoxNews,41067,688,20267,Washington
27311044,DanaPerino,2062059,9176,41154,"New York, NY"
794046896,boderek,48097,722,13690,California
46681100,marthamaccallum,680632,869,7694,"New York, NY"
1729714033,dtagovailoa,9514,1141,2648,"Alabama, USA"
