user_id,screen_name,followers_count,friends_count,statuses_count,location
24197214,ihaveatornado,2552,3366,8143,
380608558,JohnBechard,23938,24529,188796,"Portland, Maine"
48001363,hippopotatomus,1489,1054,3848,Near Seattle
1277770504045133824,CharliMac2,440,309,196,
1324576179387588610,Me0wderino,36,201,333,"Charlotte, NC"
66699013,Jenna_Marbles,5209479,71479,14695,Horsehead Nebula
29442313,SenSanders,11121171,2330,22051,Vermont/DC
146569971,CDCgov,3491120,267,29200,"Atlanta, GA"
14499829,WHO,8767034,1726,57947,"Geneva, Switzerland"
939091,JoeBiden,22106175,45,7047,"Wilmington, DE"
812034312908382208,KarriLeighB,1538,1956,4840,United States
783806125,SinclaireU,1404,2970,6340,The Jungle
4902014795,TheWhiterose42,148,167,5737,
923607610527543299,OurMarble1,1278,1520,6123,
1183152785266794496,1GOPWIZARD,2603,2618,32288,"Florida, USA"
1159505375357542407,kathrynanton,276,1058,4639,"Jersey City, NJ"
542040299,etiennubarri,1682,4300,64132,World of DEMS
834163916213198858,JaySchiffman,43404,34161,1907,
307398262,IAmMelissa2,44,449,560,🗺Living & Learning (& FL)
29144339,Stan475,602,2132,2149,"Philadelphia, PA"
