user_id,screen_name,followers_count,friends_count,statuses_count,location
1274065860768882689,OGShe7,340,710,1634,"Washington State, USA"
1881296893,PatrickByrne,199162,175,3542,Inside Deep State's OODA-Loop
82447359,ScottBaio,648512,26522,21743,"West Valley, CA "
1052225335318712320,annvandersteel,112262,5473,43700,"Florida, USA"
1257455794234114048,AwkwardMama1,2309,3239,5905,WATCH CALIFORNIA 
19353158,jim_desmond,6972,286,1608,"San Diego, CA"
856288002435420160,codeofvets,355527,205614,133048,"Murfreesboro Tennessee, USA"
8775672,USArmy,1722181,978,38299,"Washington, D.C."
54885400,USNavy,1524149,1210,30833,The 7 seas!
1329598166161821699,area_17gz,64,164,188,
2912881934,ChristineInATX,878,1148,5644,"Austin, TX"
20078631,MarieWaldron75,8093,1445,2294,"North San Diego & SW Riverside, Assembly District 75"
93059852,LeeSmithDC,123950,1538,25011,"Washington, DC"
1489411698,lebronsonroids,62440,3084,13811,
33417701,ScottFishman,125318,53195,41557,Carolina
1235798663764398081,pissed_red,4176,3220,18880,
704943112217608193,MattBraynard,164629,76,3858,
56836114,JTmor,110522,908,82174,trying to figure it out
1322693567765237761,EzraACohen,107867,61,59,Pentagon
187680645,LLinWood,913684,8102,13442,"Atlanta, GA"
