user_id,screen_name,followers_count,friends_count,statuses_count,location
20545835,newsmax,918333,573,106714,United States
875856268056969216,DC_Draino,444349,391,6409,IG: DC_Draino
14869587,albertmohler,182042,642,25241,"Louisville, KY"
51207002,RickPamplin,153139,157971,137107,N. Palm Beach 🌴 Florida 
826584591037296640,DuckCommanderPR,71841,59,384,"Louisiana, USA"
93902984,Toth_4_Texas,14230,10270,10096,"Conroe, TX"
55028345,CreightonForTX,13468,7359,1571,"Conroe, TX "
14369130,yct,9065,1180,7246,"Texas, USA"
19879161,LeonydusJohnson,116862,2104,17503,Ohio
1112744620247662592,WesleyHuntTX,50274,208,1392,"Houston, TX"
20713061,newtgingrich,2436842,959,16347,
19218053,JennPellegrino,216670,1837,1548,"Washington, DC"
1257142443901726720,realmagahulk,66487,73,97,
18584875,hodgetwins,797143,1034,2403,United States
826233333923209216,MAGAHULK2020,27423,5162,21905,"Lucerne, CA"
376453771,STEPHMHAMILL,148619,10789,8172,"Washington, DC"
204967872,FreeSpeechAmer,86302,787,6334,"Reston, Va."
535643852,JordanSchachtel,101151,985,23607,Washington DC
2438831503,ChanelRion,605683,18892,21790,"Washington, DC 🇺🇸🇰🇷"
112280016,yesnicksearcy,125707,1784,63712,
