user_id,screen_name,followers_count,friends_count,statuses_count,location
1881296893,PatrickByrne,198649,175,3533,Inside Deep State's OODA-Loop
1201670995435646976,laurenboebert,341775,1123,2914,"Colorado, USA"
948025605009879040,CryptoKoba,84243,1,225,"Pic is edited, edited for a reason."
1142421493932052480,Vincent__Fusca,204468,138,324,
1272583252939886594,wintonelee,1194,2926,907,New Orleans Louisiana
1289794820,kdsmdsmom2,81,102,949,"Nevada, USA"
1175314556,usenetconnect,2196,108,29,earth
1006972626433118208,URAnonymous1,673,1150,43369,main acct: @RUANONYMOUS1
143104075,KyleKulinski,416731,1104,73148,New York
949108467448537088,BenChieffonovic,128,267,2641,United States
1183668290557808640,SamiAliAlAmri3,721,771,33,Texas
4312282894,Maximus_4EVR,117488,200,72859,🇺🇸🇪🇸🇮🇹🇰🇷🇬🇧
33905880,neesietweets,26001,25898,233789,America🇺🇸
953111635631095809,SOLID_MAGA,7257,2143,6172,MURICA
751099546873237505,LorrieGGriffin,3889,4991,102185,"Mississippi, USA"
1257816503849611264,JennaBlackfox,9,212,349,
33417701,ScottFishman,125304,53194,41542,Carolina
911782357,astorga_rodrigo,805,1971,32157,Lima - Perú
178195293,MyBrothers111,9366,1130,73488,"DigitalSoldier, USA"
1139616075291774976,sourpatchlyds,58635,793,239,three pocket dimensions
