user_id,screen_name,followers_count,friends_count,statuses_count,location
1213210454882807808,F35demoteam,16010,70,538,"Hill Air Force Base, UT"
22170157,JelloZ,1002,1438,2818,Sane USA
43277789,KennedyNation,409027,8086,22139,Los Angeles/NYC
235251868,govkristinoem,406350,486,7701,
899750691002036224,Kunerishere,54132,52879,25522,United States
1170763067250151424,PeytonHippie,1871,2495,708,United States
1204284617232011264,Sassychickie,44434,44732,96763,
47953083,deniseveliz,1642,2057,9151,"TEXAS, USA"
1287512674956238848,Sunshine_17718,1200,148,1761,Parler: @SunshineTrump
1282340410837413891,CPsmileswork,1138,0,81,United States
2295230972,AshleyBuckeye,4919,5223,9298,USA
26487169,LouDobbs,2327903,2122,36547,"New York, NY"
18458694,schmencat,2427,2880,623,Peoples Republic of CT
1271432548686557185,Here4Qw,267,481,781,
192625058,GatesRobertJ,18459,10240,32579,Kekistan & Merica 🇺🇸
1003322728890462209,MaryWarrick18,8783,3205,207220,
732735895061692416,tboymat3,486,756,4344,
1100627994643709953,memebothuman,2691,4342,1520,United States
341888883,Margsbelle1958,9413,10153,22293,
3447416723,Trump_Girl_NY,9019,8904,2390,
