user_id,screen_name,followers_count,friends_count,statuses_count,location
840322382837477376,j2klul,47710,49,14,"Chicago, IL"
20094138,RealClearNews,229886,1139,23506,
14504859,DuckDuckGo,1667965,1261,43602,
931681289614385158,APhilosophae,29717,1736,18481,
187680645,LLinWood,910765,8103,13441,"Atlanta, GA"
19211550,gatewaypundit,456286,1509,115158,"St. Louis, Missouri"
2353605901,GOPChairwoman,1057378,2577,17140,
722528529716383744,ACTBrigitte,317802,2069,8515,USA
1235570123102138368,specialman2020,819,4967,411,
172511244,T_S_P_O_O_K_Y,131319,20941,51451,Earth..mostly...
810698204375293953,GenRickDeMarco,21808,20780,11943,NJ
255850156,HSRetoucher,79574,3288,53629,United States
148655479,SamOMacBJJ,164,689,1416,
1226515350801481728,redwhitebluesk1,3505,4948,4631,"Texas, USA"
931286316,ScottPresler,922800,39586,82676,Make Kindness Cool Again
2869695357,nikib1498,5523,2224,15972,"Dallas, TX"
38495835,marklevinshow,2894506,6,27734,Underground Bunker
15250661,newscomauHQ,550927,4242,256437,Australia
224319236,Baltahji,2342,20,18535,Internet
2727779559,JoeHinkson,3345,4790,9570,"Fort Worth, TX"
