user_id,screen_name,followers_count,friends_count,statuses_count,location
720293443260456960,Trump,552280,50,921,"New York, NY"
3267456386,ColumbiaBugle,192549,84909,99891,"The Swamp, DC"
116579971,GadSaad,286603,230,93644,"Montreal, Canada"
1137957898741403648,AnonymousSage1,25077,4675,102242,Earth
3170244077,simplythebestRR,5445,5615,40849,Philly Burbs
1089308757035794432,RedEaglePatriot,30342,432,14932,"Detroit, MI"
719581669607378944,LilyNCali,31948,25734,18982,SoCal by way of Florida
1256370532334911489,Patriotic_Storm,4836,3377,90556,"New York, USA"
1093774442264707072,VincentCrypt46,299593,912,23881,"Pic is edited, edited for a reason."
2443175295,jlshine5,34042,13065,118447,
910003499546566658,NoqReport,22236,14101,133035,"Laguna Niguel, CA"
32663555,boxersforlife,47704,47613,355001,"Virginia, USA"
149681153,jbinnall,117355,1118,1593,"Alexandria, VA"
1327072008702545920,JIsKing4,75,258,412,
4631081772,sammig1956,32,295,1099,"Kansas City, MO"
187680645,LLinWood,914841,8102,13442,"Atlanta, GA"
1230114955602616320,Maximil86429959,953,1244,7255,Dublin Ireland
24822993,tracybeanz,512385,989,66911,
1264322286149963776,TimeIsRunningL1,9181,8684,9660,@DevinNunes Test Center
2346311317,whaleswarrior,36001,649,47607,"Chicago, IL"
