user_id,screen_name,followers_count,friends_count,statuses_count,location
909527010904600576,Kaydenkross__,1098,217,75,UnKrossed.com
883637822502121472,Lizzy_MAGA,29,233,209,
45190383,newsbusters,215653,670,144941,DC Metro Area
28614262,townhallcom,194720,1171,69739,Washington D.C.
20545835,newsmax,918218,573,106710,United States
1310836384962355200,elaines19139291,23,160,993,"Nashville, TN"
1243906755429576706,TriciaEason2,7,0,3,
51330648,eyelovebeer,80,375,1071,
1216313854881419264,TheOnlyDwags,72,119,260,
83932539,prayingmedic,481088,107868,78882,"Phoenix, AZ"
263264172,cwags5,9,27,85,Chicago
29879847,GabeKunda,10220,1182,53774,"Dallas, TX"
1009269193,RepLipinski,19825,2490,4354,
730693248147030016,bitchute,74881,750,3026,Everywhere
47293791,w_terrence,1206544,673,6183,United States
1072575250490122241,choosemycareorg,12212,1,650,
612602046,anne_triplett,316,42,730,
15745368,marcorubio,4290912,2577,14394,United States
931286316,ScottPresler,922788,39587,82678,Make Kindness Cool Again
2176476241,AinsworthKeith,50862,54835,4632,
