user_id,screen_name,followers_count,friends_count,statuses_count,location
1334300969266507782,BobbyPiton3,118544,66,1662,
1273076653057589249,Allenma15086871,26045,8208,18137,Fort hood TX
1316218894927888384,PepeNewsNow,57267,2077,9814,
1286474751028887554,CorinneMurdock,261,191,760,
1139029234163245056,Brick_Suit,44189,452,9565,"San Diego, CA"
2847221717,DNI_Ratcliffe,429634,859,29,"Washington, DC"
56838279,ODNIgov,218769,134,4930,"Washington, DC"
32201297,mirandadevine,99148,4765,24274,"New York, NY"
23763207,launa_usa,18074,4315,45887,Earth
3187002704,WarNurseMusic,81,281,71,
1193251639530049536,mil_ops,219959,15006,8355,FEMA Region VI 
1310296137342038017,tafkag,36010,380,8024,
1195522112645222400,kingkat77,4554,137,916,
534881613,Annakhait,334275,1055,41654,United States
278145569,MarshaBlackburn,312829,2282,10014,"Brentwood, TN"
816683274076614656,SenJohnKennedy,181758,1334,2415,Louisiana
1023204990603743233,scienceismymuse,54667,1710,19402,
193352925,Lisa_Matassa,122984,2672,12258,New York • Nashville 
35039490,MarkDice,694286,368,10338,MAGA Country
1109474685027315713,dewayne01174401,12983,6626,2855,Tyler Texas
