user_id,screen_name,followers_count,friends_count,statuses_count,location
34367582,TimRunsHisMouth,325579,55755,38348,Parts Unknown
1100266332283559936,vcdgf555,16258,538,21396,CCR over CCP ✌
1146605125,Brian_Riedl,10364,786,8812,Washington DC (originally WI) 
1248019741312155649,TX_WalkerRanger,138030,10752,6214,"MAGA, USA"
1881296893,PatrickByrne,198999,175,3537,Inside Deep State's OODA-Loop
1013085265857048578,8Revolt,28543,1812,23233,United States
93318440,carlocwec,3783,4829,148635,Planet Earth
129235890,Lrihendry,401990,7430,360870,
26635563,MrMerriman,2691,4998,5599,"Calhoun, Georgia"
393190233,LeahR77,285959,91665,431100,"Florida, USA"
