user_id,screen_name,followers_count,friends_count,statuses_count,location
988573326376427520,SecPompeo,2737507,49,3680,
1139574829802090496,TheRealOJ32,912724,36,246,"Las Vegas, NV"
1043185714437992449,catturd2,506725,15088,51183,
95092020,jordanbpeterson,1745218,110,15475,Toronto
963480595,MarkMeadows,942746,1033,4314,"Washington, DC"
2281325286,Techno_Fog,362454,1759,4279,
1285949564437041157,MsBevelynBeatty,78913,4,88,
375721095,Breaking911,833415,0,302,Nashville
986781648,jeffsessions,99396,101,1406,"Montgomery, AL"
20545835,newsmax,918056,573,106702,United States
586707638,SidneyPowell1,1241609,1983,107792,USA
235839823,HerschelWalker,444709,3287,1179,
2411942305,ChristianWalk1r,147664,400,10121,IG: @christianwalk1r
259001548,kayleighmcenany,1936598,2284,21771,
292695870,monicalangley,4000,11,168,
44196397,elonmusk,41243430,102,13241,
32626129,KayaJones,455455,19032,68844,America
46233559,rosemcgowan,1022363,5362,14408,Planet 9
1209936918,OANN,1729984,78,132055,
1032464083268841473,CharriseLane,98062,1104,23409,"West Orlando, FL"
