user_id,screen_name,followers_count,friends_count,statuses_count,location
978265628426432512,parlertakes,171339,1195,7846,Parler
1210270689380442112,DoverZmore,27,221,2100,The Netherlands
14362404,bradheath,122641,1211,43428,Washington
9130642,erikmouthaanRTL,126362,749,52361,New York
22052276,JanPostmaUSA,7535,2256,31555,"Washington, DC"
234745426,willemschilder,173,544,6142,De Wereld
4211625232,JamesCarville,206848,330,465,"New Orleans, LA"
360743972,BrandyZadrozny,91187,3641,5973,NYC
102594136,oneunderscore__,161067,6894,42913,"New York, NY"
297100174,anneapplebaum,310295,488,24629,"Warsaw, London, Washington"
30826525,BrentTerhune,348307,4689,21939,
15576928,goldengateblond,349600,1699,70333,san francisco
139162440,pattonoswalt,4764804,3982,50095,Los Angeles
340613382,NYinLA2121,72254,969,35172,
19084896,TheRickWilson,1250107,6228,331634,"Florida, Man."
14642495,sarahcpr,2432365,3233,38736,"New York, NY"
1205226529455632385,ProjectLincoln,2732043,761,8943,The United States of America
564919357,iamdevloper,418441,0,6093,Localhost
22084427,robdelaney,1578279,3465,65380,"London, England"
20136749,DeSpeld,264689,936,13424,"Amsterdam, The Netherlands"
