user_id,screen_name,followers_count,friends_count,statuses_count,location
187680645,LLinWood,909374,8105,13441,"Atlanta, GA"
1342449524468559872,Warrior4God1776,212,439,2493,
1298447371571834880,Aussie_Bloke25,1185,1758,2235, Melbourne Australia
1314521593062719488,Gwen47293361,9,65,256,
1270531866634878977,RealTina40,214828,763,2955,"Bronx, NY"
20545835,newsmax,918091,573,106705,United States
1334968632644931586,MidnightSmiter,10669,209,267,
1201242798126555136,MrsC_Assange,62404,3097,4677,Australia 
1209936918,OANN,1730071,78,132055,
82447359,ScottBaio,648370,26523,21742,"West Valley, CA "
1295118701533048844,TrumperWavin,81912,3281,11082,Ezekiel 21:27
620571475,DanScavino,1309149,776,11855,
1318463341677993984,richardgibb8,56392,1442,3774,SLAVES NO MORE 
2281325286,Techno_Fog,362473,1759,4279,
2847221717,DNI_Ratcliffe,429417,859,29,"Washington, DC"
22703645,TuckerCarlson,4634676,97,4044,"Washington, DC"
1060487274,RepDougCollins,554750,1000,5419,"Gainesville, Georgia"
39349894,EricTrump,4544898,1050,7250,
1241411200975613952,OrderOfAlpha,7182,2996,3888,"Qumran, Dead Sea. "
871174110826704896,Bholly57,312,648,566,
