user_id,screen_name,followers_count,friends_count,statuses_count,location
250532982,MNPDNashville,92560,43,4337,"Nashville, TN USA"
4312282894,Maximus_4EVR,117631,200,72864,🇺🇸🇪🇸🇮🇹🇰🇷🇬🇧
807309197348077568,thewillwitt,101175,104,6437,"Los Angeles, CA"
592730371,JackPosobiec,1267169,965,73764,Valley Forge
306245449,TNattygen,4777,257,539,Tennessee
1211358100688535552,CornFedWheeler,3536,4860,9264,"Trump Tower, USA"
1061417624414883840,SerenityClark18,149,237,1515,
2835451658,MrAndyNgo,837919,821,18430,
805658922656956417,Matteo_Rici,232,394,2730,Phi 1.618
187680645,LLinWood,914077,8102,13442,"Atlanta, GA"
14308180,robert_spalding,107954,3137,20567,"Washington, DC"
1322992755380027392,Awakening1444,1302,829,1837,
1634050974,demetrius_dgray,336,1235,1273,"Nashville, TN"
1126507306521374721,DemetriuesH,101,341,623,"Dallas, TX"
165039823,Peoples_Pundit,225183,5266,82522,"Florida, USA"
726936092746743808,ASimplePatriot,37295,36415,151915,"Texas, USA"
2516015603,BornInTheUSA21,1603,4003,400,
63382251,Dani112233,685,2074,6546,
3146495441,misseycomo_8,1570,3359,633,
1226977942657433601,Scott88810335,733,1303,37625,"Michigan, USA"
