user_id,screen_name,followers_count,friends_count,statuses_count,location
2835451658,MrAndyNgo,837868,821,18429,
877985300466745344,JosephJFlynn1,418355,3536,4774,"Florida, USA"
1236248222588338176,c2019y4,2684,0,284,
2862104285,DevilDog8541,22909,19911,27834,USA
21986885,MarkMeckler,22508,105,9783,Texas
364139978,disneydoc911,6988,6425,29,
1130898927417532416,MissionRollCall,163038,93,554,"Atlanta, Ga"
372372537,AlanDersh,339237,143,1653,"Cambridge, MA"
818948638890217473,RepMattGaetz,1165196,899,7136,
770781940341288960,RudyGiuliani,1337617,545,3327,"New York, NY"
911931618646003712,tsmitty1964,958,1685,4206,United States
18956212,FAIRImmigration,468463,1316,43104,"Washington, DC"
83932539,prayingmedic,481095,107868,78882,"Phoenix, AZ"
1131917492,JudiciaryGOP,147267,717,14650,"Washington, D.C."
704320143824953344,senjudiciary,98014,17,3824,
515846981,JusticeOIG,40788,152,1358,"Washington, D.C"
3497104932,USAttyHuber,91192,96,497,"Salt Lake City, UT"
1025447036835885056,US_SpaceCom,107213,340,1560,
759081003168112640,jonvoight,512962,9,90,
4069285767,jameshintonswag,2404,1800,14732,"Maryland, USA"
