user_id,screen_name,followers_count,friends_count,statuses_count,location
962444833120968704,mariee54843086,340,2842,10,
533227013,JamesGurley1,2169,3649,1508,Gulf Coast MS
302877784,PoliticlMadness,65505,59551,19903,"Rockwall, Texas"
1056224205371523072,lucyp001,1875,1902,1648,US
1058261472466296832,BrianMorritti,142,1163,2,New York NY
477174486,ezridersos,19537,21079,304342,"Iowa, USA"
32891358,TXwarriorGiGi,10097,10421,75281,Texas
403864026,PatriotAZ25,4713,4963,8686,"Arizona, USA"
967484831608246273,LillithEv3,2186,4298,243,United States
1062451607546355714,trumpxmascard,496,2191,12,United States
3370124451,webwitch357,2157,2333,6491,
1037801115214077957,dani61200389,1105,1762,5032,"Wisconsin, USA"
864431330,strataharmony,6945,7638,14468,
1358403553,willy_x1,3185,3456,5068,NE Florida
775041843054514181,mwam1993,32216,30620,173031,https://secure.winred.com/djt
2694112951,NurseVeteran2,9451,9574,28115,"Ireland, Spain & VA"
1027409054950453249,StevenGibes,4906,4825,24875,"Illinois, USA"
402912676,jimaggie93,17942,19690,52978,"Texas, USA"
1056937519,peden_c,8290,9138,99926,Lapover Pack Camp
955082653216145408,Badeye69,19347,18562,13537,"Kentucky, USA"
