user_id,screen_name,followers_count,friends_count,statuses_count,location
445763068,_WilliamsonBen,19105,1969,7912,Washington DC
1295173121696124928,centrright4trmp,5965,575,7813,Arizona 
1337531542114078722,JovanHPulitzer,74863,86,1976,
1157277186988171264,DanielsCongress,37148,1682,701,United States
967806961164185601,Johnheretohelp,113018,4199,19061,Just Outside My Mind
705624502848221186,theodwest,1602,2117,30942,United States
2301891810,Mickeegee2020,25156,11736,22367,United States
1142421493932052480,Vincent__Fusca,204593,138,324,
1322693567765237761,EzraACohen,108008,61,59,Pentagon
817849161840205826,ChiefScesney,8767,252,418,"Grand Prairie, TX"
3499821328,yohiobaseball,7353,4344,135561,www.donaldjtrump.com
804032266179661824,genocsp,3292,4990,53489,
1237612672373248000,Rothbard1776,172884,358,10997,The United States of America
870785290553700352,AndrewHGiuliani,61241,340,1389,United States
895411770105491457,NoSpinNews,71177,104,2478,
868533711368667136,Maximus_Legacy,40391,97,6346,🇺🇸🇪🇸🇮🇹🇰🇷🇬🇧
139556111,KathrynDennis,196108,583,7842,"Charleston, South Carolina"
1323237811349188609,Dylan18212,28,249,2481,
1144221158532964352,displaced_ATX,42283,337,1447,They/She
22869693,SchmittNYC,90943,272,9007,NEW YORK CITY
