user_id,screen_name,followers_count,friends_count,statuses_count,location
42109478,1CheekyChick,1743,2324,24631,"Seattle, WA"
1141757627375980546,m14812199,2340,4716,16342,
797821053904916480,Bdanout55,1708,2212,26503,
93637779,AdamMilstein,167559,63582,37882,Southern California
3303875630,EverTheBeverly,6171,6789,80175,Deep in the heart of...
711627609344516096,JohnTrumpFanKJV,51240,42166,248554,Florida
792425445929078788,SickoftheSwamp,61577,64871,151336,
734168909553766405,AnnaApp91838450,113816,79288,477093,"New Orleans, LA"
778309058,GHeadicus,3614,4844,12846,
1184571439405551617,OnThePoarch,10336,6669,5862,
87107894,BWDeadcat,7248,7711,30673,GOD BLESS AMERICA!
937079886866391040,Jamesnathanham2,24535,25294,33226,"Kentucky, USA"
767095177,sullivantodd308,2360,2609,75186,
1083551928821448710,RedWingGrips,64636,29705,48699,Over The Target
1089549196015927297,MaxPowersUSA,1927,3191,59244,United States
47293791,w_terrence,1206501,673,6183,United States
297020175,JipeFIN,5324,1229,4613,Finland
533360549,RandallRossow,2789,4978,85381,Buck Ridge Wisconsin
784566226999767040,HindmanDebra,4291,4987,186713,"Texas, USA"
579987858,SeesInPixels,5355,4008,23073,
