user_id,screen_name,followers_count,friends_count,statuses_count,location
877985300466745344,JosephJFlynn1,418054,3535,4768,"Florida, USA"
982675379319132160,JohnWHuber,330834,98,12562,Redacted
1314703570822930432,RealRLimbaugh,630731,1,130,"Palm Beach, Florida"
763462543306129408,sue_meadows11,23440,24270,152365,Pacific Northwest
45666763,BrowningArms,20989,9,814,"Morgan, Utah"
1967647519,ritonoptics,4167,361,2409,USA
166415648,lynxdefense,3247,797,1556,"North Carolina, USA"
180447818,KVARCorp,3294,1095,3400,"Las Vegas, NV"
54314033,UmarexAir,8650,488,1928,"Fort Smith, Arkansas"
928094329,PDWdefense,23699,841,30243,
570321375,SportsmansWH,7071,193,789,Utah
21981169,_INFERNO,10486,781,25793,"LA, International"
14328590,johnhawkins,6032,1124,8865,Daytona Beach
463879360,AmSuppressor,6894,49,1995,
10126672,USMC,1504514,277,16245,"Washington, D.C."
8775672,USArmy,1722153,978,38297,"Washington, D.C."
2248872301,NSAGov,855308,158,3106,"Fort Meade, MD"
66369181,DeptofDefense,6327927,460,31062,"The Pentagon, Washington, D.C."
2359926157,CIA,3206002,33,4829,"Langley, VA"
15647676,DHSgov,2187605,409,16997,"Washington, D.C."
