user_id,screen_name,followers_count,friends_count,statuses_count,location
15392486,disclosetv,241784,470,1874,Join our community 👉
1161456229744611328,VieveUnleashed,92,167,2524,Planet Earth
14067467,forrestmaready,17218,428,4556,North Carolina
399104864,MarkPMernaII,55,72,60,"Pinckney, MI"
1341923076049666048,DonTrum71314661,100,369,1,
1156474736307650560,Awakening5d,9669,98,1053,
741113412357357568,CoralineElise,35379,6586,26323,333
1125482587063975937,joyinliberty,11622,7769,30626,"Kennewick, WA"
1291809344011612163,BZulu17,12033,1014,5014,
925183853110661120,FightingMonarch,7817,7741,42681,JOIN THE RESISTANCE!!!
705319350,Rajean57,11419,12540,301110,"Cassville, MO"
1338250993062973440,MermanEthal,18761,1111,1405,
2868370994,Suzi3D,32086,978,58256,"Moscow, Russia"
1249740839837937666,QBeliever3,10186,10252,14795,
1318463341677993984,richardgibb8,56318,1441,3774,SLAVES NO MORE 
1343312417070051329,CowboysBack,4028,145,112,Arizona
1221823705988378626,themassescape,282,588,2079,
842890976045674497,DebraSueJ,27,184,39,"Anchorage, AK"
586707638,SidneyPowell1,1241529,1983,107792,USA
1291639398270984193,JulieG38099629,2749,4395,13019, USA
