user_id,screen_name,followers_count,friends_count,statuses_count,location
1090345498664423431,leg_record,24,220,1101,
988859068747075584,lynnqmama,5296,5826,8711,At my house
736465157447155712,LtrDaySaint,31,31,3300,اَنْدرِاَنْ
1300775980831825921,GameDevopl,2194,2290,16,
1342703421653045251,readinvincible,179,341,819,Australia
3410313374,MeatsWarren,1745,4045,1774,Tornado Alley 
1132827453984952320,WulumGames,5675,5155,4095,"Calgary, Alberta"
1303151233579061249,lilchunguzz,42,678,2303,
140343554,iRTuan,93,624,1619,
56543837,iSTIZO99,700,678,73220,USA
1260977873093038080,420WeedWorld2,965,3469,1098,USA
1339036735519531009,GaysLoveTrump1,121,0,2265,Santa's Workshop North Pole
31058407,CiBabs,24541,267,20297,"Los Angeles, CA"
1331414832940077057,y0_eleven,53,122,49,United States
1337822275517755392,mikesoloink,23,86,7,"Copperas Cove, TX"
1293570922922745857,zeroxeclipse,346,357,232,
1311671198627983362,thesavageeevee,509,1181,11630,Wano’s Barbie Traphouse 🏚⛩
771926602267623424,KingpieceR,332,772,1024,Moon
883089133534457858,IzzyLighto,1209,1301,4077,"Inland Empire, CA. "
1090049263705436161,prince_vash,3456,4538,7345,"Austin, TX"
