user_id,screen_name,followers_count,friends_count,statuses_count,location
1071161643600613377,KatSienk,819,406,5013,
1083770013801213959,HelmusMarilyn,111,446,407,
883702978175057920,keke201707,22071,6472,17049,Nature
1085250996731867137,ira_vsya25,6471,886,16333,"Киев, Украина "
2912990464,NikoLas_112,21882,5224,297438,"Киров, Кировская область"
1325826683556032513,UrbanGi64,2224,636,5036,
1254711682649272321,Cornubian2,657,160,6767,
29916776,aimeefoster,303,1381,2423,
54303075,TheSolariReport,34897,780,16527,"Tennessee, USA"
1221177987682447363,MBaran83910791,18,62,1632,United Kingdom
3857592978,RadiatewithRay,1221,1072,356,
391883330,WakeTheUnicorns,1171,3068,7035,not Russia
1342581699998339073,truthislove420,30,239,7,
1312961732160126982,MShahrazadi,754,706,630,
1303049152855789569,CharlieSigler3,9,36,74,
3235948263,JonnyVamExplore,3679,4995,49632,
617056525,BrneyTrouble1,301,1436,11649,
1285605379137626112,Tuka10377885,32,97,639,Inter dimensional
38477807,JennBeautiful,2466,1863,89573,
3143015258,ItsAmberSimone,2134,406,2322,Tanzania
