user_id,screen_name,followers_count,friends_count,statuses_count,location
996833500836827138,JonesPinkerton,679,1199,15165,"Ohio, USA"
741741671453364224,JudithRobin3,960,1655,5691,"Roscoe,  IL"
1212806053907185664,TheLeoTerrell,440070,456,3802,Los Angeles
778763106289758208,JennaEllisEsq,881024,1279,27835,"Washington, DC"
44385628,gregkellyusa,286369,1463,2991,
895954495116644352,tom2badcat,88746,4419,8242,United States
30226357,toni5515,335,479,1665,Milwaukee
791372612106616832,pjdk206,826,2968,27543,United States
1338250993062973440,MermanEthal,18780,1111,1406,
1239622688261509120,Elky_Style,1426,781,7724,Hunting... 
865095797431427075,We_Have_Risen,53551,5563,21189,
1088436554807287819,HYVEE7,38079,235,33279,FORWARD UNTO DAWN
454568718,MSieron,544,1024,12400,Maine
1067066818010013704,Freedom4thekids,427,571,3699,"Maine, USA"
1312036582422196224,ArtOfWarNews,47510,309,4427,"Florida, USA"
242828495,45thSpaceWing,42651,145,5242,"Patrick AFB, Florida"
2153506646,HappyMacGirl,1648,1841,3849,"WWG1WGA, USA"
55066569,sandraspringer,6848,5981,171969,"Tigard, OR"
870785290553700352,AndrewHGiuliani,61240,340,1389,United States
1256681760013811712,KyddPatriot,151,287,8077,
