user_id,screen_name,followers_count,friends_count,statuses_count,location
782017586519166976,mean__mark,1352,1423,17565,
18559431,jmclghln,20579,879,5536,USA
1337531542114078722,JovanHPulitzer,74860,86,1976,
1334300969266507782,BobbyPiton3,118487,66,1662,
1256718394663096320,ZNeveri,13968,14,5730,
1225779630,BeholdIsrael,157839,60,9516,Israel 
22434517,HillelNeuer,123162,700,26246,"Geneva, Switzerland"
2477389177,mrileytrades,15346,86,754,"Phoenix, AZ"
540106220,1GoldenBuckeye,5629,5270,174623,"Ohio, USA"
19742444,FosterFriess,12251,362,717,"Jackson, Wyoming"
2347115762,ZenSund,2041,3804,48289,Pacific Northwest
2280647311,amandas1297,3053,3807,14567,"Bentonville, AR"
1881296893,PatrickByrne,199396,175,3543,Inside Deep State's OODA-Loop
1062719958336106496,SafelyRescued,579,669,11058,
2788918472,tfarnanlaw,1793,126,2196,"Pittsburgh, PA"
374426962,OohFa,24111,24771,52134,41d 7' 25 x -73d 23' 40
237299871,RepMoBrooks,99642,1368,3831,Alabama
1050459109202518016,cain_nate,112445,17060,8124,"West Virginia, USA"
449974837,JohnMappin,164069,6214,48913,"England, United Kingdom"
1052225335318712320,annvandersteel,112297,5473,43700,"Florida, USA"
