user_id,screen_name,followers_count,friends_count,statuses_count,location
1321927396971421701,SusanStJames3_,13307,9846,532,
1175051306236600333,HonorOurVetsUTK,203,793,36,
1019863238673092608,peggycormier3,447,1040,902,"Texas, USA"
971770935668871168,RayBurn69480289,250,704,5110,"VERBENA, Alabama"
1085225533623783424,KanekoaTheGreat,90170,4172,10317,Hawaii
2812797948,ItalyQanons,21948,4350,31476,
1336133398889377793,POCG9,4508,3801,4035,Earth 
939190598497644544,JuddPDeere45,42961,363,7412,"Washington, DC"
1288319695658135552,realstewpeters,62862,82,1358,"Minneapolis, MN"
469348125,danhill2011,63605,63208,42695,
4184152827,scotty_kiker,66595,67899,98086,Funny Farm😂 
759081003168112640,jonvoight,512388,9,90,
708665434556469248,unctarheels5633,17415,14540,390355,"North Carolina, USA"
596050685,SherryMAGA,50536,1037,98734,USA
233376656,gopoundsand1234,59389,61696,205692,United States
3566899109,CCalabreseTCH,591,686,5326,"Huntington, NY"
1179184634304835585,patr10t2the,9641,8399,4440,
1152739736764735488,fookcu_f,34905,35073,34628,
1310330562356207616,Charlie04631543,1450,2724,1223,
359061329,CryptoADavid,1455,496,23562,
